lat,lon,year,month,day,SIC,CHL,SST,Sal,u,v,npp,nitrat,SIT,mlotst_glor,Cgla_c1c2,MLDaverCHL,MLDaverSal,MLDaverSST
85.8578,115.7711,2019,11,9,0.9645962715148926,0.0709960758686065,-1.6739054918289185,30.84819602966309,-0.0511523410677909,-0.0161761101335287,0.0,3.212486743927002,0.9500818848609924,23.09221076965332,8.196749235444548,0.0714305117726326,30.18169403076172,-1.6344506740570068
86.166,118.227,2019,11,14,0.9783825874328612,0.0626886561512947,-1.6610422134399414,30.63224220275879,0.0111448774114251,0.0240217950195074,0.0,4.3255109786987305,1.0596696138381958,24.59598731994629,0.0,0.06514964252710342,30.06188201904297,-1.631557583808899
85.7396,120.9073,2019,11,21,0.9540293216705322,0.0669047981500625,-1.659895658493042,30.56249046325684,-0.0353489927947521,0.0231679528951644,0.0,4.116815090179443,1.023350715637207,24.59598731994629,0.0,0.07102099806070328,30.072837829589844,-1.6340922117233276
86.1571,116.5699,2019,11,28,0.9529979228973388,0.056927740573883,-1.6666854619979858,30.71424102783203,-0.0815925970673561,0.0269431751221418,0.0,4.5313801765441895,1.0874395370483398,28.64965057373047,0.0,0.057930637151002884,30.217084884643555,-1.6397150754928589
86.1438,121.2296,2019,12,5,0.9732382893562316,0.0526759512722492,-1.6611336469650269,30.539100646972656,0.0446010753512382,-0.0104940496385097,0.0,4.645870208740234,1.1834795475006104,28.64965057373047,0.0,0.05842443183064461,30.121505737304688,-1.6353310346603394
86.6885,112.4111,2019,12,21,0.9859321713447572,0.0864238888025283,-1.686775803565979,31.05740165710449,-0.0121157523244619,0.0186085905879735,0.0,5.763665676116943,1.2412450313568115,23.16758346557617,0.0,0.06675226241350174,30.409832000732422,-1.6512922048568726
86.6568,115.9333,2019,12,26,0.991952419281006,0.083783209323883,-1.6747034788131714,30.79994201660156,0.0150886652991175,0.0156857538968324,0.0,5.859366416931152,1.2824681997299194,28.52758026123047,0.0,0.06398807466030121,30.299867630004883,-1.6455516815185547
86.836,116.4545,2020,1,2,0.9837442636489868,0.0776875466108322,-1.6704055070877075,30.78243064880371,-0.0162206999957561,0.0888633728027343,0.0,5.849670886993408,1.2985820770263672,33.23696517944336,0.0,0.07665714621543884,30.329303741455078,-1.645330786705017
87.1211,114.9623,2020,1,7,0.9837753772735596,0.0779061764478683,-1.6756256818771362,30.88838195800781,-0.0063030836172401,0.015251318924129,0.0,5.638174533843994,1.2748063802719116,29.01112937927246,0.0,0.07657230645418167,30.360618591308594,-1.6467894315719604
87.406,105.1544,2020,1,14,0.984514057636261,0.0793423876166343,-1.7074294090270996,31.592077255249023,-0.0318274013698101,0.0839190706610679,0.0,5.292816638946533,1.3634580373764038,24.59598731994629,0.0,0.06756024807691574,30.926300048828125,-1.6718127727508545
87.4883,96.2384,2020,1,21,0.9733759760856628,0.0718171745538711,-1.7253488302230835,31.80952835083008,-0.0277996100485324,0.073014423251152,0.0,5.328989028930664,1.3580875396728516,24.59598731994629,0.0,0.06139690801501274,31.000978469848633,-1.6793831586837769
87.4718,95.1586,2020,1,29,0.9838797450065612,0.0666391178965568,-1.721864104270935,31.7959213256836,0.0175268612802028,0.0389451682567596,0.0,5.307052135467529,1.3984384536743164,24.59598731994629,0.0,0.05683484673500061,31.057846069335938,-1.6770566701889038
87.4748,95.2696,2020,2,4,0.9654862880706788,0.0635878220200538,-1.703743815422058,31.79830741882324,0.0377053432166576,0.0513289086520671,0.0,5.317550182342529,1.4135571718215942,28.64965057373047,11.538501296819645,0.05562611296772957,31.158153533935547,-1.665080189704895
88.1027,77.3279,2020,2,18,0.9780922532081604,0.056505411863327,-1.7286059856414795,31.979248046875,-0.0409455075860023,0.0812449157238006,0.0,5.425068378448486,1.4548476934432983,33.23696517944336,0.0,0.05565914139151573,31.498228073120117,-1.7021061182022095
88.0748,27.1287,2020,3,7,0.9920681118965148,0.0501291379332542,-1.7540584802627563,32.30495834350586,-0.0770754367113113,-0.0086642671376466,0.0,5.42561149597168,1.5601590871810913,38.38710021972656,0.0,0.04943712428212166,31.885595321655273,-1.7312878370285034
87.5194,21.3296,2020,3,12,0.9595084190368652,0.0439212322235107,-1.7552320957183838,32.53129196166992,-0.1286359131336212,-0.0566252581775188,1.280245953694248e-08,5.801718235015869,1.6002980470657349,38.38710021972656,0.0,0.04333088546991348,32.1079216003418,-1.73159658908844
84.416,13.6967,2020,4,17,0.9635440707206726,0.0273736137896776,-1.8427317142486568,33.97543716430664,0.0273581445217132,0.0033480576239526,0.0057748421095311,5.419369697570801,1.7243471145629885,38.38710021972656,2.589752647953317,0.0270458422601223,33.657596588134766,-1.825200080871582
83.883,17.9696,2020,5,3,0.9203290939331056,0.0295648071914911,-1.8631514310836792,34.08979415893555,0.0237402264028787,-0.0339912697672843,0.0199434626847505,5.602304935455322,1.7175225019454956,39.46763610839844,2.586215758769751,0.029178114607930183,33.75840377807617,-1.8414411544799805
83.3894,9.1069,2020,5,16,0.9554876089096068,0.0308590903878211,-1.8715535402297967,34.11988830566406,-0.0066681141033768,0.001491229282692,0.0102322651073336,5.68416166305542,1.6926552057266235,33.730506896972656,0.0,0.030481748282909393,33.707698822021484,-1.8211007118225098
81.9366,9.4472,2020,5,30,0.9265241026878356,0.0380020774900913,-1.88800048828125,33.715389251708984,0.0258515123277902,-0.062977634370327,0.0907550528645515,6.989273548126221,1.4900964498519895,10.767897605895996,3.5714408525869463,0.03552908077836037,32.42478942871094,-1.7635226249694824
82.2167,8.3075,2020,6,16,0.9671931266784668,0.0451990254223346,-1.843589782714844,33.57588577270508,-0.0534735508263111,-0.0670035630464553,0.0878104865550994,6.754716396331787,1.4508153200149536,12.644289016723633,0.0,0.04269606992602348,32.267459869384766,-1.7717140913009644
81.9507,9.8904,2020,6,27,0.8839350342750549,0.060227382928133,-1.839553713798523,32.856101989746094,-0.05607520788908,-0.0221387427300214,0.2735567390918731,7.535438060760498,1.3435816764831543,10.767897605895996,0.0,0.05721956491470337,31.555234909057617,-1.7378385066986084
81.7669,8.8789,2020,7,1,0.8918178677558899,0.0730574801564216,-1.8707884550094604,32.53199768066406,-0.039176806807518,0.0157530792057514,0.3258813321590423,8.603718757629395,1.292974591255188,10.767897605895996,0.0,0.0691656842827797,31.336336135864258,-1.7382129430770874
81.6093,3.3908,2020,7,8,0.9182005524635316,0.133804440498352,-1.7993159294128418,32.73246765136719,-0.0857678651809692,0.0338166654109954,0.6652031540870667,8.309425354003906,1.2052985429763794,10.767897605895996,0.0,0.12244639545679092,31.213539123535156,-1.7152414321899414
81.2253,0.2828,2020,7,16,0.882671058177948,0.174058049917221,-1.8151731491088867,32.11235427856445,-0.0460804030299186,-0.0663741081953048,0.7765437364578247,7.496453762054443,1.139177680015564,10.767897605895996,14.565362117560571,0.2311774045228958,30.963741302490234,-1.6971232891082764
80.3382,-0.7041,2020,7,23,0.842237114906311,0.3118225038051605,-1.8172372579574585,31.67011070251465,-0.0429471097886562,-0.0491710603237152,1.9331403970718384,8.189326286315918,1.0715125799179075,10.767897605895996,0.0,0.29567891359329224,30.59037971496582,-1.6686906814575195
79.6104,-2.2602,2020,7,27,0.7206599116325378,0.6963426470756531,-1.837021946907044,31.163707733154297,-0.0371604785323143,0.0229040719568729,5.659956932067871,7.283268451690674,0.9680039286613464,10.767897605895996,16.67411380932789,0.6410606503486633,30.508115768432617,-1.5794328451156616
88.2975,-34.6857,2020,8,17,0.8218266367912292,0.2747396230697632,-1.6492911577224731,29.94702339172364,-0.0297125000506639,-0.0067113987170159,0.9217087030410768,6.017441272735596,0.7455286979675293,10.767897605895996,60.74141463757234,0.261593759059906,28.57518196105957,-1.563645601272583
87.8372,104.9938,2020,8,18,0.9153192043304444,0.367374062538147,-1.677257776260376,29.87294578552246,-0.0089760897681117,0.0624923594295978,3.708080291748047,1.9491660594940183,0.5511302351951599,10.767897605895996,25.046282200809607,0.3630220592021942,28.7076473236084,-1.562290072441101
88.9362,-35.7963,2020,8,18,0.8877284526824951,0.2367987036705017,-1.6668219566345217,29.810890197753903,-0.0370786599814891,-0.0108626885339617,0.6285940408706665,5.935804843902588,0.614672064781189,10.767897605895996,12.153864077478405,0.2485300749540329,28.521451950073242,-1.5626201629638672
88.5853,120.0252,2020,9,3,0.9423428773880004,0.8714773654937744,-1.6396726369857788,30.220178604125977,0.1035602912306785,0.0958046317100524,5.855086803436279,4.067583560943604,0.4634588956832886,10.767897605895996,86.39214929756758,0.8294613361358643,28.819528579711914,-1.5624995231628418
88.7131,107.5931,2020,9,10,0.945823073387146,0.7584139704704285,-1.6528340578079224,30.307559967041016,-0.0156122026965022,0.0838672146201133,3.980828523635864,3.621561527252197,0.4219391345977783,12.893508911132812,16.67411380932789,0.7347973585128784,29.191316604614258,-1.5886372327804565
89.0036,101.5266,2020,9,14,0.9764864444732666,0.7795036435127258,-1.6399415731430054,30.23780632019043,0.1056467369198799,0.0251363664865493,2.1009109020233154,3.7967448234558105,0.4146706163883209,16.41172981262207,34.38343187807047,0.7452548742294312,29.31938362121582,-1.589468002319336
89.0898,109.4483,2020,9,16,0.9792180061340332,0.929234504699707,-1.6465038061141968,30.335378646850582,0.0117674386128783,0.0123967211693525,2.4093642234802246,3.930638551712036,0.4138945639133453,13.483963012695312,45.01567348184786,0.8857794404029846,29.213470458984375,-1.5841429233551025
86.0445,59.6025,2020,9,24,0.5633755326271057,0.2821320593357086,-1.6658811569213867,31.46012687683105,-0.0084735499694943,0.0589464418590068,0.4023032188415527,2.2270524501800537,0.4889820516109466,16.651798248291016,511.6664177545565,0.2735971212387085,30.517305374145508,-1.6133683919906616
85.9549,48.3734,2020,9,25,0.9039983749389648,0.263006716966629,-1.6729480028152466,31.422069549560547,-0.01851187646389,0.0091788573190569,0.3913226127624511,1.977027416229248,0.2366737425327301,15.682546615600586,89.30977457372416,0.25783059000968933,30.827125549316406,-1.6204053163528442
80.367,-1.88,1993,7,24,0.763722956,0.072203085,-1.790066123,30.90821266,3.768062219,-3.743152693,0.224564537,4.059624672,2.890336514,10.767897605895996,466.37205216,0.07128223031759262,30.400497436523438,-1.4853477478027344
80.35,-1.142,1993,7,27,0.695095301,0.069318704,-1.829801917,31.25005341,2.380304784,-8.122640103,0.222925201,4.161532402,2.913307905,10.767897605895996,191.55789477,0.0662064477801323,30.520246505737305,-1.5203332901000977
80.45,-1.258,1993,7,28,0.798435688,0.064543411,-1.794423223,31.59296608,1.040055603,-5.59351258,0.176558703,4.294377327,2.883977652,10.767897605895996,48.00490359,0.06922014057636261,30.390050888061523,-1.5009896755218506
80.45,-1.285,1993,7,29,0.818229079,0.06545236,-1.769573092,31.66513824,-0.850090291,-5.988288671,0.162152007,4.307881832,2.854165554,10.767897605895996,160.24895493,0.07017562538385391,30.39654541015625,-1.5014431476593018
80.45,-0.347,1993,8,3,0.835489511,0.07050392,-1.743409634,31.77873993,5.119758472,-4.602368921,0.092923723,4.328045368,2.793973207,10.767897605895996,2037.0814211,0.07257071137428284,30.884140014648438,-1.537760853767395
79.717,-1.488,1993,8,8,0.712092459,0.121548273,-1.576223969,31.68519211,-13.49289268,-16.76257551,0.620803416,4.03309679,2.589445114,10.767897605895996,137.31786442,0.10406354069709778,30.475704193115234,-1.386568307876587
80.4,-1.363,1993,8,10,0.766432524,0.085573368,-1.759065151,31.61728668,1.541091967,-4.721508175,0.275211751,4.220774174,2.950524569,10.767897605895996,1187.0454491,0.0949624702334404,30.393007278442383,-1.5525710582733154
80.167,-8.198,1993,8,11,0.0,0.320128292,0.379276037,30.09116364,-2.942287736,-1.383254956,0.811224401,3.669818878,0.0,10.767897605895996,1243.6092181,0.3628409206867218,29.01849365234375,-0.7671429514884949
80.417,-1.273,1993,8,11,0.772156179,0.087210707,-1.750166416,31.55394745,1.173126511,-2.659955621,0.188567907,4.186051369,2.949560642,10.767897605895996,438.2155571,0.0975799486041069,30.399307250976562,-1.5519795417785645
79.533,-1.272,1993,8,12,0.801334739,0.131376699,-1.485694289,31.2905941,-3.63428928,3.957238421,0.186750755,4.350925446,2.358864069,10.767897605895996,226.01257507,0.1230817437171936,30.1617488861084,-1.3451123237609863
81.2,30.6,1993,8,12,0.902318716,0.042383119,-1.799343467,33.04972839,4.569705203,7.523192465,0.092215136,6.125071049,2.197918653,10.767897605895996,192.05741466,0.03755335882306099,31.60065460205078,-1.6760045289993286
81.45,34.5833,1993,8,13,0.924040437,0.09027373,-1.808954716,32.98962784,2.210236527,5.77416569,0.14993538,7.308752537,2.189626217,10.767897605895996,328.06818329,0.08993884176015854,31.589466094970703,-1.7052011489868164
81.6667,30.2667,1993,8,13,0.921532989,0.079427041,-1.807796359,32.89669418,2.919641696,5.485231429,0.136221066,6.37765646,2.360297918,11.590051651000977,3664.978153,0.06517942249774933,31.427261352539062,-1.7113436460494995
82.2,30.8833,1993,8,15,0.925199926,0.076848283,-1.804710269,32.85079956,3.231508285,1.811432652,0.099384472,4.807967186,2.431868792,17.550704956054688,64.02859709,0.07786782830953598,31.763652801513672,-1.7450377941131592
82.75,40.25,1993,8,18,0.974322438,0.074401386,-1.827760458,33.29526901,-3.676892072,-0.280234963,0.084015206,4.425434589,2.44187355,10.767897605895996,0.0,0.05782530829310417,31.68355369567871,-1.7262684106826782
82.15,42.0333,1993,8,20,0.934324682,0.056899004,-1.805170298,32.70385742,-4.684749246,0.283134216,0.057604704,3.873542786,2.352491856,10.767897605895996,360.0775023,0.06658705323934555,31.31969451904297,-1.6961669921875
82.0167,43.5667,1993,8,21,0.92914629,0.067811422,-1.801475644,33.00543976,-5.110646039,3.155636415,0.081207499,5.893901348,2.310924768,10.767897605895996,160.002324718,0.08126556128263474,31.690425872802734,-1.6281354427337646
77.8867,101.655,1993,8,27,0.826038301,0.496938288,-0.950897396,29.35671997,-20.66973746,1.84733551,2.725336313,0.162392452,1.745444894,10.767897605895996,0.0,0.7690929174423218,30.527563095092773,-0.7139716744422913
76.5,133.3333,1993,9,1,0.0,0.294554204,-0.039492287,27.4822731,6.150963902,5.705683306,0.426620483,0.013755139,0.0,14.881208419799805,0.0,0.48603567481040955,25.274431228637695,0.5653969049453735
78.7167,132.35,1993,9,2,0.814886749,0.513066947,-1.404529452,28.77054405,1.853515953,2.059536614,2.198517084,0.202803299,1.231810451,10.767897605895996,0.0,0.46808212995529175,27.28497886657715,-1.2965373992919922
78.3833,133.0667,1993,9,4,0.615281105,0.409546196,-1.335618615,27.87159157,9.150357544,7.07661435,2.859324694,0.130960017,0.948225498,10.767897605895996,0.0,0.327851802110672,26.552867889404297,-1.228653907775879
78.0667,133.55,1993,9,5,0.000968468,0.434600651,-0.669411123,28.39993477,-8.393461257,-6.170397252,3.026691675,0.173736498,0.001977071,10.767897605895996,0.0,0.41447189450263977,27.123186111450195,-0.6584831476211548
78.1,133.5167,1993,9,5,0.000968468,0.434600651,-0.669411123,28.39993477,-8.393461257,-6.170397252,3.026691675,0.173736498,0.001977071,10.767897605895996,0.0,0.41447189450263977,27.123186111450195,-0.6584831476211548
78.1433,133.3867,1993,9,5,0.121682502,0.372051388,-1.104687929,27.92731857,-4.205006361,-2.967902087,2.437078238,0.114257917,0.576702118,10.767897605895996,0.0,0.4147542417049408,27.01219367980957,-0.7925830483436584
77.4,133.5833,1993,9,6,5.33e-08,0.248752981,-0.692200661,28.73410416,-2.502418123,-0.911221374,1.078154206,0.020098474,0.000234197,13.762656211853027,0.0,0.23551686108112335,26.92013168334961,-0.0957547202706337
77.9,133.5667,1993,9,6,0.003892459,0.425149828,-0.686695695,28.15102386,-0.475117564,-2.861140482,3.578494787,0.160297051,0.053875975,10.767897605895996,0.0,0.3287687301635742,27.414031982421875,-0.5554985404014587
77.0333,126.4,1993,9,7,0.7345137,0.461440384,-0.100275509,27.44788361,4.141164571,-0.015375367,3.395470381,0.11677371,0.879528224,10.767897605895996,0.0,0.4762743413448334,26.190519332885742,-0.25596484541893005
77.1833,126.2333,1993,9,8,0.824950397,1.029387236,-0.61509347,27.14147758,8.797352761,0.563119026,9.322826385,0.54119581,1.101989627,10.767897605895996,0.0,0.511877179145813,25.848068237304688,-0.3332015573978424
77.1,126.3167,1993,9,9,0.781964779,0.580657423,-0.753293455,26.66904831,16.40557647,-4.114647582,4.03754282,0.195928082,0.869794726,10.767897605895996,0.0,0.5526701211929321,25.669960021972656,-0.6298879981040955
77.1333,126.3833,1993,9,9,0.817759931,1.02703619,-0.979321301,26.98440933,14.12923038,-4.824183136,7.708728313,0.536087155,1.021413088,10.767897605895996,0.0,0.5526701211929321,25.669960021972656,-0.6298879981040955
77.7333,125.7667,1993,9,10,0.925011098,1.660772562,-1.383132815,25.97733498,1.946590468,-13.79884332,12.02041721,1.109506965,1.372570992,10.9860200881958,0.0,1.5367600917816162,24.9350643157959,-1.3401541709899902
79.25,122.8833,1993,9,12,0.886690557,0.844023943,-1.678983927,30.74425888,-1.630349271,-3.816132247,4.21497345,1.022369623,2.027229548,15.215269088745115,0.0,0.5890989303588867,29.343341827392578,-1.56093168258667
79.1833,119.9,1993,9,13,0.886471331,0.544854999,-1.664661765,30.25851631,-4.915602505,0.03017979,1.524325252,0.505478144,2.015467644,15.215269088745115,0.0,0.561669111251831,28.767173767089844,-1.5971088409423828
78.6667,118.5667,1993,9,14,0.911065817,0.737597585,-1.431446075,29.93887711,-3.760308027,1.952487975,2.121415615,0.642200232,1.914794087,12.138108253479004,0.0,0.8642711043357849,28.67388153076172,-1.283879041671753
78.0,118.7333,1993,9,15,0.96794486,0.991147518,-1.633161783,29.86838341,-1.432247553,1.754737645,2.498499632,2.099617481,1.630738854,14.672905921936035,0.0,1.0498601198196411,28.280248641967773,-1.6659767627716064
77.5667,118.4333,1993,9,16,0.949905694,0.718097389,-1.660582185,28.58120728,-1.52191557,-2.859680541,1.598104596,3.601930618,1.548404336,10.767897605895996,0.0,0.5835111141204834,27.346376419067383,-1.4495630264282227
77.4,118.1833,1993,9,17,0.938210249,0.597973049,-1.591629863,28.6291523,0.862419792,-2.68050544,1.340600371,3.90376544,1.570434451,10.767897605895996,0.0,0.45339101552963257,27.300249099731445,-1.6218377351760864
77.1833,118.7333,1993,9,18,0.97519815,0.499503464,-1.742171049,28.23532867,-0.30209485,0.604190212,1.199846506,3.85461092,1.515428901,10.767897605895996,0.0,0.4540210962295532,27.4721622467041,-1.6857936382293701
77.2667,118.5333,1993,9,18,0.975142479,0.489290982,-1.745710731,28.33872986,-0.289712241,0.652288273,1.191311598,4.126121521,1.529504895,10.767897605895996,0.0,0.46723538637161255,27.16796112060547,-1.629124402999878
78.2667,109.25,1993,9,20,0.829511106,0.359292686,-1.504518867,31.25871468,-1.023653243,4.013823345,0.740675569,4.216912746,2.087313175,10.767897605895996,0.0,0.3429061770439148,29.81562042236328,-1.4326345920562744
78.4667,110.8167,1993,9,20,0.944472849,0.389457971,-1.680695772,31.23440742,-3.200599551,4.693439603,0.701212764,4.576813221,1.936716914,10.767897605895996,0.0,0.3352918326854706,29.819467544555664,-1.3677175045013428
78.7,112.5333,1993,9,21,0.99457413,0.4109945,-1.815206766,30.92388535,-3.94529067,8.408164233,0.60961777,4.332740307,1.934684277,10.767897605895996,0.0,0.35155919194221497,29.580446243286133,-1.5337491035461426
78.75,112.7,1993,9,21,0.99262768,0.401302814,-1.791667342,30.87448311,-3.8953159,8.226820081,0.612438679,4.212311745,1.935828209,10.767897605895996,0.0,0.35155919194221497,29.580446243286133,-1.5337491035461426
78.5833,111.3667,1993,9,22,0.946774662,0.38334915,-1.649107933,31.23029137,-4.392358288,4.986773059,0.569321096,4.504003525,1.892712831,10.767897605895996,0.0,0.3657970428466797,29.785335540771484,-1.5677852630615234
70.5002,20.0063,1995,1,21,0.0,0.040141329,5.801272392,34.37010574,12.2765936,1.760810986,0.000101277,5.851354122,0.0,133.12744140625,0.0,0.039895445108413696,34.24888229370117,5.808857440948486
72.001,19.6883,1995,1,21,0.0,0.036203042,5.99369812,34.92079544,10.48232764,-0.228935177,0.0,9.150446892,0.0,125.4287338256836,0.0,0.03634345903992653,34.797542572021484,6.021562576293945
73.4998,19.3372,1995,1,22,0.0,0.029142682,4.796006203,35.01455688,1.539210137,9.754032642,0.0,11.00595093,0.0,112.74694061279295,0.0,0.028867630288004875,34.81050109863281,5.166277885437012
72.0,19.68,1995,3,8,0.0,0.134106696,5.130639076,35.05980682,1.027381141,6.017854065,0.404796958,10.09889889,0.0,219.2582397460937,0.0,0.16678857803344727,34.66007995605469,4.942575454711914
74.0,19.22,1995,3,9,0.0,0.103847794,3.716709614,34.82525635,0.719888415,8.51695165,0.465188473,9.515347481,0.0,93.80575561523438,0.0,0.044704992324113846,34.840824127197266,4.52625846862793
63.66,2.34,1995,3,18,0.0,0.393727273,6.15015173,35.12467194,18.39132011,6.216731668,1.660402656,11.49556446,0.0,71.70201873779297,0.0,0.25738459825515747,35.10482406616211,7.023232460021973
64.175,1.1333,1995,4,14,0.0,0.550048888,4.046311855,35.04994202,10.28057113,-8.15654099,6.832716942,8.682665825,0.0,55.80620956420898,0.0,0.5506777763366699,34.75898361206055,4.481466770172119
64.425,0.5667,1995,4,14,0.0,1.087389708,3.962039948,35.07667923,10.24235636,-5.281977728,13.07763958,10.15952969,0.0,65.10472869873047,0.0,0.9296471476554871,34.799415588378906,4.389469146728516
64.4255,0.5685,1995,4,22,0.0,1.253236771,4.067047119,34.8947525,1.962647587,-2.312998287,21.25158501,9.144054413,0.0,35.82880401611328,0.0,0.8768369555473328,34.447471618652344,4.839946746826172
64.6658,0.0035,1995,4,22,0.0,1.301138043,4.04551506,34.91863251,0.8486256,-4.199477285,19.97784042,9.361351967,0.0,41.61515045166016,0.0,0.9001802802085876,34.46421813964844,4.472133159637451
64.176,1.133,1995,4,23,0.0,0.582923532,3.914883375,34.88616562,6.847670674,-4.663430527,13.58620644,8.013641357,0.0,30.98509788513184,0.0,0.6019096970558167,34.51902389526367,5.810232162475586
62.4828,4.9353,1995,4,24,0.0,1.856868744,5.853089809,33.94026566,-10.25438979,-0.360398763,36.15843582,2.251668692,0.0,17.240131378173828,0.0,0.9935331344604492,32.95836639404297,5.60704231262207
62.6,4.6833,1995,4,29,0.0,1.513469219,5.673074245,33.87008667,1.351314317,-0.202404894,31.94656372,2.626081705,0.0,31.74881935119629,0.0,1.473509669303894,33.147491455078125,5.52321720123291
63.065,3.6667,1995,4,29,0.0,1.928352356,6.144327641,34.11871719,7.226151973,3.043015301,44.80649948,2.092718363,0.0,15.878637313842772,0.0,2.0057711601257324,32.898895263671875,5.858668327331543
63.1883,3.3967,1995,4,29,0.0,2.267446041,7.16925478,35.01737213,16.79442823,-1.858530194,49.61009216,6.428672791,0.0,21.32620429992676,0.0,2.176945686340332,32.76580810546875,5.841567039489746
63.9467,1.6817,1995,4,30,0.0,1.235561013,5.231077671,35.03072357,8.690374345,-3.352585807,20.47024345,9.254875183,0.0,38.55956268310547,0.0,1.0122846364974976,34.86130905151367,6.736140251159668
64.1717,1.1417,1995,4,30,0.0,0.560801864,4.65609026,34.95992279,2.044220641,7.118602842,11.51342487,7.838613987,0.0,43.84903717041016,0.0,0.65115886926651,34.54176712036133,4.948681354522705
64.4167,0.5867,1995,4,30,0.0,0.676623583,4.340120316,34.90922928,-0.327581563,2.778378874,11.96356964,8.529026031,0.0,44.60904312133789,0.0,0.5585392713546753,34.503387451171875,4.482295036315918
64.6633,0.01,1995,4,30,0.0,0.734699667,4.440781116,34.91898727,-1.262858603,5.133330822,12.37585163,8.708629608,0.0,39.60283660888672,0.0,0.588592529296875,34.51262664794922,4.374581336975098
62.95,3.9167,1995,5,22,0.0,1.166090488,7.293618202,34.01486588,36.11489236,20.17816305,27.89931297,1.294564009,0.0,10.79167938232422,0.0,0.5978320837020874,32.90309524536133,7.042280197143555
63.1917,3.4,1995,5,22,0.0,1.543269277,7.608015537,34.89500427,9.875553101,2.494442463,27.88430977,5.081094265,0.0,13.06088924407959,0.0,1.4488595724105835,32.4041862487793,6.878982067108154
63.3167,3.1,1995,5,22,0.0,1.669354796,7.325938702,34.38949966,13.24016601,11.61737889,26.55948067,5.277628899,0.0,11.110889434814451,0.0,1.593519687652588,32.845726013183594,6.991128444671631
63.6917,2.25,1995,5,22,0.0,1.732022047,6.923212051,35.15429688,7.21616596,6.168552488,19.6744957,6.651701927,0.0,33.157081604003906,0.0,1.6553391218185425,34.70277786254883,6.91579008102417
62.3667,5.2,1995,5,23,0.0,1.438999057,7.720831394,33.88354111,9.229703248,9.916191548,32.83899307,0.296490192,0.0,11.838936805725098,0.0,0.9897956252098083,32.26365280151367,6.965098857879639
62.7167,4.4333,1995,5,23,0.0,0.55909729,7.533340454,33.6696167,15.34421146,21.02669477,8.06714344,0.03547946,0.0,12.15691089630127,0.0,0.4803248643875122,32.0202751159668,6.945367336273193
67.0,-5.25,1995,6,17,0.0,0.944600701,5.047514915,34.83158493,-4.903556779,15.75338691,13.68805313,7.056860447,0.0,10.767897605895996,0.0,0.9040225744247437,33.1392707824707,4.837390422821045
67.0,-1.0,1995,6,20,0.0,0.512427866,7.039095402,34.9422493,9.147062898,2.864943072,9.988772392,6.51353693,0.0,21.14680290222168,0.0,0.5172804594039917,33.915794372558594,6.681343078613281
73.9972,19.2128,1995,6,20,0.0,1.474783182,4.311194897,34.71982193,2.008093335,4.807695001,22.87619209,2.631560564,0.0,14.964585304260254,0.0,1.365902066230774,34.02604293823242,5.498373985290527
64.6628,0.0012,1995,6,25,0.0,0.595218241,7.975422859,34.91175461,6.390126795,-2.674486116,12.383955,5.707177162,0.0,21.72134017944336,1024.126512,0.506754994392395,33.96078109741211,7.621972560882568
62.9465,3.9237,1995,6,26,0.0,0.333581328,11.26954746,34.38869476,10.04548594,10.78997925,15.06375122,1.182424188,0.0,10.767897605895996,0.0,0.4566710889339447,31.92491912841797,10.568949699401855
63.1892,3.4032,1995,6,26,0.0,0.450529873,10.92721462,34.88178635,-6.004515663,2.851519361,15.34836578,2.819540262,0.0,10.767897605895996,0.0,0.35172948241233826,33.20844650268555,10.470243453979492
63.95,1.6765,1995,6,26,0.0,0.669105053,9.108551979,34.94156265,21.24927044,14.19032365,18.91884422,4.146224499,0.0,11.745941162109377,0.0,0.6423066854476929,33.513938903808594,9.291742324829102
64.1763,1.1285,1995,6,26,0.0,0.42137447,8.992086411,35.04534531,7.056104392,-8.147487044,12.05747604,5.187650204,0.0,11.422924041748049,0.0,0.6607574224472046,33.37995147705078,8.13757610321045
63.1917,3.4,1995,7,12,0.0,0.332087278,10.60513878,34.47948456,-15.21049738,1.024325844,11.49341011,3.076774836,0.0,14.623862266540527,0.0,0.35181790590286255,33.60905075073242,10.306862831115723
62.6,4.6833,1995,7,13,0.0,0.183588624,11.2709589,33.27023315,-6.307864934,2.662097849,2.393254995,0.006863271,0.0,14.130510330200195,0.0,0.1688431203365326,31.97565460205078,10.90745735168457
73.5,19.3333,1995,8,28,0.0,0.389974803,7.20937252,34.95182037,1.38414586,3.972973302,6.876507282,1.417680502,0.0,31.47047233581543,0.0,0.3990060091018677,34.31991195678711,7.2186384201049805
74.0,19.2167,1995,8,28,0.0,0.472884744,4.810782909,34.47731018,-9.199019521,5.3557951,7.061847687,1.208424926,0.0,21.02720642089844,0.0,0.5464734435081482,34.02509307861328,5.787100315093994
72.0,19.68,1995,10,3,0.0,0.388974011,6.89768219,34.75894928,6.682488322,-4.112890363,4.354908943,4.425761223,0.0,45.32582473754883,0.0,0.35461539030075073,34.34095001220703,7.095465183258057
73.5017,19.3283,1995,10,4,0.0,0.388576746,5.069581032,34.65680695,2.420007251,-7.96764195,4.636667728,2.384376764,0.0,30.977048873901367,0.0,0.353293240070343,34.10014724731445,5.000514030456543
73.995,19.2167,1995,10,4,0.0,0.410778224,3.75143981,34.40322495,8.384602517,-6.676452607,4.394122601,2.531589746,0.0,34.574832916259766,0.0,0.38553565740585327,34.16805648803711,4.725553512573242
72.25,19.6167,1996,2,1,0.0,0.026825858,4.687452793,34.99256134,-9.842167795,-5.275351927,0.000613517,11.18207836,0.0,220.669662475586,0.0,0.026400355622172356,34.90635681152344,4.9506144523620605
73.5,19.3333,1996,2,1,0.0,0.037394851,3.684252262,34.95159531,-3.337482736,2.808202431,0.0,7.726016045,0.0,133.61749267578125,0.0,0.03157508000731468,34.81471252441406,3.8367085456848145
73.82,19.2633,1996,2,1,0.000140603,0.03793757,2.447122812,34.81399155,-1.964391023,-0.671254518,0.0,7.58677578,0.000453286,102.18711853027344,0.0,0.035154737532138824,34.65054702758789,2.48591685295105
73.4983,21.7333,1996,2,25,0.0,0.031216498,2.651493073,34.91531372,1.86059922,-3.386098891,0.049745411,10.7244482,0.0,224.6313323974609,0.0,0.030112657696008682,34.7632942199707,2.89145827293396
74.0,21.9,1996,2,26,1.59e-06,0.029707791,1.954269648,34.65872955,5.567069724,5.034065619,0.025430208,10.85638046,3.81e-06,12.655771255493164,0.0,0.027500662952661514,34.83566665649414,2.9241816997528076
74.5,22.05,1996,2,26,0.384606928,0.037754767,-1.023217082,33.92184067,3.106043488,4.001888633,0.018589368,7.458170414,0.340184957,15.686664581298828,0.0,0.032495416700839996,32.40756607055664,-0.6325673460960388
75.745,28.1483,1996,2,27,0.902124405,0.028179595,-1.441325426,33.92441559,11.21180654,5.662414059,0.003935597,10.68644238,1.614829421,21.407751083374023,0.0,0.027365995571017265,33.113521575927734,-1.4014257192611694
76.3,27.25,1996,2,28,0.968098521,0.03230191,-1.723548532,33.92768097,5.157016963,4.459929094,0.004179575,9.061733246,1.847461343,30.93043327331543,0.0,0.03175109997391701,33.385650634765625,-1.6624484062194824
76.4,27.25,1996,2,29,0.962705076,0.033046246,-1.782876968,33.94077682,-3.728689998,-1.669803634,0.008293398,6.775660038,1.967446923,41.06208801269531,0.0,0.03167317435145378,33.35151290893555,-1.6734412908554077
76.55,26.5833,1996,2,29,0.954408646,0.033645187,-1.778290033,33.94358444,-4.084600881,-2.845755406,0.008971894,6.63205862,1.944673657,31.746889114379883,0.0,0.033073198050260544,33.41138458251953,-1.7351785898208618
76.5333,26.5333,1996,3,1,0.950290978,0.033648532,-1.786674857,33.94377518,-3.145252541,-1.312899124,0.009071258,6.588162422,1.982952952,32.53058624267578,0.0,0.03307709842920303,33.425148010253906,-1.739345669746399
76.5333,26.55,1996,3,1,0.950290978,0.033648532,-1.786674857,33.94377518,-3.145252541,-1.312899124,0.009071258,6.588162422,1.982952952,32.53058624267578,0.0,0.03307709842920303,33.425148010253906,-1.739345669746399
76.55,26.65,1996,3,1,0.953063667,0.033615626,-1.78272295,33.94335556,-3.075106069,-1.267474424,0.008783466,6.550195694,1.989953995,34.2833366394043,0.0,0.03307709842920303,33.425148010253906,-1.739345669746399
76.5333,26.5633,1996,3,2,0.951298058,0.033596888,-1.794308662,33.94519424,-2.939947508,3.186074644,0.005913916,6.574676991,1.988656282,31.417123794555664,80.00988259,0.033014144748449326,33.40764617919922,-1.746799111366272
76.8333,27.0,1996,3,2,0.94654727,0.033391323,-1.831757069,33.94445419,-3.297549114,3.254363313,0.004588437,6.333401203,2.027311087,35.765995025634766,0.0,0.03290310874581337,33.4722785949707,-1.7913117408752441
76.8333,28.5833,1996,3,2,0.949216008,0.029842883,-1.746270061,33.91204834,-4.728900269,5.631475151,0.004348889,9.876121521,1.919817686,34.82063293457031,0.0,0.02938295342028141,33.42750930786133,-1.7081152200698853
77.15,27.0,1996,3,2,0.943763494,0.03412858,-1.829844594,33.92626953,-2.80776117,2.66422499,0.004455919,6.181954861,1.926344156,39.33845520019531,320.0395302,0.03302064538002014,33.61517333984375,-1.80670964717865
77.5167,27.0,1996,3,2,0.948049486,0.031908821,-1.826209068,33.84298325,-2.410853282,2.427800931,0.004048904,5.998691559,1.862529159,30.426034927368164,0.0,0.03149298578500748,33.288570404052734,-1.789592981338501
76.5167,29.5167,1996,3,3,0.966239333,0.0289906,-1.64100945,33.98591232,-3.479129821,11.78168803,0.003793316,10.49436569,1.799280882,23.784461975097656,0.0,0.02839251048862934,33.273284912109375,-1.5922564268112183
76.5333,26.5,1996,3,3,0.95398277,0.033471882,-1.795192838,33.94740295,-1.272097416,7.86010623,0.004193344,6.584821701,1.967366576,31.506755828857425,0.0,0.0329163521528244,33.41085433959961,-1.7511144876480103
76.8333,22.9667,1996,3,3,0.934534132,0.03298175,-1.726486802,33.9659729,-1.635020599,8.08037743,0.003165826,5.804121017,1.160314083,17.23986053466797,0.0,0.03200080990791321,32.98202133178711,-1.6819463968276978
76.8333,24.0333,1996,3,3,0.931402087,0.033373259,-1.738387346,33.99031448,-2.984401584,6.760656834,0.003594407,6.553117752,1.679754019,20.496665954589844,0.0,0.03255549818277359,33.16315460205078,-1.6832314729690552
76.8333,25.0,1996,3,3,0.936857402,0.033786051,-1.764191628,33.9536438,-2.615311928,6.25840798,0.003854541,7.062765121,1.976358056,20.061147689819336,0.0,0.032940901815891266,33.10948944091797,-1.7077984809875488
76.8333,26.0,1996,3,3,0.945666492,0.033683732,-1.775127053,33.9573555,-1.296928246,6.23605065,0.003635459,6.81780386,2.035751581,21.07436752319336,0.0,0.0328839011490345,33.153682708740234,-1.7213796377182007
76.8667,29.5667,1996,3,3,0.935874104,0.027738683,-1.598797917,33.99098587,-3.615413606,11.1075297,0.003935149,10.66916275,1.837653041,23.718372344970703,0.0,0.02715037204325199,33.27747344970703,-1.543524146080017
77.1667,29.1,1996,3,3,0.920830309,0.028249506,-1.660852671,33.92549896,0.395519473,9.988870472,0.00330166,10.47211075,1.854444981,22.41914749145508,0.0,0.027002276852726936,33.2052116394043,-1.5032234191894531
76.45,25.7833,1996,3,5,0.951031983,0.033500176,-1.781473637,33.96610641,-2.948414534,1.284764055,0.006523635,6.795140266,1.95394361,29.163469314575195,0.0,0.03231624886393547,33.553035736083984,-1.7933155298233032
76.2333,26.1,1996,3,7,0.917660952,0.032513343,-1.777029395,33.93139267,-5.320240557,-3.753508255,0.008984261,7.978613377,1.810981989,45.95547866821289,0.0,0.032079946249723434,33.446868896484375,-1.677690863609314
76.25,23.0167,1996,3,7,0.886266649,0.033707242,-1.627827525,33.97987747,-9.268170595,-2.523639426,0.012690974,6.519531727,1.231012344,25.39555931091309,0.0,0.03324755281209946,33.52878189086914,-1.7027554512023926
76.25,23.9833,1996,3,7,0.905842781,0.033395309,-1.703027725,33.98203278,-7.403483242,-5.356172845,0.012461453,6.722224236,1.519875765,27.08491516113281,0.0,0.03274872899055481,33.53949737548828,-1.725406289100647
76.25,24.9833,1996,3,7,0.910493672,0.033101659,-1.812031627,33.97449493,-7.432562858,-3.502261266,0.010717707,7.104863644,1.721441746,43.01607131958008,0.0,0.03210729360580444,33.617919921875,-1.7746142148971558
76.25,26.0,1996,3,7,0.917660952,0.032513343,-1.777029395,33.93139267,-5.320240557,-3.753508255,0.008984261,7.978613377,1.810981989,45.95547866821289,0.0,0.032079946249723434,33.446868896484375,-1.677690863609314
76.25,27.0,1996,3,7,0.909614861,0.032002632,-1.659334064,33.90737915,-3.347039223,-4.481711984,0.008768652,9.665440559,1.807245255,33.29035949707031,0.0,0.0314742773771286,33.23088836669922,-1.4161145687103271
76.25,28.0,1996,3,7,0.914143205,0.032122362,-1.635715365,33.91177368,-4.122779891,-5.455734581,0.007695647,9.211091042,1.726743937,34.197059631347656,0.0,0.03094317950308323,33.227210998535156,-1.4183597564697266
76.25,29.0,1996,3,7,0.922491729,0.030668778,-1.460175037,33.91323853,-6.674220413,-0.518112304,0.005707225,10.19809055,1.62169683,32.94017791748047,0.0,0.028586801141500473,33.15707778930664,-1.143706202507019
76.4,26.1667,1996,3,7,0.925116658,0.033182595,-1.731805801,33.97005844,-6.819044799,-6.724067777,0.009005894,6.738377094,1.920764446,33.993621826171875,0.0,0.03209061548113823,33.563148498535156,-1.7497613430023193
75.8333,23.0,1996,3,8,0.925287426,0.033851635,-1.791842341,34.01498795,8.772866428,5.71555756,0.01361477,6.917923927,0.97754544,37.53977966308594,0.0,0.03340761736035347,33.56291961669922,-1.7565407752990723
75.8333,24.0,1996,3,8,0.91598928,0.032728303,-1.823098183,33.99623108,7.373300195,5.131056532,0.012059657,7.226684093,1.204295397,48.81637954711914,0.0,0.032358039170503616,33.64909744262695,-1.7897142171859741
75.8333,25.0,1996,3,8,0.899006784,0.033682462,-1.598771572,33.92795563,8.000516146,2.953940071,0.01331465,8.459528923,1.375670552,50.2322883605957,0.0,0.03333565592765808,33.591068267822266,-1.5787522792816162
75.8333,26.0,1996,3,8,0.879232466,0.034306835,-1.507586122,33.82369995,8.023457974,1.064391807,0.012811854,9.377989769,1.455469251,39.59089279174805,320.0395302,0.033884935081005096,33.39820098876953,-1.477135419845581
75.8333,27.0,1996,3,8,0.869252503,0.033736829,-1.378041029,33.82089233,7.938241959,-1.492963824,0.012725503,10.01590919,1.416994929,30.282390594482425,0.0,0.03316755220293999,33.26622009277344,-1.3322596549987793
75.8333,28.0,1996,3,8,0.850954175,0.030452836,-1.194421053,33.93849564,8.166095614,-2.059272304,0.01283634,10.45080566,1.344400644,20.33889579772949,20.00247064,0.029697902500629425,33.10900115966797,-1.1360300779342651
75.8333,29.0,1996,3,8,0.843116343,0.028561721,-0.926565647,34.10999298,7.239816338,0.782620534,0.012719464,10.69099808,1.312878966,12.072806358337402,0.0,0.027377508580684662,32.706703186035156,-0.8446993231773376
71.995,19.68,1996,3,9,0.0,0.036046576,5.013525009,35.04981613,9.17782858,-3.856396303,0.068776846,11.04865265,0.0,154.92379760742188,0.0,0.05621754005551338,34.901371002197266,5.101730823516846
73.5,19.335,1996,3,9,0.0,0.08650957,0.661291003,34.57075882,1.377965044,-5.175307766,0.394301504,8.555325508,0.0,34.87800598144531,0.0,0.07830619066953659,34.526031494140625,2.4315428733825684
75.5833,25.8,1996,3,9,0.872647226,0.036503267,-1.217950106,33.86096954,12.38307655,-5.625296757,0.011739691,9.203947067,1.212795734,36.05144882202149,0.0,0.036009445786476135,33.39433670043945,-1.189681053161621
75.7667,25.75,1996,3,9,0.901601195,0.034086119,-1.539158106,33.86016083,10.42913869,-5.611516908,0.00876998,9.082144737,1.366453052,44.43450164794922,160.0197651,0.033739905804395676,33.48036193847656,-1.513496994972229
74.0,19.2167,1996,3,10,0.0,0.075214513,-0.963239372,34.41032028,11.35979816,-3.388410807,0.42632708,8.322868347,0.0,36.06613540649414,64.007907,0.06056462228298187,34.51565170288086,1.2344155311584473
75.2667,23.3833,1996,3,10,0.931141496,0.034826607,-1.303471327,33.95053864,8.41120854,-6.784392893,0.018815512,7.428163052,0.684383571,50.092681884765625,0.0,0.034708745777606964,33.611629486083984,-1.3401212692260742
75.3,23.9167,1996,3,10,0.927980185,0.036438242,-1.064429879,33.97771454,8.860450238,-5.965819582,0.019018743,8.053728104,0.757509887,45.305702209472656,0.0,0.03526325523853302,33.6074104309082,-1.1555771827697754
75.3,25.3333,1996,3,10,0.882733047,0.03779478,-1.033542633,33.88567352,9.242983907,-4.655431584,0.017897462,9.03988266,0.895377338,28.07683753967285,0.0,0.03712117671966553,33.28530502319336,-1.0051679611206055
75.3167,24.5833,1996,3,10,0.911884546,0.037478387,-1.031401992,33.94762421,8.95216763,-5.271360651,0.018329104,8.591732025,0.811645508,35.01568603515625,0.0,0.036970511078834534,33.46861267089844,-0.9933149814605713
74.8933,22.4667,1996,3,11,0.279753625,0.037332106,-1.009484529,33.91278839,4.175293818,-0.434704125,0.038046919,7.704483509,0.322704256,39.55791473388672,0.0,0.039575882256031036,33.3791389465332,-0.26832666993141174
74.9833,22.3833,1996,3,11,0.279753625,0.037332106,-1.009484529,33.91278839,4.175293818,-0.434704125,0.038046919,7.704483509,0.322704256,39.55791473388672,0.0,0.039575882256031036,33.3791389465332,-0.26832666993141174
75.0,20.5,1996,3,11,0.0,0.038776033,-0.633121729,33.81092453,4.721175507,3.306450695,0.067403257,7.319928646,0.0,26.066490173339844,0.0,0.03957269713282585,33.249595642089844,-0.2718827724456787
75.9667,21.4833,1996,3,11,0.240638345,0.034585435,-1.597359896,33.88020706,11.43930927,1.344560552,0.021937476,6.686505795,0.282085747,24.59691429138184,0.0,0.03399466723203659,33.01700210571289,-1.394958257675171
63.1917,3.3933,1996,3,17,0.0,0.400053501,7.437317848,35.21263123,-6.284482777,-3.710833192,4.892904758,11.30257607,0.0,189.31072998046875,0.0,0.13818328082561493,35.16128921508789,7.485287666320801
64.425,0.5667,1996,4,16,0.0,1.687330604,6.488128662,35.05973434,21.37147784,10.98976284,11.14221764,8.676311493,0.0,17.059316635131836,0.0,1.7269328832626343,34.28834533691406,6.663625717163086
65.0,7.825,1996,4,16,0.0,1.185356498,7.043512821,34.92518234,20.19077688,7.50817433,4.301540375,6.829954624,0.0,15.391186714172363,0.0,1.291408896446228,33.78726577758789,6.493434429168701
63.1917,3.395,1996,4,17,0.0,1.983794808,7.552715302,35.11880875,5.208886042,2.545188181,12.5667572,8.339840889,0.0,61.897857666015625,0.0,1.4190391302108765,35.0200309753418,7.596573352813721
63.4267,2.8683,1996,4,17,0.0,1.636741281,7.589744568,35.22108078,6.670603901,6.31717816,9.271930695,7.474273682,0.0,241.1110382080078,0.0,0.4956691265106201,35.13798141479492,7.5275559425354
63.8983,1.8022,1996,4,17,0.0,1.946134806,6.971511841,35.15880203,25.47041178,19.72154081,17.97655106,8.823130608,0.0,69.35836029052734,0.0,2.0961179733276367,34.669151306152344,7.062080383300781
64.1345,1.2618,1996,4,17,0.0,1.681108117,6.859749317,35.14092255,9.103455395,-10.79027802,18.79829025,8.834811211,0.0,20.17950439453125,0.0,1.8074806928634644,34.57407760620117,6.857076168060303
64.7583,10.3,1996,4,17,0.0,0.84298557,5.602553368,34.38344955,8.368065208,10.53491384,12.49462605,4.748209,0.0,12.530402183532717,0.0,0.8013733625411987,33.01408767700195,5.365196228027344
64.5417,8.6167,1996,4,18,0.0,1.613963246,6.504479408,34.59937668,0.593614625,3.067943454,33.05485916,5.705284119,0.0,12.81119441986084,0.0,1.5459953546524048,33.250267028808594,6.196142196655273
62.9683,6.6333,1996,4,22,0.0,1.340259194,6.104255676,33.74869919,3.952520713,-6.687560678,29.71900368,1.637500763,0.0,13.258567810058594,0.0,1.182863712310791,32.15793228149414,6.013720512390137
63.1917,3.395,1996,4,30,0.0,2.251646757,7.867294788,35.04519272,-9.577378631,-7.87242949,52.39068985,4.53016901,0.0,33.04376983642578,0.0,0.8874661326408386,34.96601104736328,7.667328834533691
63.4267,2.87,1996,4,30,0.0,2.156593323,7.712835312,35.2492485,-8.463525772,-15.54915756,34.9956131,6.218549728,0.0,77.6125717163086,0.0,1.111733317375183,34.95973205566406,7.72051477432251
64.37,0.7283,1996,5,1,0.0,1.817529917,7.264222145,35.01682663,13.53607774,-0.437402772,22.77321625,7.906088829,0.0,42.86245727539063,0.0,1.6971501111984253,34.59757995605469,7.101227760314941
68.4267,14.0267,1996,5,4,0.0,1.844859958,4.391137123,33.85435104,-1.468270272,-0.98177474,29.24964523,1.791407228,0.0,15.942065238952637,0.0,0.0,0.0,0.0
68.51,13.7867,1996,5,4,0.0,1.943943262,4.407823086,33.92183685,0.826496352,-1.955248788,28.90213394,1.709404111,0.0,15.190618515014648,0.0,1.8757727146148682,32.80588912963867,4.263198375701904
68.58,13.575,1996,5,5,0.0,1.879090548,4.298552036,33.88234711,-0.086866412,7.890956849,25.08979416,1.412692904,0.0,14.730657577514648,0.0,1.8119724988937378,32.73344039916992,4.155711650848389
68.7317,13.1683,1996,5,5,0.0,1.968798161,5.024733067,34.3049469,-6.563862413,4.305307567,30.82772446,1.592666626,0.0,13.935827255249023,0.0,1.8964214324951172,32.623878479003906,4.079934120178223
69.03,12.2767,1996,5,5,0.0,1.891620994,6.214166641,35.03747559,-4.683314636,-2.777362056,32.94168854,6.812766552,0.0,34.62755584716797,0.0,1.490022897720337,34.53828048706055,6.150500774383545
69.24,11.6317,1996,5,5,0.0,1.368255019,5.631523132,35.03145599,8.130131662,-2.247554436,16.19218254,8.25980854,0.0,30.716365814208984,0.0,1.273176670074463,34.55349349975586,5.784465789794922
69.4817,10.9483,1996,5,5,0.0,1.513697147,5.674240112,35.11314392,-0.064503169,2.826495841,16.66828156,8.108336449,0.0,50.04004669189453,0.0,1.3971967697143555,34.39289093017578,5.599544525146484
69.7,10.2717,1996,5,5,0.0,1.255742669,5.537058353,35.10613251,-1.195200346,-22.64991552,10.89995193,8.726319313,0.0,105.22550201416016,0.0,1.1442863941192627,34.884098052978516,5.4956207275390625
69.9467,9.5883,1996,5,5,0.0,0.904869258,5.866078377,35.12504578,8.68679285,-8.647561818,6.120641232,9.875735283,0.0,133.53158569335938,0.0,0.9584238529205322,34.94364929199219,6.037192344665527
73.83,19.255,1996,5,13,0.0,2.3858881,2.356411219,34.84804916,0.767842727,-6.975092739,28.67278481,6.126140118,0.0,28.06911849975586,128.015814,1.995742678642273,34.229469299316406,2.325937032699585
73.5,19.3317,1996,5,14,0.0,2.516546965,3.51948452,34.93576431,2.809654735,-12.9351452,41.74634171,7.872336388,0.0,59.18756484985352,0.0,1.0703752040863037,34.87753677368164,4.388322830200195
72.0017,19.64,1996,5,15,0.0,0.758227587,4.452105999,35.04423141,-1.803620532,-8.005493879,3.029408932,10.42802334,0.0,71.6604232788086,64.00790691,0.6420596837997437,34.82294464111328,4.470223903656006
70.5033,19.9983,1996,5,16,0.0,1.348506808,4.583456993,34.55859375,-0.590659026,2.164457366,21.87368011,5.532369137,0.0,42.47591018676758,0.0,1.3885208368301392,34.257080078125,4.676530838012695
69.4833,10.95,1996,5,24,0.0,1.442134738,6.213853359,35.14102936,-1.355935074,2.24179253,27.76792908,5.050360203,0.0,14.538981437683104,0.0,1.366129755973816,33.7688102722168,6.308624744415283
69.7,10.2667,1996,5,24,0.0,1.686367035,6.237344265,35.1151123,5.186869949,4.915973917,32.55041122,5.994475842,0.0,17.714160919189453,0.0,1.2551740407943726,34.71360778808594,5.915424346923828
69.95,9.5833,1996,5,24,0.0,1.631349683,6.31178236,35.11491776,-1.551366877,-11.48290485,30.83498192,6.800844193,0.0,11.85156536102295,0.0,1.5974713563919067,33.988182067871094,6.207645893096924
68.58,13.5833,1996,5,25,0.0,0.446742594,6.146759987,33.89643478,7.357160747,6.178153679,4.600098133,0.011194834,0.0,10.767897605895996,256.031628,0.43252691626548767,32.34336853027344,5.790297985076904
68.7333,13.1667,1996,5,25,0.0,0.859452426,6.562180042,34.47857666,14.16747421,6.880798191,13.03121376,0.131152883,0.0,10.767897605895996,0.0,0.4683682918548584,32.40184020996094,5.87401008605957
68.85,12.8,1996,5,25,0.0,1.202869892,6.58344841,34.47176743,13.9635548,12.02312559,27.45594788,1.004286885,0.0,10.767897605895996,0.0,1.186825156211853,32.8897705078125,6.250938892364502
69.0333,12.2833,1996,5,25,0.0,1.378961325,6.511097908,34.9357872,-13.60153556,-1.314058807,23.81527328,4.645573616,0.0,10.848085403442385,0.0,1.3206981420516968,33.32844161987305,6.195550441741943
69.2333,11.6167,1996,5,25,0.0,1.380625248,6.324222088,35.01106644,-7.051338255,6.772845984,22.28792953,6.09790802,0.0,16.816883087158203,0.0,1.2891862392425537,33.50067138671875,6.252629280090332
62.6017,4.69,1996,6,8,0.0,1.251067042,8.18847847,33.88862228,16.14391059,6.587799639,20.56003761,0.20090729,0.0,10.767897605895996,0.0,1.269385814666748,32.37134552001953,7.748417377471924
62.9567,3.9167,1996,6,8,0.0,1.00400281,8.776814461,34.85698318,15.94698131,5.624361336,25.20607758,4.525763988,0.0,10.97935962677002,0.0,1.199460744857788,33.41832733154297,8.430108070373535
63.4267,2.87,1996,6,9,0.0,1.016758323,8.982356071,34.87181091,8.20902437,-0.671780529,23.76902771,4.971033096,0.0,11.719256401062012,0.0,0.9040418267250061,33.49382400512695,8.6961030960083
63.8987,1.8022,1996,6,9,0.0,1.323799253,8.74720192,35.14682007,14.18076903,13.06650788,27.74903107,5.166855812,0.0,17.6248836517334,0.0,1.237157940864563,34.4168815612793,8.632183074951172
64.3702,0.7285,1996,6,10,0.0,1.101711512,8.136935234,35.0939827,0.987765659,15.32705873,17.91787148,4.832317829,0.0,33.362831115722656,0.0,0.9285838603973389,34.59327697753906,7.860219478607178
64.6667,0.0,1996,6,10,0.0,0.882370532,7.923428535,35.04991531,14.12914991,2.716858499,15.56902218,4.629872799,0.0,18.74309730529785,128.015814,0.8893515467643738,34.466983795166016,8.057597160339355
68.85,12.8,1996,6,12,0.0,0.631116629,8.006375313,35.03120041,18.07599664,13.39420527,17.17520714,3.140060902,0.0,11.621411323547363,0.0,0.6029694676399231,33.5254020690918,7.561689853668213
69.0333,12.2833,1996,6,13,0.0,0.766015232,8.19107151,34.99957275,9.13227573,3.497728333,16.49215889,4.618711472,0.0,10.767897605895996,0.0,0.7314565181732178,33.37406921386719,7.721271514892578
69.2333,11.6167,1996,6,13,0.0,0.838766873,7.957345486,35.01756668,-0.232530735,0.967564434,18.02383614,3.631074905,0.0,10.767897605895996,0.0,0.7819575667381287,33.38852310180664,7.678002834320068
69.95,9.5833,1996,6,14,0.0,1.038237691,7.528338432,35.10136795,2.036719769,-8.460268378,19.87351227,5.665339947,0.0,12.348541259765623,0.0,1.0056214332580566,33.74384307861328,7.14286470413208
62.4833,4.95,1996,6,22,0.0,0.626717687,9.059729576,33.76820374,-0.761944521,-9.881825,14.38754654,0.106062129,0.0,17.443527221679688,0.0,0.8910284042358398,32.46222686767578,8.623440742492676
62.6,4.6833,1996,6,22,0.0,0.531775177,8.95674324,33.71490097,4.859708995,-5.863016471,10.91507626,0.065647423,0.0,19.858118057250977,0.0,0.47771507501602173,32.66123580932617,8.762176513671875
63.1917,3.395,1996,6,22,0.0,0.575192094,9.088834763,35.24440384,-5.791545659,-6.531850249,15.06409836,3.633989096,0.0,20.8989200592041,0.0,0.5092206597328186,34.122528076171875,9.05041790008545
63.31,3.1317,1996,6,22,0.0,0.579296768,9.087057114,35.19287109,-5.461690202,-8.101140708,14.88344383,3.625344276,0.0,26.0815544128418,0.0,0.5515326857566833,34.48345184326172,8.907773971557617
63.4267,2.87,1996,6,23,0.0,0.657724798,9.093723297,35.0811615,-3.956024721,-6.286020577,15.94459152,4.137064457,0.0,23.33778953552246,0.0,0.5446380972862244,34.0362548828125,8.91650390625
72.0,19.6833,1996,7,4,0.0,1.268383145,7.564705372,34.8983345,-5.048331618,0.357989408,26.54513168,3.500999689,0.0,21.03757095336914,0.0,0.9291231036186218,33.98172378540039,7.419911861419678
73.5,19.3333,1996,7,4,0.0,0.999847591,6.166274071,34.79164124,-0.636409177,-1.335613336,21.65609741,2.158405542,0.0,11.078120231628418,0.0,0.9475011825561523,33.41010284423828,6.305689334869385
74.0,19.2167,1996,7,4,0.0,1.148082495,5.130677223,34.16788101,3.712937608,-1.687355898,24.48239326,1.316753626,0.0,10.767897605895996,0.0,1.0747277736663818,32.82274627685547,4.990020275115967
63.1917,3.395,1996,7,21,0.0,0.314256728,11.19835091,34.64898682,2.075873129,-5.465753004,9.897573471,3.046648264,0.0,15.215269088745115,0.0,0.30318835377693176,34.16670227050781,10.790508270263672
63.3095,3.1327,1996,7,21,0.0,0.320933849,11.0628643,34.69297409,1.878906041,-3.104467317,9.780038834,3.230065823,0.0,17.268640518188477,0.0,0.3133838474750519,33.82932662963867,10.637171745300293
68.5116,13.7833,1996,8,14,0.0,0.143969819,13.30290127,34.23900986,21.98581547,7.486754656,2.463065624,0.008629565,0.0,10.773632049560549,0.0,0.13364137709140778,32.6418342590332,12.503509521484375
68.7333,13.1667,1996,8,14,0.0,0.273430556,13.18349838,34.68790436,20.97387612,5.031164363,9.264222145,0.364503235,0.0,10.767897605895996,0.0,0.18454529345035553,32.84345245361328,12.424114227294922
74.0,19.2167,1996,8,30,0.0,0.444702834,5.252620697,34.1554985,5.3521052,0.144437607,9.430125237,0.347206414,0.0,18.180456161499023,128.0158141,0.6255080103874207,33.7015266418457,6.106430530548096
74.0,19.2167,1996,10,3,0.0,0.429127038,2.587785006,34.21703339,5.230936036,2.020478994,3.491663218,2.531611443,0.0,10.767897605895996,768.9907974,0.3838605582714081,32.66914367675781,2.765742778778076
72.0,19.6833,1996,10,4,0.0,0.325157732,7.439764023,34.96823502,3.309740126,6.923315674,3.378498554,2.772078037,0.0,38.4237060546875,0.0,0.316373348236084,34.60702896118164,7.7828569412231445
73.5,19.3333,1996,10,4,0.0,0.394196093,4.053198814,34.63805389,-2.307162434,9.395761788,3.911264658,2.177175283,0.0,20.54215431213379,0.0,0.3632102906703949,34.25775909423828,5.2664103507995605
63.9,1.8,1997,2,1,0.0,0.085469872,6.468094349,35.07129669,13.72040361,9.272029251,0.086238421,11.05944347,0.0,249.76084899902344,0.0,0.06858071684837341,34.99813461303711,6.6768903732299805
64.135,1.2617,1997,2,1,0.0,0.124596678,6.264296055,35.03608704,4.351535067,8.102155477,0.199593335,10.12721539,0.0,153.1119384765625,0.0,0.08563820272684097,34.95991897583008,6.2198686599731445
70.4922,19.9908,1997,2,4,0.0,0.037116185,5.056245804,34.81487274,-2.216711454,-1.346041448,0.015461144,6.028445721,0.0,160.73870849609375,0.0,0.03839486092329025,31.476865768432617,4.266795635223389
71.9907,19.6852,1997,2,7,0.0,0.024192279,4.822779655,35.0733757,-6.941735744,-0.243658153,0.003265164,10.387887,0.0,218.7982788085937,0.0,0.026920879259705544,34.95978927612305,5.102766513824463
73.505,19.3353,1997,2,8,0.0,0.02861177,3.50796032,35.02440262,-1.273404155,-2.745536156,0.007734143,10.08698273,0.0,222.65066528320312,8.056983157,0.025920191779732704,34.94972610473633,3.521453857421875
73.9918,19.2183,1997,2,8,0.002223539,0.035654023,1.114526749,34.67058945,-4.712739587,-3.480542451,0.001771108,7.955180168,0.007238956,86.1589126586914,0.0,0.027222255244851112,34.81479263305664,2.5728347301483154
66.0,2.0,1997,3,2,0.0,0.191795677,6.009861469,35.06411362,5.336477607,12.56902665,0.515599608,10.46888542,0.0,275.8202209472656,0.0,0.1498093456029892,35.01500701904297,6.189753532409668
66.0,2.0,1997,3,3,0.0,0.198123261,6.099213123,35.06885529,4.473039508,8.846417814,0.593090713,10.5001936,0.0,277.26611328125,0.0,0.16573472321033478,35.014739990234375,6.221107482910156
66.0,2.0,1997,3,4,0.0,0.206253052,6.168038368,35.07310486,3.71299088,15.43256044,0.436230451,10.51426411,0.0,273.0193176269531,0.0,0.1759081780910492,35.01782989501953,6.242608547210693
66.0,2.0,1997,3,10,0.0,0.265941888,5.997443676,35.07688141,3.996330127,19.86280531,0.365991265,10.50772381,0.0,277.5692749023437,0.0,0.23514781892299652,35.001346588134766,5.872528076171875
66.0,2.0,1997,3,12,0.0,0.28102845,5.878028393,35.06942368,5.500343069,14.25714195,0.364620358,10.50686359,0.0,275.7445983886719,0.0,0.27267712354660034,34.9858283996582,5.785243511199951
70.5,20.0,1997,3,12,0.0,0.207095191,5.154698849,34.7624054,0.476965168,-10.31442881,0.718762815,6.977850914,0.0,160.73870849609375,0.0,0.293923020362854,32.254417419433594,4.541938304901123
72.0,19.6833,1997,3,13,0.0,0.038198605,5.267531872,35.03588867,-4.068507627,-7.314887643,0.099357471,10.07443714,0.0,210.5540466308593,0.0,0.059479907155036926,34.950077056884766,5.294717788696289
73.5,19.3333,1997,3,14,0.0,0.04566196,3.850083351,34.92511368,0.659685023,-9.404016286,0.108863734,10.85026455,0.0,106.7682876586914,0.0,0.04026060551404953,34.8799934387207,4.222646713256836
74.0,19.2167,1997,3,14,0.0,0.119580641,1.872458696,34.5549736,1.292911079,-4.483603686,0.872459531,9.465262413,0.0,66.00856018066406,64.007907,0.06408778578042984,34.614315032958984,3.5671122074127197
66.0,2.0,1997,3,16,0.0,0.320539415,5.818422318,35.07221985,-4.972699285,5.985962227,1.162360787,10.54344845,0.0,241.54913330078125,0.0,0.3303545415401459,35.00154495239258,5.7845458984375
66.0,2.0,1997,3,17,0.0,0.338261783,5.834396362,35.07677078,-5.640824884,11.69512421,1.315126419,10.54319954,0.0,238.42616271972656,0.0,0.3288574814796448,35.012550354003906,5.802427291870117
66.0,2.0,1997,3,18,0.0,0.356372654,5.853302002,35.08377075,-8.447897434,19.13711578,0.937201321,10.52899837,0.0,236.945556640625,0.0,0.3460674285888672,35.019718170166016,5.81953763961792
63.3095,3.1327,1997,3,23,0.0,0.224453926,6.762263298,35.13998413,-5.81978783,4.238797724,0.261859238,10.95273972,0.0,235.8480682373047,0.0,0.18517325818538666,35.06558609008789,6.716708183288574
63.663,2.3378,1997,3,23,0.0,0.16434969,6.707090378,35.12987137,-3.54090184,21.00863606,0.259112,11.22693348,0.0,361.808837890625,0.0,0.11119254678487778,35.07633972167969,6.624117851257324
63.8987,1.8022,1997,3,23,0.0,0.501403093,6.090314388,35.10028076,5.230461061,27.41304338,0.920965672,10.41385841,0.0,142.37049865722656,0.0,0.31876468658447266,35.059425354003906,6.410857677459717
64.37,0.7285,1997,3,23,0.0,0.725988805,5.952450275,35.09011078,-4.992169142,13.663809,2.274718523,10.04057598,0.0,146.39231872558594,0.0,0.6970883011817932,34.97911834716797,5.919018268585205
64.6667,0.0,1997,3,23,0.0,1.096799016,4.660631657,34.85316849,-1.465212647,8.152919263,4.515920162,9.31381321,0.0,80.9312744140625,0.0,1.0104341506958008,34.67845916748047,4.757065296173096
62.3667,5.2,1997,4,6,0.0,1.003807545,5.254549503,34.19860077,-7.434216887,-16.1586538,17.09137535,3.498929739,0.0,27.2429256439209,0.0,0.7442224025726318,33.89364242553711,5.339570045471191
62.4833,4.945,1997,4,6,0.0,0.905288815,5.612524033,34.3241272,-2.727943845,-3.074948117,11.4638443,4.025206566,0.0,58.43270492553711,32.00395357,0.8860951662063599,34.00667953491211,5.291558742523193
63.4273,2.8692,1997,4,19,0.0,0.871944487,7.001568794,35.16720581,-8.789592981,-7.068545371,3.707658529,10.18621635,0.0,198.3942413330078,0.0,0.5697490572929382,35.08259582519531,7.057250022888184
64.37,0.7285,1997,4,19,0.0,0.576661468,5.587312698,35.04481125,-1.350684278,-5.040709674,10.24390316,8.138471603,0.0,80.90434265136719,0.0,0.5080861449241638,34.67699432373047,4.941656589508057
62.6023,4.6898,1997,4,20,0.0,1.819349647,5.828949928,34.30695343,12.76464909,-0.325024757,14.47136307,3.258954525,0.0,40.4984130859375,0.0,1.6282768249511719,33.84953689575195,5.659549236297607
62.72,4.4333,1997,4,20,0.0,2.018299341,5.779769897,34.26735306,32.10979998,12.91752905,17.03473663,2.872823,0.0,30.615398406982425,0.0,1.4940472841262817,33.83607482910156,5.54644250869751
63.1917,3.395,1997,4,20,0.0,2.647360563,7.203318596,35.14353943,12.27794066,-4.162286595,21.40291977,8.903094292,0.0,82.59867095947266,0.0,0.41727158427238464,35.14933395385742,7.133832931518555
62.6,4.182,1997,4,25,0.0,2.144817352,5.512527466,34.10233688,3.945695609,-3.773329034,29.30750656,2.599662304,0.0,40.4593505859375,0.0,1.9248310327529907,33.640010833740234,5.344529628753662
62.73,3.968,1997,4,25,0.0,2.13731885,5.666316986,34.25594711,20.96227109,4.982223362,40.82336426,2.78381896,0.0,18.43161392211914,0.0,2.0427725315093994,33.589019775390625,5.3179802894592285
63.0,3.44,1997,4,26,0.0,1.729304194,7.224219799,35.18480301,22.46532738,3.225489333,32.38532639,9.161222458,0.0,113.22832489013672,0.0,1.5676507949829102,34.46611404418945,6.7720465660095215
63.27,2.753,1997,4,26,0.0,1.978454471,7.025772572,35.13998032,8.908291161,-6.520938873,23.5560894,8.956394196,0.0,66.47672271728516,0.0,1.537493348121643,34.88424301147461,6.982425212860107
63.53,2.037,1997,4,26,0.0,0.34117651,6.980135918,35.16654587,1.526227314,-0.230168155,0.842286527,11.02785778,0.0,161.4442901611328,0.0,0.3256545960903168,35.04805374145508,6.873278617858887
63.8,1.267,1997,4,26,0.0,0.630140901,5.383651257,35.00440598,22.12150395,18.93273145,2.803286314,10.50236988,0.0,56.9965705871582,0.0,0.6150974035263062,34.69649887084961,5.324158191680908
64.05,0.535,1997,4,26,0.0,0.753113091,5.125792027,34.99825668,3.607870638,-8.764345944,7.680701733,9.550661087,0.0,63.606204986572266,0.0,0.7333400249481201,34.71863555908203,5.036412239074707
64.3,-0.18,1997,4,26,0.0,0.64655906,4.678390503,34.85203552,-2.995234169,1.924054138,10.53145027,7.680267334,0.0,57.78170394897461,0.0,0.5813049674034119,34.55379867553711,4.635193824768066
64.55,-0.96,1997,4,27,0.0,0.38341409,4.752112865,34.91841125,-38.16979825,14.64618146,8.270009041,6.986678123,0.0,94.3119888305664,0.0,0.26828107237815857,34.73370361328125,4.685179233551025
69.42,-51.67,1997,6,10,0.0,0.864985049,2.731452942,32.3095665,-3.574920818,6.642585248,10.27305603,0.110046521,0.0,10.767897605895996,828.4600391,0.5885795950889587,31.05448341369629,2.685946226119995
69.5,-51.92,1997,6,10,0.0,0.900223017,2.792797327,32.39396286,-4.480097815,4.945131764,11.05171967,0.123863623,0.0,10.767897605895996,0.0,0.6254379749298096,31.052579879760742,2.5715737342834473
69.53,-52.01,1997,6,10,0.0,0.900223017,2.792797327,32.39396286,-4.480097815,4.945131764,11.05171967,0.123863623,0.0,10.767897605895996,97.98157945,1.0058619976043701,31.02244758605957,2.389500617980957
69.14,-51.66,1997,6,11,0.0,0.370626956,3.365457773,32.53168106,-2.468094975,4.055457562,3.971354723,0.013096312,0.0,10.767897605895996,625.9780908,0.6100326776504517,31.126712799072266,2.935067653656006
69.14,-51.3,1997,6,11,0.0,0.335021317,3.302983284,32.35936737,-2.330041677,6.579589844,4.496194839,0.030411724,0.0,10.767897605895996,853.6064876,0.5289381742477417,31.05608367919922,3.0080666542053223
69.27,-51.16,1997,6,11,0.0,0.335021317,3.302983284,32.35936737,-2.330041677,6.579589844,4.496194839,0.030411724,0.0,10.767897605895996,0.0,0.4190875291824341,30.91242790222168,2.897109270095825
69.32,-51.35,1997,6,11,0.0,0.335021317,3.302983284,32.35936737,-2.330041677,6.579589844,4.496194839,0.030411724,0.0,10.767897605895996,167.7781972,0.49819624423980713,31.015430450439453,2.9100871086120605
68.89,-52.1,1997,6,12,0.0,0.423472762,3.791100502,32.62503815,-0.736801233,4.90790233,4.504477978,0.014374554,0.0,10.767897605895996,209.2487968,0.9330363869667053,31.26552391052246,2.6301369667053223
68.92,-52.13,1997,6,12,0.0,0.490357995,3.828455925,32.6011734,-0.571511779,3.234149888,5.11134243,0.018973753,0.0,10.767897605895996,2304.992404,0.9330363869667053,31.26552391052246,2.6301369667053223
69.0,-52.22,1997,6,12,0.0,0.490357995,3.828455925,32.6011734,-0.571511779,3.234149888,5.11134243,0.018973753,0.0,10.767897605895996,322.5286245,0.9330363869667053,31.26552391052246,2.6301369667053223
69.14,-52.36,1997,6,12,0.0,0.364293486,3.991610527,32.37569427,-2.889361978,3.456923366,5.589681149,0.064987116,0.0,10.767897605895996,203.2210537,0.5973374247550964,31.124849319458008,2.979332447052002
69.25,-52.5,1997,6,12,0.0,0.379609674,4.058252335,32.3541069,-3.72296311,3.167574108,7.018906116,0.101220168,0.0,10.767897605895996,306.51341,0.5973374247550964,31.124849319458008,2.979332447052002
69.14,-53.3,1997,6,13,0.0,0.423675746,4.59106636,32.45395279,-3.679608926,-0.130855152,11.0973444,0.215425506,0.0,10.767897605895996,5842.462181,0.764006495475769,31.137256622314453,2.8478779792785645
69.14,-52.81,1997,6,13,0.0,0.380099595,4.610954762,32.3766098,-2.801527083,0.131322909,8.895054817,0.150225148,0.0,10.767897605895996,884.173298,0.5942798852920532,31.13702964782715,3.0810420513153076
69.36,-52.64,1997,6,13,0.0,0.380099595,4.610954762,32.3766098,-2.801527083,0.131322909,8.895054817,0.150225148,0.0,10.767897605895996,523.1219921,0.3679124414920807,30.992055892944336,3.3057069778442383
68.78,-53.23,1997,6,14,0.0,0.634921551,4.158818722,32.62814331,0.56755878,3.170178458,7.630791664,0.027807303,0.0,10.767897605895996,2442.002442,0.9366973638534546,31.214807510375977,2.648714780807495
68.88,-53.31,1997,6,14,0.0,0.411554515,4.863010406,32.4539566,-3.903162852,-1.931028254,4.663257599,0.012463099,0.0,10.767897605895996,2876.663071,0.8059300780296326,31.232006072998047,2.556126117706299
68.99,-53.4,1997,6,14,0.0,0.384904891,4.857021332,32.40651703,-5.274958163,-2.668864653,4.4085145,0.012635429,0.0,10.767897605895996,1567.152484,0.8059300780296326,31.232006072998047,2.556126117706299
69.1,-53.45,1997,6,14,0.0,0.384904891,4.857021332,32.40651703,-5.274958163,-2.668864653,4.4085145,0.012635429,0.0,10.767897605895996,625.978091,0.7490549683570862,31.131052017211914,3.0659778118133545
68.56,-53.78,1997,6,15,0.0,0.888591826,3.20557189,32.66960144,-1.695341431,5.481360853,14.65357685,0.149463981,0.0,10.767897605895996,26746.069055,1.1321347951889038,31.183094024658203,2.0777664184570312
68.69,-53.87,1997,6,15,0.0,0.525305152,4.025452614,32.62474823,-2.410015091,1.818489842,6.580912113,0.015540411,0.0,10.767897605895996,14046.639235,1.1321347951889038,31.183094024658203,2.0777664184570312
68.87,-53.96,1997,6,15,0.0,0.495601863,4.042464733,32.60681915,-4.706041515,0.653275196,6.324744701,0.016256655,0.0,10.767897605895996,1880.582981,0.7047240734100342,31.198627471923828,2.7013604640960693
68.95,-54.05,1997,6,15,0.0,0.325329155,4.760196686,32.44991684,-7.185392082,-1.545927115,3.814923525,0.010063273,0.0,10.767897605895996,5946.791863,0.6780765056610107,31.181318283081055,2.8003880977630615
69.05,-54.12,1997,6,15,0.0,0.325329155,4.760196686,32.44991684,-7.185392082,-1.545927115,3.814923525,0.010063273,0.0,10.767897605895996,9406.231628,0.4973848760128021,31.119062423706055,3.3195223808288574
69.15,-54.16,1997,6,16,0.0,0.460838854,5.049407959,32.65439987,-2.162609994,3.193539754,8.712280273,0.106208287,0.0,10.767897605895996,3595.828839,0.49621230363845825,31.11602020263672,3.4601328372955322
69.19,-54.19,1997,6,16,0.0,0.460838854,5.049407959,32.65439987,-2.162609994,3.193539754,8.712280273,0.106208287,0.0,10.767897605895996,3048.315806,0.49621230363845825,31.11602020263672,3.4601328372955322
69.23,-54.22,1997,6,16,0.0,0.460838854,5.049407959,32.65439987,-2.162609994,3.193539754,8.712280273,0.106208287,0.0,10.767897605895996,11934.156378,0.49621230363845825,31.11602020263672,3.4601328372955322
69.3,-54.37,1997,6,16,0.0,0.460838854,5.049407959,32.65439987,-2.162609994,3.193539754,8.712280273,0.106208287,0.0,10.767897605895996,3312.2553445,0.8825562000274658,31.17742919921875,3.782226085662842
73.5015,19.339,1997,6,16,0.0,1.907364845,5.139437199,34.93242645,-4.961840808,9.386566281,27.51468658,3.948040724,0.0,20.247800827026367,1024.126512,1.8579270839691162,34.069454193115234,4.997121810913086
74.0012,19.2227,1997,6,16,0.0,1.495306969,3.292991161,34.31855392,0.943035167,6.581161171,23.24272919,2.796847343,0.0,13.627873420715332,2828.890696,1.3706637620925903,33.075931549072266,3.196652889251709
70.5012,19.9947,1997,6,17,0.0,1.45885551,6.912191391,34.53041458,-2.928860672,4.307331145,36.51702118,0.743268132,0.0,22.654062271118164,0.0,1.3954646587371826,33.71103286743164,6.9112467765808105
72.0018,19.6715,1997,6,17,0.0,1.637150526,5.986403942,34.91766357,-2.086608484,5.069611594,25.38990784,3.88120389,0.0,28.28992080688477,0.0,1.6016091108322144,34.263648986816406,5.974399566650391
62.955,3.92,1997,6,20,0.0,0.520787716,10.78742599,34.64657974,-0.690128608,5.94830066,25.3305378,0.934195876,0.0,10.767897605895996,0.0,0.4522698223590851,32.631629943847656,10.401568412780762
63.658,2.3233,1997,6,21,0.0,0.414426327,10.42033577,35.10005188,0.318725081,2.023158595,18.0730381,1.441046715,0.0,15.477170944213867,0.0,0.35303524136543274,33.71665573120117,10.237983703613281
64.635,1.8733,1997,6,23,0.0,0.645009518,9.100013733,35.18487549,2.370289154,-11.04228795,14.29202461,4.069418907,0.0,27.29128646850586,0.0,0.9146339893341064,34.318965911865234,9.031402587890625
65.41,1.92,1997,6,23,0.0,0.535608768,8.796945572,35.15859222,-6.275256723,-5.246811733,11.9039669,3.973000288,0.0,24.23415946960449,0.0,0.3815006613731384,34.61204147338867,8.999794960021973
67.747,-1.823,1997,6,24,0.0,0.288181037,6.972614288,34.9584198,-7.079012692,-0.699561974,6.31895256,6.251574993,0.0,17.011310577392578,0.0,0.26912811398506165,34.11748504638672,7.051912307739258
69.328,-7.013,1997,6,25,0.0,0.618920267,4.950090885,35.08981323,-2.418626659,-6.789568812,11.60019493,6.049492836,0.0,10.833672523498535,0.0,0.5815519094467163,33.59831237792969,4.473072528839111
69.327,-3.985,1997,6,26,0.0,0.300046533,6.115090847,34.96221542,0.805152021,-3.264413774,8.407811165,6.829836369,0.0,15.460977554321287,0.0,0.29125258326530457,33.830902099609375,5.899087429046631
69.332,4.9967,1997,6,27,0.0,0.824590027,7.462845325,35.10746765,5.650227144,-4.213257134,16.24347687,5.529828072,0.0,12.290369987487791,0.0,0.7828210592269897,33.618717193603516,7.12123966217041
67.002,9.98,1997,7,1,0.0,0.281506956,11.58599758,34.46947479,-20.32428235,1.002369728,12.21894646,0.077992156,0.0,10.767897605895996,0.0,0.29395508766174316,32.95989227294922,10.782428741455078
71.013,-2.015,1997,7,5,0.0,0.770576,5.374966145,34.75711823,14.77495879,4.146272689,11.64228535,5.747639179,0.0,16.726055145263672,0.0,0.7298190593719482,33.725650787353516,5.406578540802002
71.745,-6.99,1997,7,6,0.0,1.264054775,2.345395565,34.03423691,9.168752283,9.742606431,16.8038559,4.107793808,0.0,11.343025207519531,0.0,1.05382239818573,33.19146728515625,2.6927483081817627
72.498,-6.003,1997,7,7,0.0,0.47149533,2.239598274,34.04550552,-2.398626879,4.210982099,3.619977236,9.733668327,0.0,15.022172927856444,0.0,0.904770016670227,33.07442855834961,2.603325366973877
72.5,-3.013,1997,7,8,0.0,1.416653752,2.865375042,34.53540421,3.858952597,6.892881542,19.60520172,4.692234039,0.0,22.67867088317871,0.0,1.3056710958480835,34.08934783935547,2.8347976207733154
64.4167,0.5667,1997,7,22,0.0,0.351491094,11.66488266,34.98925018,7.0176512,14.3889457,11.07569313,3.020477772,0.0,10.767897605895996,0.0,0.36918768286705017,33.34508514404297,11.320953369140625
72.0,19.6833,1997,8,20,0.0,0.287769288,8.350605965,34.81930923,9.9483639,-8.6001724,5.728078365,2.029703617,0.0,28.10272026062012,0.0,0.2785573899745941,34.102272033691406,8.70483684539795
73.5,19.3333,1997,8,21,0.0,0.376581579,5.857600212,34.76506424,-3.70143652,-3.363041207,9.318527222,0.214250177,0.0,16.29249382019043,0.0,0.3890131115913391,34.055389404296875,5.886634349822998
74.0,19.2167,1997,8,21,0.0,0.433104217,5.002494812,34.26750946,1.179852802,-2.889737487,10.32133865,0.26476863,0.0,11.744471549987791,1281.9499669000002,0.40315696597099304,33.00645065307617,5.0274434089660645
63.3083,3.13,1997,9,25,0.0,0.330548286,11.62105274,34.95422745,2.707660757,1.96903199,6.441371918,3.025999546,0.0,43.39703369140625,0.0,0.3240519165992737,34.57356643676758,11.426619529724121
73.5,19.3333,1997,9,29,0.0,0.316717714,6.227016449,34.8090744,3.507575765,7.438494265,2.833368063,1.94786787,0.0,33.20271682739258,0.0,0.30433931946754456,34.21969985961914,6.258666038513184
70.5,20.0,1997,9,30,0.0,0.385387123,9.00931263,34.49155807,14.75197077,3.987893462,5.985872269,0.871175647,0.0,34.36512756347656,0.0,0.39396795630455017,34.019447326660156,9.030412673950195
72.0,19.6833,1997,9,30,0.0,0.315486282,8.312641144,34.71896362,11.29307374,0.899557304,4.168540955,2.638749838,0.0,31.47747039794922,0.0,0.33505624532699585,34.123111724853516,8.006218910217285
75.49,-143.915,1997,10,27,0.989863396,0.139594108,-1.61475563,29.80452156,-0.70627071,-0.943024084,0.002154208,6.364349365,3.495663404,16.466581344604492,0.869002993,0.13888461887836456,28.84113883972168,-1.5600595474243164
75.49,-143.915,1997,10,28,0.992095411,0.137410775,-1.615642071,29.80852318,0.684573827,0.303933816,0.001078662,6.384867668,3.500424385,16.466581344604492,2.493513678,0.13731834292411804,28.897397994995117,-1.5624533891677856
63.0717,3.6617,1997,10,29,0.0,0.380918264,8.767092705,34.20139694,18.53407323,13.22161704,2.27269268,4.374722004,0.0,16.756101608276367,0.0,0.3599186837673187,34.33866882324219,8.867287635803223
76.08,-145.99,1997,11,14,0.958716989,0.106909677,-1.601060152,29.71209717,-0.751804141,-0.173603208,0.0,6.670903206,3.527187586,20.998889923095703,0.0,0.10580535233020782,29.00481605529785,-1.5624009370803833
76.08,-145.99,1997,11,16,0.97350204,0.103876062,-1.602128267,29.70909691,-1.677983068,0.675534783,0.0,6.66263485,3.545095921,20.48344993591309,26.003019448,0.10277421772480011,28.9844913482666,-1.5612858533859253
76.08,-145.99,1997,11,17,0.979892135,0.102414258,-1.602445364,29.70723724,-2.36694403,-0.282606878,0.0,6.655657768,3.553640366,19.838388442993164,0.0,0.10116378962993622,28.959197998046875,-1.5600541830062866
75.75,-150.2,1997,12,9,0.974234283,0.076461479,-1.529557824,28.48348236,-8.298772573,3.681874648,0.0,6.981843472,3.517738342,21.03757095336914,13.084895066,0.07085735350847244,27.835153579711914,-1.4811629056930542
75.75,-150.2,1997,12,10,0.979775012,0.075033903,-1.532690167,28.48856735,-6.178154051,3.166890889,0.0,6.975308895,3.52421999,21.03757095336914,0.0,0.0697517991065979,27.862184524536133,-1.4832794666290283
75.75,-150.2,1997,12,11,0.983704567,0.073518515,-1.534234643,28.49905777,-5.840921402,3.99180539,0.0,6.969522476,3.530979872,21.03757095336914,5.078058341,0.06859304755926132,27.885272979736328,-1.4876134395599365
75.42,-150.19,1997,12,21,0.978176594,0.060630586,-1.552394032,28.71469498,-2.467048541,-0.476747844,0.0,6.767352581,3.577810526,17.92792320251465,20.70414891,0.0570329986512661,28.101078033447266,-1.515086054801941
75.42,-150.19,1997,12,24,0.965435982,0.058372673,-1.555233121,28.75728989,-0.668654591,0.722806435,0.0,6.754246235,3.587793112,17.92792320251465,0.0,0.05503078177571297,28.135412216186523,-1.5152405500411987
74.86,-149.23,1998,1,5,0.973370671,0.047244042,-1.572909355,29.06273079,0.509703066,-0.170292216,0.0,6.048531532,3.702516317,24.59598731994629,22.172368699,0.04836171865463257,28.471965789794922,-1.5405079126358032
74.86,-149.23,1998,1,6,0.975507259,0.04682244,-1.573283911,29.07501793,-0.036823816,0.839554425,0.0,6.052807808,3.705913544,24.59598731994629,0.0,0.04793484881520271,28.483976364135742,-1.5411885976791382
74.68,-151.76,1998,1,19,0.984270811,0.044340976,-1.579071403,29.64243507,-5.640904978,0.658345921,0.0,6.717495918,3.750047684,20.21181869506836,0.0,0.04226163774728775,28.696414947509766,-1.534300446510315
74.68,-151.76,1998,1,20,0.985203266,0.043852553,-1.583333731,29.65427208,-6.014572084,1.578684337,0.0,6.714891434,3.759396553,19.65664863586425,0.0,0.04163844883441925,28.636550903320312,-1.5325595140457153
74.68,-151.76,1998,1,21,0.985680819,0.043374408,-1.586012006,29.66544342,-5.733748898,2.923644707,0.0,6.711556911,3.770548105,18.220170974731445,0.0,0.041018109768629074,28.569297790527344,-1.5306590795516968
72.0,19.6833,1998,1,23,0.0,0.027698945,5.533616543,35.05641937,2.556746267,-10.06097272,0.0,9.707700729,0.0,206.9066162109375,0.0,0.034070633351802826,34.788700103759766,5.879823684692383
73.5,19.3333,1998,1,23,0.0,0.03091263,3.290036678,35.03411102,-4.302458465,-12.05920354,0.0,10.36600399,0.0,214.8614044189453,0.0,0.03443014249205589,34.898860931396484,3.9638350009918213
74.0,19.2167,1998,1,24,0.0,0.041784097,1.984632611,34.8838768,3.046107851,-4.17625308,0.0,8.442801476,0.0,103.59305572509766,0.0,0.031215675175189972,34.89007568359375,2.7805848121643066
74.96,-156.88,1998,2,3,0.98019433,0.043435279,-1.655460477,30.70514297,-5.161012709,3.235548735,0.0,6.357288837,3.792617083,18.96504592895508,0.0,0.04534686729311943,29.871389389038086,-1.6081231832504272
75.03,-159.36,1998,2,24,0.978277922,0.04157323,-1.680925727,31.27714539,-0.390711008,-1.846390031,0.002034172,5.637460709,3.896019936,23.298316955566406,0.0,0.040849242359399796,30.668359756469727,-1.6389726400375366
75.03,-159.36,1998,2,25,0.978667796,0.041342951,-1.681602001,31.28332901,-3.727195039,1.464701537,0.002348682,5.639577866,3.900160074,23.298316955566406,0.0,0.04064041003584862,30.674354553222656,-1.6396570205688477
71.998,19.682,1998,3,4,0.0,0.031582128,5.015535355,35.02997971,-0.393583905,-5.018021539,0.047163568,9.776473045,0.0,216.3836669921875,0.0,0.06358486413955688,34.893672943115234,5.430885314941406
75.15,-159.73,1998,3,4,0.984651148,0.038484484,-1.682369471,31.34357071,-1.832414977,2.259438671,0.00304356,5.593789577,3.929182768,24.29877471923828,4.46355,0.03960714861750603,30.756311416625977,-1.6412307024002075
73.495,19.362,1998,3,5,0.0,0.026698155,2.651294947,35.03155899,-1.438488066,-7.607517391,0.013419752,10.36188507,0.0,311.6971130371094,0.0,0.03069205954670906,34.9560546875,3.1003928184509277
73.997,19.218,1998,3,5,0.016263768,0.040217981,1.384386301,34.9801178,-3.096747026,-0.446656113,0.095317595,10.3448019,0.033582836,121.28780364990234,0.0,0.030336594209074974,34.947418212890625,2.09869647026062
75.62,-160.44,1998,3,13,0.972565532,0.037096281,-1.683818579,31.4353199,-1.631541178,1.742345281,0.004958076,5.468474865,3.948277473,26.00710678100586,5.5475,0.03664049506187439,30.831844329833984,-1.6438918113708496
75.62,-160.44,1998,3,14,0.973280549,0.036963701,-1.682486534,31.43616104,-4.266972467,-0.05880812,0.00519729,5.472795963,3.951911688,26.00710678100586,0.0,0.03653297200798988,30.832517623901367,-1.6439924240112305
64.1333,1.2633,1998,3,21,0.0,0.604041517,5.574731827,35.06171036,13.21258992,-1.971763559,2.654523373,10.28312874,0.0,163.74966430664062,0.0,0.5061744451522827,35.031005859375,6.319485187530518
76.03,-164.09,1998,3,27,0.973984003,0.038940486,-1.706441164,31.46782684,-4.413097352,0.411972078,0.00601381,6.463860512,3.956695795,28.64965057373047,17.47755,0.038140591233968735,30.845569610595703,-1.6741790771484375
76.03,-164.09,1998,3,28,0.968761384,0.038828824,-1.707105875,31.47826385,-3.073412366,0.25482506,0.006499493,6.477869987,3.961452961,28.64965057373047,0.0,0.03803831338882446,30.857023239135742,-1.674254298210144
76.03,-164.09,1998,3,29,0.960207164,0.038722068,-1.707322836,31.48703384,-3.217834607,0.622990215,0.008274261,6.4890275,3.964597702,28.64965057373047,0.0,0.03793654963374138,30.867311477661133,-1.6749094724655151
76.03,-164.09,1998,3,30,0.956735313,0.038623266,-1.707676172,31.4941349,-0.362225506,0.772706466,0.010130276,6.497803211,3.965385675,28.64965057373047,234.75105,0.037841420620679855,30.875011444091797,-1.6750195026397705
76.03,-164.09,1998,4,1,0.954709232,0.038500343,-1.709441185,31.50277138,-0.095267163,4.715549946,0.010618278,6.519961357,3.956773758,28.64965057373047,45.88005804,0.03772993013262749,30.885986328125,-1.6763542890548706
62.96,3.917,1998,4,5,0.0,2.136613369,6.914895058,34.47515869,16.45447612,22.18869776,59.06636429,7.977880001,0.0,10.767897605895996,32.0039535,2.2789173126220703,32.95664596557617,6.4816484451293945
63.19,3.395,1998,4,5,0.0,2.035665751,7.617030144,35.16795731,-10.30139625,6.612987071,27.87530518,9.914175987,0.0,46.7651252746582,0.0,1.9916337728500366,34.64442825317383,7.536910533905029
64.37,0.728,1998,4,5,0.0,0.653385162,5.742884636,35.10800552,-6.623461097,1.074576844,4.198794842,10.05958462,0.0,112.3028335571289,0.0,0.7299339771270752,34.899017333984375,5.538458347320557
62.37,5.2,1998,4,6,0.0,1.418572187,5.540109158,33.53329849,-10.82555503,-2.383718267,30.83517838,2.449653149,0.0,13.371140480041504,0.0,1.4673409461975098,32.36806869506836,5.337904453277588
62.48,4.945,1998,4,6,0.0,1.554205179,5.640550613,33.63677216,-7.897395641,4.68958281,28.45106697,2.596224308,0.0,20.69634246826172,0.0,1.6591764688491821,32.82798767089844,5.659912586212158
62.6,4.69,1998,4,6,0.0,1.756982565,5.671468735,33.7527504,-8.771708608,4.888238013,32.26040268,2.547653675,0.0,20.167381286621094,0.0,1.8555598258972168,33.01227951049805,5.708572864532471
62.84,4.176,1998,4,6,0.0,2.412018538,6.392784595,33.98531342,6.639862806,14.85473514,52.81417465,3.122299433,0.0,17.906461715698242,0.0,2.3363304138183594,33.096309661865234,6.401331901550293
74.0,19.2167,1998,4,7,0.000412092,0.477404535,1.346210599,34.98329544,-3.961162642,-8.000638336,1.878551006,10.00640678,0.002701253,61.7973747253418,0.0,0.1305692344903946,34.9138069152832,3.022341012954712
72.0,19.6833,1998,4,8,0.0,0.185660407,5.162372589,35.02864456,-1.042571012,-10.33315957,0.67522943,9.851592064,0.0,219.69512939453125,8.000988476,0.29498597979545593,34.935699462890625,5.298233985900879
73.5,19.3333,1998,4,8,0.0,0.10829109,3.309954405,35.04975891,-2.692385204,-14.85667825,0.38917309,10.44289494,0.0,189.4416961669922,0.0,0.4803745746612549,34.902408599853516,3.8560683727264404
76.13,-165.5,1998,4,14,0.959259152,0.037768599,-1.701144814,31.23651123,-4.358213767,3.517058119,0.006163382,6.587440491,3.953098297,43.84260177612305,2.9174,0.036412563174963,30.89736557006836,-1.6799278259277344
64.5,7.5833,1998,4,15,0.0,2.104049683,6.534121037,34.66870117,2.954361401,10.74852571,37.70487595,3.038690805,0.0,19.861989974975582,0.0,1.9955488443374634,33.98747253417969,6.445220947265625
63.0,6.0333,1998,4,17,0.0,2.068369389,6.742239475,34.18899918,1.554299612,0.293249544,40.02220154,1.381765127,0.0,14.57390022277832,0.0,1.2775919437408447,32.986297607421875,6.547658443450928
63.25,6.7667,1998,4,17,0.0,1.309362888,6.496421814,34.28409576,1.568909921,6.931492686,36.4608345,2.837012053,0.0,17.07990264892578,0.0,1.0243289470672607,32.89009475708008,6.1627888679504395
65.0167,6.41667,1998,4,19,0.0,2.213132858,7.468343735,35.09548569,4.36142832,7.044348866,46.10647964,2.642338037,0.0,23.954158782958984,0.0,1.8058239221572876,34.329742431640625,7.273877143859863
76.05,-165.52,1998,4,20,0.963167429,0.035955574,-1.707545757,31.34701538,-2.058790438,-3.673220426,0.007693501,6.949416161,3.951710939,38.64286804199219,0.0,0.035221993923187256,30.909421920776367,-1.6820474863052368
76.05,-165.52,1998,4,21,0.965453565,0.03584807,-1.707685947,31.35375595,-0.644530868,-1.342367753,0.010291256,6.954545975,3.956377506,38.38710021972656,0.0,0.03510911017656326,30.914255142211914,-1.6830692291259766
62.37,5.2,1998,4,22,0.0,1.840415597,6.389343739,33.81752014,4.65487726,13.34451288,39.30379868,0.974000871,0.0,13.36640453338623,128.9117274,1.6615723371505737,32.47346115112305,6.01999568939209
62.4845,4.946,1998,4,22,0.0,1.774333715,6.26500082,33.73474503,4.92677018,9.514971823,31.1096859,0.47752139,0.0,14.222198486328123,6158.197775,1.4314929246902466,32.76882553100586,6.202314853668213
62.6017,4.69,1998,4,22,0.0,1.599285245,6.435922146,33.82080078,5.391719565,13.39054108,22.87104225,0.296858281,0.0,14.286751747131348,128.9117274,1.5798687934875488,32.74592208862305,6.331059455871582
65.0167,6.41667,1998,4,22,0.0,1.51452601,7.727937222,34.96902466,9.539786726,9.387715906,30.78083229,0.522826016,0.0,12.005256652832031,0.0,1.5368461608886719,33.425418853759766,7.348372936248779
62.8383,4.175,1998,4,23,0.0,1.851849318,7.000785828,34.55491257,22.99839258,20.63359171,40.58355713,2.17515564,0.0,11.254987716674805,0.0,1.93598473072052,33.28004837036133,6.934703350067139
62.9566,3.917,1998,4,23,0.0,2.031024218,8.066644669,35.14544296,28.0631423,10.41007861,45.41844177,3.83806777,0.0,14.84193515777588,0.0,1.97782301902771,33.458717346191406,7.163532257080078
63.0733,3.657,1998,4,23,0.0,2.164802313,7.955358505,35.07579422,29.47764397,12.61998266,48.00151443,6.211124897,0.0,14.369100570678713,0.0,2.00785231590271,34.0758171081543,7.7801079750061035
63.31,3.133,1998,4,23,0.0,2.296175718,7.603675842,34.851017,4.691374674,5.931370705,52.29335403,8.410481453,0.0,15.117949485778809,0.0,2.3476369380950928,33.925846099853516,7.382792949676514
63.4266,2.87,1998,4,23,0.0,2.204574585,7.553598404,34.5935936,-18.72267574,6.453306973,45.78148651,8.3913517,0.0,17.415876388549805,0.0,2.527712821960449,34.029640197753906,7.271346569061279
63.6633,2.338,1998,4,24,0.0,1.82033515,7.466180325,34.67087173,-0.615652325,19.37463135,24.12332726,8.258162498,0.0,17.380041122436523,0.0,2.0265753269195557,33.813934326171875,7.295080184936523
63.8983,1.802,1998,4,24,0.0,2.0320189,7.895362854,35.2941246,30.84361851,22.82183021,24.67750931,8.40010643,0.0,29.135513305664062,0.0,1.8447272777557373,34.10257339477539,7.512495517730713
64.135,1.262,1998,4,24,0.0,1.78359139,5.875328541,35.07297897,4.850883409,2.916694991,18.48143768,8.795033455,0.0,24.5774040222168,0.0,2.111813545227051,34.6446533203125,7.47048807144165
64.37,0.728,1998,4,24,0.0,1.536550283,6.606402397,35.2396431,6.33546263,10.31655967,14.39580536,8.793172836,0.0,25.56648063659668,0.0,1.3489043712615967,34.588722229003906,6.452972412109375
64.6666,0.0,1998,4,24,0.0,1.127131343,5.895956516,34.96821213,7.015154511,7.962633669,10.14312935,8.198698997,0.0,22.765254974365234,0.0,1.1030901670455933,34.3988037109375,6.351040363311768
65.0167,6.41667,1998,4,29,0.0,0.794959664,8.738534927,34.73299789,0.878240727,-5.17818667,14.00686264,0.100203812,0.0,10.767897605895996,0.0,0.9894371032714844,33.041908264160156,8.318727493286133
75.96,-166.23,1998,4,29,0.964161158,0.034221321,-1.707674146,31.33439636,-2.795083821,-0.128679117,0.008532465,6.931395531,3.978973389,41.54615020751953,0.0,0.03373032435774803,31.018081665039062,-1.6888824701309204
65.0167,6.41667,1998,5,3,0.0,1.077404976,8.27004528,34.88623428,-6.729629636,1.367256604,21.11031532,0.285736263,0.0,19.79216957092285,0.0,1.3268784284591675,33.94569396972656,7.984933853149414
76.05,-165.23,1998,5,5,0.966756761,0.03484755,-1.716186404,31.48391151,-0.092245173,-0.411788467,0.01728528,7.024736404,3.996767282,33.23696517944336,0.0,0.03432314470410347,31.010574340820312,-1.689031958580017
65.0167,6.45,1998,5,11,0.0,1.082884908,7.928602695,34.79843521,6.814329326,0.37240712,24.08715248,0.287201852,0.0,16.680591583251953,0.0,1.158376932144165,33.81492614746094,7.699253082275391
65.0167,6.45,1998,5,13,0.0,0.914133489,8.100681305,34.77700043,11.89662665,3.93477343,16.48158073,0.174482778,0.0,12.077557563781738,0.0,0.9993191361427307,33.42939376831055,7.8159050941467285
69.0333,12.28,1998,5,16,0.0,1.370311499,7.507198811,34.8800354,23.61023575,-1.645259,22.25068855,5.123741627,0.0,15.838891983032228,0.0,1.3241498470306396,33.779632568359375,7.255906105041504
69.4833,10.95,1998,5,16,0.0,0.969184101,7.37857914,34.89429474,7.447292656,-9.271028638,15.49031544,6.934442043,0.0,16.64344024658203,0.0,0.8103925585746765,33.76913833618164,7.098728656768799
69.7,10.27,1998,5,16,0.0,1.383790612,7.056080818,35.09052277,16.40678048,7.9804115,19.77292824,7.553137302,0.0,25.497602462768555,0.0,1.1581825017929077,34.03897476196289,7.028732776641846
69.95,9.583,1998,5,16,0.0,1.36912787,6.817977905,35.15550232,13.34050596,3.354256973,19.21524811,8.02657795,0.0,21.288360595703125,0.0,1.3556760549545288,34.18279266357422,6.754105091094971
68.58,13.58,1998,5,17,0.0,1.455271244,6.68838501,34.43012238,12.6148209,0.617764052,26.36591721,1.496378541,0.0,23.64151382446289,1536.189768,1.3549861907958984,33.70026779174805,6.5250678062438965
68.7333,13.17,1998,5,17,0.0,1.396046638,7.408305645,34.70688629,22.66296893,8.578203619,25.09976006,2.717921019,0.0,24.215940475463867,0.0,1.3024739027023315,33.801578521728516,6.891018390655518
76.31,-166.21,1998,5,18,0.958780885,0.035154413,-1.713669181,31.36797142,-4.749108106,2.422136627,0.022010595,6.908881664,4.023812771,44.12100982666016,2.3916,0.035323526710271835,31.01262092590332,-1.6935491561889648
64.135,1.261,1998,5,19,0.0,1.160261035,9.093289375,35.33483505,25.71547627,8.75794515,21.42078972,5.44320631,0.0,36.92654037475586,0.0,1.0125683546066284,34.850303649902344,9.269126892089844
64.37,0.728,1998,5,19,0.0,1.164617181,8.393174171,35.27359772,12.69795895,1.813347451,21.48227692,5.533196449,0.0,41.01496124267578,0.0,0.8872627019882202,34.78416442871094,7.994937896728516
64.6666,0.0,1998,5,19,0.0,0.985061228,7.965455055,35.16822433,-4.118021578,-8.447317779,17.57050896,5.792314053,0.0,26.846811294555664,0.0,0.9939869046211243,34.307518005371094,7.328691005706787
62.6016,4.69,1998,5,20,0.0,0.663997114,7.975633144,33.92535782,8.305886388,-1.849587448,10.02753067,0.147997588,0.0,23.304000854492188,0.0,0.8723018765449524,33.24705123901367,7.819885730743408
62.72,4.433,1998,5,20,0.0,1.24420774,8.392672539,34.46621704,23.2672736,7.826923579,25.40457916,1.243052959,0.0,24.59598731994629,0.0,1.007589340209961,33.26608657836914,7.922919273376465
62.8383,4.175,1998,5,20,0.0,1.297935605,8.628983498,34.61624146,26.12487674,6.411408633,25.07824135,1.695622563,0.0,24.59598731994629,0.0,1.2872670888900757,34.01232147216797,8.635918617248535
62.9566,3.917,1998,5,20,0.0,1.328998804,8.930257797,34.85349655,20.58087587,1.644210145,22.09747314,4.792200089,0.0,24.59598731994629,0.0,1.2876944541931152,34.01691436767578,8.738308906555176
63.0733,3.657,1998,5,20,0.0,1.329980016,8.981926918,34.86728668,17.2372818,-2.151151001,21.80017471,4.858006477,0.0,25.889556884765625,0.0,1.2930467128753662,34.17316436767578,8.802507400512695
63.1916,3.395,1998,5,20,0.0,1.212411642,8.792994499,34.78420639,2.237775363,-9.13188085,19.46753693,4.950544357,0.0,28.55319595336914,0.0,1.3156622648239136,34.155845642089844,8.776369094848633
63.31,3.133,1998,5,20,0.0,1.221047163,8.828631401,34.80970001,3.573248163,-8.92983824,19.87035561,5.020135403,0.0,27.67790985107422,0.0,1.1717277765274048,34.20195770263672,8.695343017578125
63.4266,2.868,1998,5,20,0.0,1.218791723,8.751916885,34.79571152,-1.597512513,-2.464353666,19.79891968,5.105154037,0.0,28.64965057373047,0.0,1.204368233680725,34.239707946777344,8.744430541992188
63.6633,2.338,1998,5,20,0.0,1.25075686,8.740633965,34.80269623,-7.256846875,-3.204009309,19.81686592,5.111496925,0.0,28.602357864379883,0.0,1.1808052062988281,34.26847839355469,8.708612442016602
63.8983,1.802,1998,5,20,0.0,1.318089485,9.087963104,35.180233,4.512251914,-4.538860172,21.43387985,5.446031094,0.0,41.53310012817383,0.0,1.2462741136550903,34.2689323425293,8.641579627990723
65.0167,6.45,1998,5,20,0.0,1.233511806,8.418132782,34.85316467,3.224444389,-3.905368224,25.04483986,1.277745605,0.0,24.286937713623047,0.0,1.2248913049697876,34.15891647338867,8.292106628417969
65.0167,6.45,1998,5,22,0.0,1.284494877,8.204235077,34.89949036,-0.333048776,-2.845440805,28.46370316,0.960992038,0.0,28.34943962097168,0.0,1.1674591302871704,34.24354553222656,8.1229248046875
76.41,-167.26,1998,5,25,0.98524797,0.034282338,-1.714449883,31.40006065,-2.340723947,3.297715262,0.002224901,6.88020134,4.047214985,46.49370956420898,0.0,0.03546478971838951,31.043201446533203,-1.693398118019104
65.0167,6.45,1998,5,30,0.0,0.54200387,8.463356972,35.01369095,-4.807265848,-5.146805197,8.787211418,0.037948888,0.0,10.802938461303713,0.0,0.5255148410797119,33.2519645690918,8.05574893951416
65.0167,6.45,1998,6,2,0.0,0.434120297,8.133085251,35.0501442,-5.230746791,-7.52434954,8.652178764,0.047437165,0.0,21.85515213012696,0.0,0.623285710811615,34.18461227416992,8.019420623779297
76.83,-167.56,1998,6,3,0.980516791,0.033220984,-1.696392655,30.64377975,0.387282297,0.438394351,0.027061468,6.699363708,4.034780979,10.767897605895996,0.0,0.031840186566114426,29.83896827697754,-1.6289737224578857
65.0167,6.45,1998,6,9,0.0,0.484223217,8.292060852,34.99329376,-5.391710252,-3.53786014,12.95344353,0.134961396,0.0,19.15427017211914,0.0,0.5167114734649658,34.17148208618164,8.118160247802734
76.89,-166.33,1998,6,9,0.955961049,0.035677224,-1.697879314,30.56952095,-2.627827413,-4.382127151,0.070183493,6.512634754,4.020463467,10.767897605895996,0.0,0.034268006682395935,29.560331344604492,-1.6147782802581787
65.0167,6.45,1998,6,13,0.0,0.492182404,8.6417799,34.96202087,-1.669330709,-1.258634869,11.9210825,0.089319542,0.0,10.767897605895996,0.0,0.4865158498287201,33.3754768371582,8.031283378601074
77.32,-166.49,1998,6,17,0.978896916,0.036979329,-1.667581558,30.11069489,3.193394095,7.025367022,0.022475375,6.675864697,3.956969738,10.767897605895996,32.0,0.035449083894491196,29.353679656982422,-1.592361330986023
65.0167,6.45,1998,6,20,0.0,0.402116299,9.654009819,34.84918213,4.364243522,8.910569549,11.29249859,0.056958392,0.0,10.767897605895996,0.0,0.4201532006263733,33.294410705566406,8.91629695892334
65.0167,6.45,1998,6,24,0.0,0.233895525,11.99809456,34.60362244,3.31579335,6.482549012,6.654058456,0.037460878,0.0,10.767897605895996,0.0,0.2693040370941162,32.98701095581055,10.099672317504883
77.72,-167.85,1998,6,24,0.966976523,0.037195038,-1.661498666,30.04606628,-4.00669612,3.436516598,0.037595816,6.922302246,3.885345936,10.767897605895996,15.0549,0.035897787660360336,29.048303604125977,-1.5828965902328491
66.4,34.35,1998,6,25,0.0,0.261170596,6.404919624,26.076334,-11.33653596,4.302693903,5.727238178,2.977343321,0.0,10.767897605895996,14835.620527,0.3153800368309021,24.34536361694336,1.9483669996261597
66.46666667,34.5,1998,6,25,0.0,0.247955412,7.340522766,26.11187744,-14.35965002,2.363150939,5.04984045,2.764987469,0.0,10.767897605895996,35329.502611,0.4693619906902313,25.558696746826172,2.819913387298584
65.78333333,35.73333333,1998,6,27,0.0,0.23188892,5.891553879,26.51185417,-1.992105879,2.139115706,3.563134193,2.426351786,0.0,10.767897605895996,2439.680934,0.40800774097442627,25.09394645690918,5.041192054748535
66.1,35.68333333,1998,6,27,0.0,0.237575501,6.33323288,27.05189323,-2.369189262,0.891750772,3.498613596,2.285978079,0.0,10.767897605895996,8561.704441,0.40458789467811584,25.670623779296875,5.021210670471191
66.16666667,36.0,1998,6,27,0.0,0.26744625,7.523960114,27.12364769,-3.381167352,-3.059582599,4.574293137,0.687987149,0.0,10.767897605895996,63229.59964,0.2698144316673279,26.04608154296875,5.60128116607666
73.5,19.3333,1998,6,27,0.0,1.067056775,6.691439629,35.08673477,1.983160712,-0.116087985,22.92718887,2.739620447,0.0,20.02737236022949,0.0,1.0945067405700684,34.33328628540039,6.411023139953613
74.0,19.2167,1998,6,27,0.0,1.101337433,4.231657505,34.84358215,1.122699957,1.167264581,19.42733574,2.701621532,0.0,12.951611518859863,0.0,1.1026033163070679,34.00224685668945,5.354764461517334
66.0,35.0,1998,6,28,0.0,0.342258692,6.153574467,25.73603249,-0.014627857,1.268731244,9.017834663,4.167047024,0.0,10.767897605895996,2565.1542137,0.6533277630805969,24.25316047668457,5.145574569702148
66.2,39.98333333,1998,6,28,0.0,0.184503511,5.548543453,27.74791527,-8.369060606,-3.551293537,4.075386047,3.128217936,0.0,10.767897605895996,10763.755816,0.3599626123905182,27.43475914001465,5.420036792755127
70.5,20.0,1998,6,28,0.0,1.054173946,9.042236328,34.51821899,-1.96320489,2.797057107,15.99301624,0.035730183,0.0,10.767897605895996,0.0,2.281733989715576,32.902557373046875,8.011527061462402
66.35,34.23333333,1998,6,30,0.0,0.197343126,4.332712173,24.13706589,-0.493713515,0.583550986,3.116813898,2.934081078,0.0,10.767897605895996,41228.2416,0.2925563454627991,22.86667823791504,0.7634469866752625
77.73,-168.0,1998,6,30,0.955169857,0.039099757,-1.646790266,29.69082832,3.919511661,-1.309594698,0.100903064,6.77252388,3.825803041,10.767897605895996,0.0,0.038313090801239014,28.916011810302734,-1.568299412727356
62.4833,4.9383,1998,7,1,0.0,0.212250635,11.37906647,33.70074844,-9.312241524,-1.90210063,3.511674404,0.137708008,0.0,10.767897605895996,0.0,0.19959762692451477,31.91536521911621,10.818620681762695
68.58,13.58,1998,7,1,0.0,0.182782397,11.34513855,33.95114136,-3.623783588,-5.253533646,3.504402161,0.006445259,0.0,10.767897605895996,0.0,0.17740607261657715,32.38734436035156,10.403168678283691
62.8333,4.1867,1998,7,2,0.0,0.295213282,11.70343876,33.62991714,14.55024034,6.477556378,4.12378788,0.194948241,0.0,10.767897605895996,0.0,0.4108109474182129,32.11627197265625,11.298895835876465
69.48,10.95,1998,7,2,0.0,0.358623058,10.45421791,34.64841461,-10.05660444,-2.929456159,11.13302231,1.612597942,0.0,12.487202644348145,0.0,0.36799246072769165,33.23920440673828,9.781869888305664
69.7,10.27,1998,7,2,0.0,0.427460492,9.437041283,34.96712875,-1.684993692,-16.03600979,11.82507229,1.711484075,0.0,14.901952743530272,0.0,0.3840368688106537,33.455902099609375,9.678403854370117
63.07,3.66,1998,7,3,0.0,0.722201884,11.32126331,34.38883209,22.53579944,-1.164702978,19.06624985,0.230293483,0.0,11.12220287322998,0.0,0.6827508807182312,32.777889251708984,10.771685600280762
63.19,3.4,1998,7,3,0.0,0.427373976,11.045187,34.72489166,-1.434014365,-5.693915114,14.82178593,0.834884107,0.0,10.767897605895996,0.0,0.589754045009613,32.545711517333984,10.89457893371582
63.66,2.34,1998,7,3,0.0,0.368456304,11.21460724,34.49616623,-16.82389826,-1.479435991,10.08074474,2.903316975,0.0,10.767897605895996,0.0,0.4197298288345337,32.72212600708008,10.569809913635254
64.3683,0.7333,1998,7,3,0.0,0.52039665,11.06705189,35.08392334,13.43497187,2.076187544,12.68816853,3.106037378,0.0,10.863258361816406,0.0,0.5019786953926086,33.503108978271484,10.54042911529541
64.6633,0.005,1998,7,4,0.0,0.410789251,10.75453854,34.99911499,-5.744866654,-0.425994769,6.723471642,3.196022034,0.0,12.38459300994873,0.0,0.42239972949028015,33.576171875,10.37947940826416
78.17,-167.18,1998,7,5,0.97107017,0.043371752,-1.613112569,29.3376236,-1.502871886,3.012329713,0.094785653,7.090376854,3.813415766,10.767897605895996,0.0,0.04236149042844772,28.70746421813965,-1.5503944158554077
78.17,-167.18,1998,7,6,0.969680786,0.044522878,-1.618308306,29.36378098,-4.338460043,-0.376965897,0.135229796,7.073941708,3.808393717,10.767897605895996,2.4298,0.04356749355792999,28.681360244750977,-1.5482099056243896
78.17,-167.18,1998,7,7,0.971008718,0.045630828,-1.620029926,29.34514999,-0.270719687,-2.827228419,0.132709429,7.061804295,3.802376747,10.767897605895996,79.48389075,0.04475387930870056,28.650720596313477,-1.5453734397888184
65.0167,6.45,1998,7,10,0.0,0.367282629,10.88627052,34.63982773,11.00929752,-4.818457365,6.377304077,0.045167219,0.0,10.767897605895996,0.0,0.40379616618156433,32.775447845458984,10.301191329956055
78.11,-166.13,1998,7,11,0.951681197,0.049887095,-1.608478546,28.78055382,-3.981023282,4.092013836,0.121936537,7.014298916,3.751742601,10.767897605895996,44.660594448,0.048269324004650116,28.456052780151367,-1.53151273727417
65.0167,6.45,1998,7,13,0.0,0.277040541,11.61090374,34.63980865,-3.549829498,1.348028984,4.420209408,0.029636569,0.0,10.767897605895996,0.0,0.30456116795539856,32.85720443725586,10.669086456298828
65.0167,6.45,1998,7,17,0.0,0.220249683,12.14067173,34.66106415,6.043353677,0.508691138,4.003209591,0.020268334,0.0,10.767897605895996,0.0,0.2558400630950928,32.94159698486328,11.377574920654297
68.55,-167.36,1998,7,18,0.0,0.529332459,7.199839115,29.57361031,3.556463495,19.10941303,6.330835342,0.032765746,0.0,10.767897605895996,4.724460086,1.2793552875518799,28.98421287536621,4.418399333953857
78.22,-166.13,1998,7,18,0.941556931,0.054424822,-1.580332637,28.35251617,0.041881556,2.090822719,0.094222419,6.996123314,3.699241638,10.767897605895996,5.658037049,0.05305224657058716,28.24248504638672,-1.4999394416809082
65.0167,6.45,1998,7,21,0.0,0.182341233,13.01362514,34.75284576,3.00519336,7.248339802,2.725990772,0.029936343,0.0,10.767897605895996,0.0,0.2150793820619583,33.05903244018555,12.113818168640137
71.62,-155.99,1998,7,21,0.0,1.740602612,1.750748992,29.11080933,37.37909198,6.230276078,38.44522095,0.538028955,0.0,10.767897605895996,910.5831145,1.7645292282104492,28.006376266479492,0.8141638040542603
63.0733,3.6567,1998,7,22,0.0,0.49898991,12.14811802,34.49013519,30.86388409,16.27400964,20.85437393,2.083333254,0.0,10.767897605895996,0.0,0.4158695936203003,32.878536224365234,11.63198184967041
63.1917,3.395,1998,7,22,0.0,0.333987087,12.45025635,33.9770813,11.37998849,8.381126821,10.47763348,2.869880915,0.0,10.767897605895996,0.0,0.348398894071579,32.85604476928711,11.717259407043457
78.5,-165.51,1998,7,24,0.912123978,0.057453573,-1.579718828,28.27105331,0.711675687,4.490784556,0.094185375,6.882953644,3.651236773,10.767897605895996,18.691742002,0.055946480482816696,28.151573181152344,-1.477360486984253
65.0167,6.45,1998,7,25,0.0,0.192548186,13.53655243,34.55764008,7.679440826,0.164921209,3.244436026,0.037870601,0.0,10.767897605895996,0.0,0.23574498295783997,32.82994079589844,12.367474555969238
68.58,13.5833,1998,7,26,0.0,0.111303255,13.96006966,33.97565079,3.292829171,3.818544,1.609685779,0.008082073,0.0,10.767897605895996,0.0,0.1071116179227829,32.41422653198242,12.962024688720703
72.48,-153.35,1998,7,26,0.0,0.237514481,3.868482351,29.75000763,-5.56464307,1.049367152,2.871329308,4.853244781,0.0,11.85343074798584,11190.340426,0.35020166635513306,27.769325256347656,3.7305476665496826
66.4,34.35,1998,7,27,0.0,0.343233645,13.93794537,23.66712952,0.376488408,2.987496182,7.499962807,4.115527153,0.0,10.767897605895996,0.0,0.16485925018787384,23.264904022216797,10.229228019714355
65.0167,6.45,1998,7,28,0.0,0.179804042,13.61745262,34.55147552,-4.005596787,2.717053331,3.447707415,0.043687783,0.0,10.767897605895996,0.0,0.23618336021900177,32.83597183227539,12.65024471282959
72.28,-151.83,1998,7,28,0.0,1.097279668,4.454080582,29.85913277,6.383740902,-7.947768271,28.67394066,6.434891224,0.0,10.767897605895996,7017.8980723,1.0158665180206299,28.643476486206055,3.894949436187744
71.98,-152.23,1998,7,30,0.0,1.929328442,3.928036928,29.34968758,3.195054829,-2.537027188,32.63433838,3.943879604,0.0,10.767897605895996,19435.257634,1.7081115245819092,27.52876853942871,3.912837505340576
71.555,-152.366,1998,8,2,0.0,2.078767776,5.679154396,28.76675034,27.80968249,-4.24618125,25.65952301,2.206647635,0.0,10.767897605895996,8584.651975,1.7492026090621948,27.48370933532715,5.462528705596924
71.287167,-152.557,1998,8,3,0.0,1.175628066,4.763667583,29.48985481,37.40676641,-7.003857195,13.73649311,0.474579841,0.0,10.767897605895996,35317.77265,1.239903211593628,28.178930282592773,4.07636022567749
78.26,-160.75,1998,8,3,0.779611766,0.060735747,-1.650488853,28.52406311,-2.9533308,0.565060601,0.167600602,6.756109238,3.639536858,10.767897605895996,67.76460843,0.058774180710315704,27.734079360961914,-1.4730520248413086
72.631667,-158.658833,1998,8,5,0.0,0.654987633,2.510775328,29.4111805,-12.1955514,1.905968972,3.611719131,1.260220289,0.0,11.919662475585938,5609.384257,0.697815477848053,27.367759704589844,1.6831053495407104
65.0167,6.45,1998,8,9,0.0,0.189449042,12.6163969,34.76234818,4.209571704,-8.802791685,3.827522993,0.038280912,0.0,10.767897605895996,0.0,0.23626203835010529,33.03562545776367,11.926469802856445
73.052167,-158.108667,1998,8,9,0.0,0.364450783,3.046700001,29.7124176,-13.9692843,8.9809753,1.511378288,3.285825014,0.0,10.767897605895996,6602.9254550000005,0.3818735182285309,28.288188934326172,2.7755095958709717
78.81,-158.8,1998,8,12,0.829863071,0.071925096,-1.589311361,28.07105255,0.176438771,2.753422782,0.126483828,6.748226643,3.631600142,10.767897605895996,22.82033945,0.06891763210296631,27.029329299926758,-1.4935489892959595
79.46,-158.82,1998,8,23,0.801083803,0.098873429,-1.524691582,28.29846764,-1.711018756,1.91612877,0.224059299,6.673909187,3.680592537,10.767897605895996,16.70500754,0.09414084255695343,26.9891300201416,-1.4441330432891846
71.9967,19.68,1998,8,26,0.0,0.337339401,11.22507191,34.48398972,1.075975783,-0.902364217,10.15765095,0.678339958,0.0,15.215269088745115,0.0,0.3682801425457001,33.292903900146484,11.112136840820312
79.59,-160.16,1998,8,27,0.823983669,0.114497498,-1.546309829,28.45752907,-5.50840348,5.905646086,0.277983636,6.495167732,3.630792856,10.767897605895996,0.0,0.10906431078910828,27.185718536376953,-1.4543367624282837
73.495,19.3367,1998,8,28,0.0,0.256207287,9.929323196,34.67260742,-1.620249636,10.13722196,5.490971088,1.565844178,0.0,12.751011848449709,0.0,0.25127995014190674,33.48554611206055,9.829642295837402
74.0017,19.2233,1998,8,28,0.0,0.262182266,6.942574978,34.59804916,3.588405624,3.130804375,5.366269588,1.510344625,0.0,10.767897605895996,0.0,0.2569272220134735,32.92766189575195,6.646337032318115
79.53,-159.78,1998,8,31,0.790690005,0.124047145,-1.532515168,28.41534996,-0.238546543,-1.514321566,0.237484604,6.520481586,3.648874283,10.767897605895996,0.0,0.1185392439365387,27.223896026611328,-1.428429365158081
64.75,6.41167,1998,9,6,0.0,0.130386665,12.85809898,34.51609039,4.075166211,-1.72239989,2.209363699,0.067225084,0.0,10.767897605895996,0.0,0.22373266518115997,32.39331817626953,12.21043586730957
79.68,-161.7,1998,9,8,0.822215796,0.169153601,-1.541679978,28.64099312,-5.584615842,1.485982537,0.376828909,6.415903091,3.631679773,10.767897605895996,21.96917568,0.1658807098865509,27.545345306396484,-1.4496411085128784
64.75,6.41167,1998,9,9,0.0,0.163271144,13.13655567,34.33213043,4.755803198,2.529209107,3.177511692,0.039266299,0.0,10.767897605895996,0.0,0.21825915575027466,32.230445861816406,12.398747444152832
79.68,-161.7,1998,9,9,0.817918777,0.173541367,-1.547207475,28.63444328,-4.854525626,2.508489788,0.371253669,6.414229393,3.635580063,10.767897605895996,0.0,0.1701887995004654,27.527751922607422,-1.4506187438964844
64.75,6.41167,1998,9,13,0.0,0.134766474,12.8674202,34.41292191,-5.30102551,1.68133378,2.486770391,0.122211441,0.0,10.767897605895996,0.0,0.20385219156742096,32.06105422973633,12.435348510742188
80.2,-164.71,1998,9,21,0.962115765,0.242657378,-1.570722222,29.32154274,-2.114839666,4.526229948,0.169761986,6.656535625,3.61630249,10.767897605895996,6.000020668,0.23409484326839447,28.072574615478516,-1.4994580745697021
80.17,-165.97,1998,9,29,0.969423354,0.237302065,-1.598905325,29.47091675,-2.430999465,0.863962993,0.059601739,6.706795692,3.605943203,10.767897605895996,0.0,0.22494113445281982,28.29677963256836,-1.5247812271118164
80.17,-165.97,1998,9,30,0.973082006,0.234763637,-1.599241853,29.45496559,-2.587628737,2.190085873,0.049123988,6.703406334,3.606877565,10.767897605895996,14.74985081,0.22263485193252563,28.288410186767578,-1.5238734483718872
80.25,-166.02,1998,10,1,0.972470045,0.232252523,-1.600905418,29.44525909,-2.355676331,4.576952383,0.041170672,6.700810909,3.604387283,10.767897605895996,4.380815091,0.22052253782749176,28.32879066467285,-1.5277705192565918
72.0,19.6833,1998,10,11,0.0,0.283447683,7.129788876,34.74124527,-0.67612729,6.864919513,2.538539648,2.845083237,0.0,38.56599044799805,0.0,0.277557373046875,34.20142364501953,7.145386695861816
73.5,19.3333,1998,10,12,0.0,0.287308484,6.025938988,34.9072876,8.596134186,3.552830219,1.162210226,2.999091148,0.0,41.46746444702149,0.0,0.2701544165611267,34.60785675048828,6.478081226348877
74.0,19.2167,1998,10,12,0.0,0.290024817,3.342418909,34.6225853,2.31914483,4.836801812,0.982735217,3.266864777,0.0,40.55756759643555,0.0,0.27081188559532166,34.39762878417969,4.486608028411865
66.4,34.35,1998,10,15,0.0,0.915320992,6.681444645,26.76645279,-2.876525186,7.074771821,5.545176506,2.625669479,0.0,11.62511157989502,0.0,0.8390350341796875,26.281612396240234,6.378853797912598
62.8383,4.175,1998,12,4,0.0,0.159047619,8.356143951,35.09560776,8.024182171,-1.821941137,0.32209897,7.726535797,0.0,80.27238464355469,0.0,0.12993882596492767,34.80498504638672,8.26284408569336
64.135,1.2617,1998,12,5,0.0,0.148317292,6.797375202,34.91529846,-2.502685785,0.313298288,0.125986665,7.614716053,0.0,91.88140869140624,0.0,0.13959328830242157,34.80504608154297,7.1512675285339355
62.8367,4.175,1999,1,13,0.0,0.195205703,6.682993412,34.40432739,42.24726856,33.29814672,0.148626208,7.393884182,0.0,49.22615051269531,0.0,0.1808893084526062,34.158573150634766,6.74427604675293
63.0733,3.6567,1999,1,14,0.0,0.105393253,7.444841862,35.20464706,15.74883461,11.17866859,0.14482823,9.926000595,0.0,212.9100036621093,0.0,0.08454014360904694,35.11155700683594,7.360588073730469
63.3117,3.1317,1999,1,14,0.0,0.086354248,7.440719604,35.21018219,1.424049027,7.531878352,0.038877521,10.03614044,0.0,195.5328369140625,0.0,0.07866615056991577,35.11128616333008,7.274435520172119
63.66,2.34,1999,1,14,0.0,0.079745099,7.370180607,35.20545959,1.498652808,13.74571472,0.034360621,9.468424797,0.0,135.77500915527344,0.0,0.06924008578062057,35.10859680175781,7.230313301086426
64.1333,1.265,1999,1,15,0.0,0.096897528,6.609741688,35.12937546,5.259672925,21.68661952,0.067731194,9.148309708,0.0,176.50433349609375,0.0,0.06507550179958344,35.0597038269043,6.729787826538086
64.3683,0.7267,1999,1,15,0.0,0.106497727,6.271882534,35.13020706,4.733840749,19.36611533,0.086679205,8.918120384,0.0,164.1048126220703,0.0,0.08441376686096191,35.02065658569336,6.118475437164307
64.6667,0.0,1999,1,15,0.0,0.104826234,6.172273636,35.100914,-0.470465235,13.56500834,0.079795137,8.357047081,0.0,115.21373748779295,0.0,0.08577773720026016,34.94062042236328,5.978613376617432
71.9983,19.6833,1999,1,18,0.0,0.029696176,6.028291702,35.04998779,5.930935591,1.107475813,0.0,9.525357246,0.0,140.07662963867188,0.0,0.038662150502204895,34.89422607421875,6.292795181274414
73.4983,19.33,1999,1,19,0.0,0.029130479,5.388547897,35.06742859,-1.631293818,4.030206427,0.0,9.66314888,0.0,124.29559326171876,0.0,0.031040232628583908,34.90853500366211,5.642263412475586
74.0,19.2167,1999,1,19,0.0,0.032562155,4.091440201,35.04084015,1.751633734,8.435696363,0.0,9.243990898,0.0,98.22515869140624,0.0,0.029768073931336403,34.89896011352539,5.382891654968262
70.5,20.0,1999,3,2,0.0,0.16004473,4.929178238,34.55205917,1.855327934,5.318728089,0.557727993,5.961225033,0.0,136.38998413085938,0.0,0.2036014050245285,32.052677154541016,3.728642702102661
72.0,19.6833,1999,3,2,0.0,0.043167256,5.629908562,35.05340958,7.506935298,2.680540085,0.099760197,9.923003197,0.0,188.88162231445312,0.0,0.07427260279655457,34.72319793701172,5.733068466186523
74.0,19.2167,1999,3,3,0.0,0.041905381,3.53311348,35.02545166,4.807402566,9.288132191,0.080333337,9.702629089,0.0,111.43698120117188,0.0,0.028729038313031197,34.99406051635742,4.249949932098389
63.8983,1.8017,1999,3,14,0.0,0.542631209,6.282923698,35.20634079,13.20399791,9.896635264,2.212388277,10.20719337,0.0,191.9564666748047,0.0,0.4607144296169281,35.14467239379883,6.478893280029297
64.135,1.2617,1999,3,14,0.0,0.518706262,5.754922867,35.15460968,14.12100494,9.270554781,2.425574303,10.41174507,0.0,166.145263671875,0.0,0.42469483613967896,35.134090423583984,6.232058048248291
64.6667,0.0,1999,3,14,0.0,0.761732638,5.562319756,35.05979538,7.629501075,8.1364654,3.642846107,9.692436218,0.0,125.07594299316406,0.0,0.7596045136451721,34.96556091308594,5.658367156982422
63.0733,3.6567,1999,3,15,0.0,0.281220824,7.219808578,35.24765396,40.0960058,14.75137174,0.478961408,10.96804619,0.0,127.55526733398438,0.0,0.2767655849456787,35.20027542114258,7.237507343292236
63.3083,3.1317,1999,3,15,0.0,0.275758564,6.931660652,35.26008987,11.62389368,4.419737309,0.316064656,10.91546535,0.0,277.8798828125,0.0,0.2789929211139679,35.20314025878906,6.946913719177246
63.4267,2.8683,1999,3,15,0.0,0.344109267,6.867625237,35.26172256,8.855608851,9.229303896,0.42652446,10.6136198,0.0,285.9347229003906,0.0,0.2903008759021759,35.215335845947266,7.065804481506348
63.6617,2.3367,1999,3,15,0.0,0.44217661,6.460428238,35.22069931,14.96110409,4.243345186,0.54087323,10.43255043,0.0,227.5423278808593,0.0,0.363068550825119,35.193729400634766,6.8726301193237305
62.8367,4.175,1999,3,16,0.0,0.614709258,6.5122509,34.43560791,43.61067116,27.60077417,4.857686996,7.656754971,0.0,28.30562400817871,0.0,0.4910040497779846,33.970218658447266,6.755526542663574
63.6617,2.3367,1999,3,16,0.0,0.428383112,6.44386816,35.20973206,7.783833891,-4.920376837,0.885716856,10.45445538,0.0,226.7694702148437,0.0,0.35866352915763855,35.18927001953125,6.881877899169922
74.0,19.2167,1999,4,9,0.0,0.559570849,2.536088228,35.04164886,-4.054306448,-2.048530057,2.358207703,9.529285431,0.0,126.92900848388672,0.0,0.13357914984226227,34.99342727661133,3.6840896606445312
72.0,19.6833,1999,4,10,0.0,0.716400623,5.234375954,35.02491379,-4.04516235,-4.74097766,3.312608242,8.948008537,0.0,196.2159118652344,0.0,0.7177082300186157,34.89603805541992,5.456024646759033
73.5,19.3333,1999,4,10,0.0,0.065406486,4.091433525,35.08272934,-5.3879641,-7.652056217,0.164677113,9.943419456,0.0,189.9974365234375,0.0,0.45060792565345764,34.994773864746094,4.283395767211914
70.5,20.0,1999,4,11,0.0,0.768078744,4.518187046,34.48545074,-1.559019368,-2.26804167,4.48736763,5.997405529,0.0,128.43345642089844,0.0,0.8230919241905212,31.986080169677734,3.9386844635009766
62.72,4.4333,1999,5,1,0.0,1.28587985,7.265306473,34.45124817,24.68634993,12.48489991,26.12047195,0.673891902,0.0,20.573429107666016,0.0,1.1155387163162231,32.94108581542969,6.467416286468506
62.8383,4.175,1999,5,1,0.0,1.431670904,7.53324604,34.73505402,28.24831307,5.943257734,29.82265472,1.054044366,0.0,21.571413040161133,0.0,1.5883957147598267,34.00155258178711,7.428525924682617
62.9567,3.9165,1999,5,1,0.0,2.744187355,8.057147026,35.30076981,25.17982721,1.269563008,49.79001617,5.93773222,0.0,27.92674446105957,0.0,1.8239103555679321,34.05420684814453,7.41465425491333
63.0733,3.6567,1999,5,1,0.0,2.794210672,8.105027199,35.32016373,21.85726762,-7.159382105,50.4837265,6.542043209,0.0,32.797027587890625,0.0,2.233595132827759,34.827632904052734,7.980704307556152
63.1917,3.395,1999,5,1,0.0,2.745825291,8.010899544,35.22751617,0.935431104,-15.4551968,40.08971405,7.503356457,0.0,26.42604255676269,0.0,2.4832756519317627,34.800933837890625,7.936875820159912
63.31,3.1333,1999,5,1,0.0,2.735916376,8.144384384,35.27949142,3.055526875,-14.17267472,40.40535355,7.569143772,0.0,30.193397521972656,0.0,2.399592399597168,34.816200256347656,8.119345664978027
63.4267,2.8683,1999,5,1,0.0,2.384409428,8.278942108,35.32594681,2.587037161,-5.782389268,32.36405182,7.204384804,0.0,39.49573516845703,0.0,2.2969276905059814,34.84367370605469,8.118322372436523
63.6633,2.3383,1999,5,2,0.0,1.873905063,7.510826111,35.27928162,14.94818032,2.325396985,23.88944817,7.304083347,0.0,67.68473815917969,0.0,1.815532922744751,34.88853454589844,8.076486587524414
63.8983,1.8017,1999,5,2,0.0,2.024950266,7.138072014,35.2417984,9.128007293,3.250018507,23.15891457,7.664132595,0.0,57.59259033203125,0.0,1.6021419763565063,34.879634857177734,7.574110984802246
64.135,1.2617,1999,5,2,0.0,2.000315905,6.701594353,35.19544601,6.239040196,0.545594608,21.5456028,7.69351387,0.0,63.55018615722656,0.0,1.4980937242507935,34.88612365722656,7.131104946136475
64.37,0.7283,1999,5,2,0.0,1.959257126,6.647150993,35.19503403,6.775332242,1.348384842,20.69461441,7.458695412,0.0,45.2333984375,0.0,1.7098658084869385,34.722373962402344,6.460879802703857
64.6667,0.0,1999,5,2,0.0,0.966592729,5.420781136,35.09144592,6.086219102,4.224262387,11.95649338,7.30145216,0.0,51.00483322143555,0.0,0.9002811312675476,34.72569274902344,5.456475257873535
64.1383,1.245,1999,5,27,0.0,0.979569614,7.940700531,35.13410568,4.691765085,-3.259383887,24.29987335,4.350073814,0.0,15.311603546142578,0.0,1.029724359512329,34.042598724365234,7.852546691894531
64.3733,0.72,1999,5,27,0.0,0.940891206,7.807747364,35.13773346,3.668956459,-3.440949693,23.17814255,4.46402359,0.0,15.832298278808594,0.0,0.9302952289581299,34.09904098510742,7.481957912445068
64.6633,0.0033,1999,5,27,0.0,0.580936134,7.051258087,35.07255936,3.940540552,-3.925554082,13.9363184,5.759093285,0.0,10.767897605895996,0.0,0.6580939292907715,33.610923767089844,7.041993618011475
62.725,4.4367,1999,5,28,0.0,0.990544677,8.59744072,33.86930847,15.42077214,15.32325,26.61154366,1.242325425,0.0,10.767897605895996,0.0,0.6143537163734436,31.69788360595703,8.047619819641113
62.8383,4.1783,1999,5,28,0.0,1.077601552,8.750008583,34.03219986,20.19034773,13.60643953,27.89201736,1.85181272,0.0,10.767897605895996,0.0,1.1355202198028564,32.57276916503906,8.345967292785645
62.9633,3.91,1999,5,28,0.0,1.519112706,8.999053955,34.92080307,16.45583659,12.91846633,34.43189621,4.659591198,0.0,10.767897605895996,0.0,1.225645661354065,32.66929626464844,8.397671699523926
63.0767,3.6517,1999,5,28,0.0,1.477131963,9.036484718,35.12373734,9.440153837,9.509991109,33.26366806,4.772835255,0.0,10.767897605895996,0.0,1.3918437957763672,33.6277961730957,8.522282600402832
63.1933,3.39,1999,5,28,0.0,1.321759939,8.671323776,35.18919373,4.23851423,-11.26510948,31.20651627,4.544850349,0.0,11.519112586975098,0.0,1.3858692646026611,33.770450592041016,8.52357006072998
63.3117,3.1267,1999,5,28,0.0,1.315019488,8.616902351,35.13591766,-1.72670465,-10.30456498,30.82640839,4.55507946,0.0,11.247198104858398,0.0,1.281371831893921,33.526947021484375,8.142560958862305
63.4333,2.86,1999,5,28,0.0,1.156728864,8.468383789,35.1792984,16.94267392,3.957774118,27.61421394,4.407760143,0.0,13.437755584716797,0.0,1.303879737854004,33.520050048828125,8.159916877746582
63.665,2.3333,1999,5,28,0.0,0.957732797,8.722994804,35.33226013,5.163155124,2.178013511,21.49855423,4.611594677,0.0,12.256760597229004,0.0,1.0195198059082031,33.8444709777832,8.136456489562988
63.9,1.7983,1999,5,28,0.0,1.050171494,8.560221672,35.21232986,-3.089142777,-5.91660589,24.31464577,4.251429081,0.0,12.224932670593262,0.0,0.9941109418869019,33.73795700073242,8.243431091308594
62.37,5.1967,1999,5,29,0.0,0.543714821,9.291815758,32.57103729,-6.313055754,-11.53174564,12.30681801,0.388950795,0.0,12.764453887939451,0.0,0.448279470205307,31.184064865112305,8.671027183532715
62.4883,4.9417,1999,5,29,0.0,0.413525313,8.832673073,32.83643723,0.511704059,1.000697631,5.493187428,0.141062856,0.0,11.83107852935791,0.0,0.47869110107421875,31.151958465576172,8.530739784240723
66.4,34.35,1999,5,30,0.0,0.235128239,1.101427555,26.48506737,-6.830902398,4.349182546,4.975678921,1.400140166,0.0,10.767897605895996,0.0,0.4040738344192505,25.99786949157715,0.20816880464553833
67.4167,4.0,1999,5,30,0.0,0.89465934,7.520966053,35.21392822,7.335016876,-3.194378316,15.59818649,5.605954647,0.0,14.888490676879885,0.0,0.8551391363143921,34.0832405090332,7.441340446472168
68.7333,6.03,1999,5,30,0.0,0.57702142,7.889200687,35.17061615,-3.647904843,-15.7803297,12.35279942,6.09487772,0.0,12.74424648284912,0.0,0.5873243808746338,33.81700134277344,7.608209609985352
66.35,34.23333333,1999,6,1,0.0,0.273988873,0.035267051,26.69812012,5.648653209,-13.2889837,3.062647343,1.455114722,0.0,10.767897605895996,10.07122871,0.27519354224205017,24.784687042236328,-0.29686078429222107
66.46666667,34.5,1999,6,1,0.0,0.290634096,0.306506813,26.86833572,8.43718946,-9.948280454,4.969062328,1.258214116,0.0,10.767897605895996,0.0,0.4350162148475647,26.36473274230957,0.16058512032032013
73.4967,19.335,1999,7,2,0.0,0.880676031,7.702931881,35.04938889,6.022540107,-6.068085879,24.99339485,0.790382385,0.0,10.767897605895996,0.0,0.7979260087013245,33.47069549560547,7.456586837768555
73.9983,19.2167,1999,7,2,0.0,0.596328914,6.123840809,35.03119659,1.360184141,-5.019989982,17.74506378,0.3130292,0.0,10.767897605895996,609.8669434000001,0.7483328580856323,33.46602249145508,6.017063617706299
63.8983,1.8017,1999,7,25,0.0,0.305412591,11.32677841,34.98373795,11.95596084,-5.330614373,7.852338791,3.228853941,0.0,23.207761764526367,0.0,0.27792611718177795,34.218971252441406,11.235315322875977
66.35,34.23333333,1999,8,1,0.0,0.254939944,6.097754002,23.52620888,1.436270028,-0.585040869,2.608443737,2.272068501,0.0,10.767897605895996,0.0,0.329842746257782,23.316024780273438,2.9446120262145996
66.4,34.35,1999,8,1,0.0,0.9122051,3.22626996,23.32260513,6.759165227,-5.863709003,15.17759514,1.73169744,0.0,10.767897605895996,0.0,0.33118754625320435,23.953590393066406,2.982160806655884
66.46666667,34.5,1999,8,1,0.0,0.679241538,3.30227232,23.93145943,10.4403384,-2.425664477,11.5171833,1.649265885,0.0,10.767897605895996,0.0,0.3384299576282501,24.775991439819336,2.7716658115386963
70.4998,20.0003,1999,8,22,0.0,0.342555106,10.06554508,33.96903992,5.054021999,3.080269322,8.510861397,0.066545069,0.0,12.070627212524414,0.0,0.35743796825408936,32.42641830444336,9.620832443237305
72.0005,19.6823,1999,8,22,0.0,0.292999566,9.14480114,34.60771561,9.762117267,-7.04267621,6.822389603,2.160089254,0.0,18.268537521362305,0.0,0.2848215401172638,33.706363677978516,8.940136909484863
73.5,19.3365,1999,8,24,0.0,0.344529986,7.172742844,34.85319519,9.215395898,-10.07958129,7.213306427,1.344229341,0.0,10.810007095336914,0.0,0.35227155685424805,33.282623291015625,7.685115337371826
74.0,19.2048,1999,8,24,0.0,0.333328128,5.627096176,34.58549881,8.22584182,-5.090997368,6.453174591,1.467606544,0.0,11.175300598144531,0.0,0.3063144087791443,33.244903564453125,6.189666271209717
72.5135,74.73166667,1999,9,1,0.0,3.808635712,1.73788619,21.86015701,1.696709543,19.83644515,47.85383224,1.050703287,0.0,10.76992130279541,4.525918724,3.777961492538452,20.909358978271484,1.7798749208450317
73.2465,74.0335,1999,9,2,0.0,1.253225803,3.517409325,20.92621803,5.939459801,4.639549926,5.070248127,4.391043663,0.0,10.767897605895996,4.525902718999999,2.8998754024505615,20.834129333496094,2.9066202640533447
73.43383333,74.871,1999,9,2,0.0,2.41606307,3.433983564,19.91608238,8.355795592,-4.526778311,17.33706093,7.082723141,0.0,10.767897605895996,7.918579777,1.8886799812316895,19.072668075561523,3.4117560386657715
74.001,73.996,1999,9,3,0.0,2.409422874,3.234064817,21.77312469,20.50096989,8.261985332,17.35501862,4.426460266,0.0,10.767897605895996,29.41988838,2.3867976665496826,21.147722244262695,3.0249898433685303
73.092,78.51316667,1999,9,4,0.0,1.813619018,2.424003839,17.94641876,17.43212044,12.44698316,17.06113625,9.393488884,0.0,10.941072463989258,9.049806174,1.7309417724609375,17.141796112060547,2.3029093742370605
73.42333333,78.81216667,1999,9,4,0.0,1.093191862,2.760340929,23.81000328,40.17760754,-9.776424617,7.36727047,5.429143429,0.0,10.767897605895996,2.262449793,1.691296100616455,17.693592071533203,2.6801016330718994
72.4575,79.29916667,1999,9,5,0.0,1.688524723,1.088353872,16.95921516,-6.763523817,11.30833924,10.9841032,13.49957085,0.0,10.767897605895996,0.0,0.0,0.0,0.0
73.1345,79.954,1999,9,6,0.0,2.962067604,2.771978855,14.77099419,14.01306093,13.54148835,31.87129021,11.51700306,0.0,10.767897605895996,0.0,3.0494043827056885,16.622907638549805,1.9310003519058228
74.30083333,78.334,1999,9,6,0.0,1.779302597,2.618160963,26.37890625,14.90913033,10.93891412,13.95202732,3.659621477,0.0,10.767897605895996,14.70592866,1.7102906703948975,25.18943214416504,2.4783413410186768
74.25,74.60566667,1999,9,7,0.0,2.232167959,2.688313246,24.3963356,7.137099653,2.974369563,20.88769722,3.624530315,0.0,10.767897605895996,41.26566023,2.585662841796875,21.892318725585938,2.857090950012207
74.3005,74.33416667,1999,9,7,0.0,2.18639493,2.750027657,24.38261414,7.577553391,3.866202012,20.5826683,3.54208684,0.0,10.767897605895996,30.54309521,2.2537450790405273,23.359281539916992,2.5912256240844727
74.29866667,76.83133333,1999,9,8,0.0,2.138381004,2.612839222,25.89361,4.969605431,-1.991219446,21.12961769,4.14948988,0.0,10.767897605895996,69.007767098,2.028571367263794,25.414594650268555,2.341538429260254
73.5,19.3333,1999,10,3,0.0,0.371497452,5.618834496,34.84255219,-6.133696809,1.983837597,3.085405827,2.014101982,0.0,38.644630432128906,0.0,0.3620542585849762,34.491600036621094,6.377966403961182
74.0,19.2167,1999,10,3,0.0,0.381791055,3.572317123,34.46907806,-5.531461164,1.991187036,3.098474026,1.827568054,0.0,32.62575912475586,0.0,0.344889760017395,34.368099212646484,5.141335964202881
62.8383,4.1983,1999,11,7,0.0,0.221037745,10.33769608,34.61397934,38.32423091,17.16398597,2.235029221,4.676411152,0.0,30.604921340942383,0.0,0.2096019983291626,33.697486877441406,9.958025932312012
63.07,3.6633,1999,11,8,0.0,0.217797518,9.350986481,35.03159332,31.18692935,7.140310109,1.638589144,5.021296978,0.0,46.9368896484375,0.0,0.2158484309911728,34.563899993896484,9.229259490966797
63.3,3.1383,1999,11,8,0.0,0.230429918,9.581708908,35.02937698,6.10037744,-3.44408378,1.720309258,4.553050518,0.0,62.982364654541016,0.0,0.19969919323921204,34.84831237792969,9.441089630126953
63.66,2.34,1999,11,8,0.0,0.249048263,9.165169716,35.08693314,10.62925011,8.355549723,1.566708922,4.930149078,0.0,66.34986114501953,0.0,0.2214231640100479,34.84796905517578,9.100301742553711
63.8933,1.81,1999,11,8,0.0,0.223886102,8.572283745,34.99830246,12.12516576,13.69282007,1.29592669,4.489894867,0.0,72.99440002441406,0.0,0.2078276127576828,34.795509338378906,8.673274040222168
64.1283,1.2667,1999,11,9,0.0,0.230730489,8.492227554,35.02013397,-0.92744194,5.835675821,1.039690852,4.233364582,0.0,80.63282012939453,0.0,0.21812786161899567,34.628536224365234,7.870559215545654
64.3617,0.7533,1999,11,9,0.0,0.226444915,8.062794685,34.90267563,6.846490502,-0.237723021,1.057577729,4.260828972,0.0,61.363426208496094,0.0,0.21517795324325562,34.62105941772461,8.003323554992676
64.665,0.0133,1999,11,9,0.0,0.239720076,8.239925385,34.91563034,3.572585434,-5.893665552,1.004507065,4.628572464,0.0,57.402565002441406,0.0,0.21427121758460999,34.608707427978516,8.172991752624512
66.4,34.35,1999,11,24,0.0,0.415203273,0.230914071,27.64287949,14.81229961,-2.671037987,0.224111855,4.458388329,0.0,10.767897605895996,0.0,0.37449270486831665,27.067428588867188,0.927182137966156
64.135,1.258,2000,1,14,0.0,0.07712283,6.628397465,35.22344971,17.75014848,-6.619818509,0.030446947,10.16539955,0.0,157.7308349609375,0.0,0.07654710859060287,35.052764892578125,6.585762023925781
64.6625,0.0053,2000,1,14,0.0,0.105942257,5.727430344,35.21668243,13.41759861,-7.057557255,0.028092781,8.884536743,0.0,79.46947479248047,0.0,0.10013119131326675,35.035587310791016,6.190651893615723
62.9588,3.9098,2000,1,15,0.0,0.077300586,7.997232914,35.17243958,26.17227435,0.922357664,0.055893589,10.73291302,0.0,86.07230377197266,0.0,0.11015316843986511,34.59067916870117,7.6990065574646
63.0777,3.6487,2000,1,15,0.0,0.07690981,7.955434799,35.17788315,23.80503267,-1.28356535,0.040886298,10.76216698,0.0,80.56555938720703,0.0,0.07640911638736725,35.013916015625,7.925319671630859
63.1935,3.3847,2000,1,15,0.0,0.077505194,7.949481487,35.19327164,10.70513576,-7.617756724,0.021197962,10.44812489,0.0,94.98017120361328,0.0,0.077100470662117,35.05860137939453,7.9549689292907715
63.3097,3.1262,2000,1,15,0.0,0.078407288,7.926534653,35.21556091,10.72367355,-5.750110373,0.022342514,10.44465637,0.0,103.03424835205078,0.0,0.07916772365570068,35.0593147277832,7.840842247009277
63.4292,2.863,2000,1,15,0.0,0.07806956,7.888125896,35.22722244,6.977770478,-1.057059783,0.02553422,10.27717113,0.0,92.32598114013672,0.0,0.0801650881767273,35.08126449584961,7.802158355712891
63.6622,2.3347,2000,1,15,0.0,0.067242742,7.147524357,35.23034668,14.74725157,0.623375922,0.022024943,10.39096451,0.0,99.21639251708984,0.0,0.07423657178878784,35.03856658935547,7.539403438568115
63.9025,1.797,2000,1,15,0.0,0.076268844,6.535728931,35.17416,12.52110898,-10.57805642,0.028243057,9.893859863,0.0,170.05369567871094,0.0,0.06497960537672043,35.03518295288086,6.5773773193359375
62.8405,4.1747,2000,1,16,0.0,0.134115368,7.690320015,34.83365631,30.07903993,5.980765074,0.26995635,9.072041512,0.0,68.40621185302734,0.0,0.11267712712287903,34.65000534057617,7.684435844421387
71.9995,19.6848,2000,1,23,0.0,0.033412918,5.913248539,34.96175766,2.790754288,2.498039417,0.0,8.480717659,0.0,93.80418395996094,0.0,0.03709573671221733,34.76431655883789,6.236304759979248
73.4983,19.3328,2000,1,23,0.0,0.028548328,5.949822426,35.09890747,12.03511581,6.200989336,0.0,9.260781288,0.0,98.27598571777344,0.0,0.03149927407503128,34.910072326660156,5.954951763153076
73.9998,19.2158,2000,1,24,0.0,0.032434631,1.389017224,34.79320908,7.479138672,-1.143197902,0.0,8.800798416,0.0,94.94351959228516,0.0,0.02904459647834301,34.85844421386719,4.642573356628418
71.9987,19.6802,2000,3,8,0.0,0.106547043,5.785812378,35.07707214,-3.84103395,1.624389179,0.265171617,8.418335915,0.0,301.5421447753906,0.0,0.10771293938159943,34.87211990356445,5.824755668640137
73.497,19.3248,2000,3,8,0.0,0.04131053,5.55284214,35.10985184,-6.014207378,-2.196061984,0.084219798,9.784572601,0.0,115.5951690673828,0.0,0.058662332594394684,34.96242141723633,5.306339263916016
74.0012,19.227,2000,3,8,0.012563718,0.064151749,2.034067631,34.8057518,5.875954777,-2.471065708,0.137626186,9.194792747,0.059662107,86.83721923828125,0.0,0.06394127756357193,34.48808670043945,2.372670888900757
64.665,0.0012,2000,3,16,0.0,0.61924988,4.614462376,34.88904572,9.167733788,0.59186304,1.532289386,9.682517052,0.0,76.04702758789062,0.0,0.4166370928287506,34.68032455444336,4.6639204025268555
63.072,3.6532,2000,3,17,0.0,0.45439294,7.360363007,35.22863007,26.01597905,3.79014276,3.681244612,10.73768044,0.0,173.66653442382812,0.0,0.3492284119129181,35.08413314819336,7.246527671813965
63.1925,3.3865,2000,3,17,0.0,0.428403348,7.044631958,35.21640396,6.574319303,-5.148106813,3.524185419,10.73062134,0.0,143.78897094726562,0.0,0.31739357113838196,35.05731201171875,7.1945085525512695
63.3083,3.1312,2000,3,17,0.0,0.332988709,6.949046612,35.21191406,8.24181065,-6.440511346,2.773403406,10.84216499,0.0,201.68153381347656,0.0,0.2916145622730255,35.14961624145508,6.911262512207031
63.6602,2.3357,2000,3,17,0.0,0.243392557,6.611086369,35.20570374,16.57917798,-6.817669421,1.4407444,10.92086029,0.0,265.8988647460937,0.0,0.21895307302474976,35.17197036743164,6.846915245056152
63.8978,1.7988,2000,3,17,0.0,0.218589887,6.161101818,35.15913773,17.80469716,-1.187309623,1.074178934,10.98917198,0.0,177.5418243408203,0.0,0.22063662111759186,35.12389373779297,6.645041465759277
64.1345,1.2605,2000,3,17,0.0,0.220801547,5.5061059,35.10704422,12.07558885,-2.075183392,1.579714537,11.02576065,0.0,152.4419708251953,0.0,0.22216127812862396,35.00926208496094,5.767372131347656
62.4838,4.9473,2000,3,18,0.0,0.509156704,6.208792686,34.35832214,5.170708895,-3.68950665,7.046784878,4.480298519,0.0,54.524147033691406,0.0,0.44159412384033203,33.95716857910156,6.1608476638793945
62.7207,4.4297,2000,3,18,0.0,0.550275087,6.360431671,34.50940323,23.97244275,13.61444443,8.137177467,5.503905296,0.0,44.53360748291016,0.0,0.46063944697380066,34.07366180419922,6.220513820648193
62.8377,4.175,2000,3,18,0.0,0.58004123,6.537044525,34.67412567,29.8900038,13.82826418,8.812870979,6.321147919,0.0,46.0400505065918,0.0,0.5595457553863525,34.44765090942383,6.762572765350342
72.0,19.675,2000,4,12,0.0,0.280885696,4.82131958,35.08701706,-3.292517364,-5.079071969,0.865948975,9.829587936,0.0,311.4601745605469,0.0,0.4387149214744568,34.209346771240234,4.9919867515563965
73.5013,19.3255,2000,4,12,0.0,0.543861866,4.512497902,35.10663223,-5.661956221,3.345625848,4.535919189,9.596913338,0.0,342.5400085449219,0.0,0.24323076009750366,35.05400848388672,4.4898152351379395
63.5008,6.8725,2000,4,21,0.0,1.927085042,6.387648582,34.64848709,12.80511469,7.071945816,21.50117111,2.863034248,0.0,10.767897605895996,0.0,1.831732153892517,33.04841995239258,6.0728936195373535
63.7825,7.247,2000,4,21,0.0,1.619070053,6.376055717,34.74248505,12.98301667,7.682974637,19.32211685,4.227404118,0.0,10.767897605895996,0.0,1.7788013219833374,33.18989944458008,6.114329814910889
63.783,8.0645,2000,4,21,0.0,0.674596012,6.165460587,34.58597565,13.46503645,16.83496386,13.24969673,4.617182732,0.0,10.767897605895996,0.0,0.6304304003715515,33.005489349365234,5.817476272583008
63.0,5.7985,2000,4,22,0.0,1.590906143,6.334981441,34.28583527,21.11998051,11.41544878,30.21420479,2.750477791,0.0,13.663970947265623,0.0,1.5146090984344482,32.777130126953125,5.960728168487549
63.09,6.6587,2000,4,22,0.0,1.076032996,6.594053268,34.41925049,33.76289606,21.52499557,20.309412,3.591621399,0.0,13.545156478881836,0.0,1.5147907733917236,33.19524002075195,6.036221981048584
63.2492,7.082,2000,4,22,0.0,1.830929279,6.373815536,34.46424866,21.59416229,6.342792511,28.95443153,2.726192236,0.0,10.767897605895996,0.0,1.1485655307769775,33.48337173461914,6.248583793640137
63.2508,5.9827,2000,4,22,0.0,1.680050611,6.510002136,34.4060936,26.39558613,11.825791,29.25475502,2.66059351,0.0,13.49789333343506,0.0,1.57413911819458,33.2687873840332,6.309272289276123
62.7508,5.9815,2000,4,23,0.0,1.516757369,6.366951942,34.2278595,12.56331056,9.971822053,26.29210472,2.823652267,0.0,11.789484024047852,0.0,1.5783886909484863,32.73951721191406,6.021352767944336
62.3688,5.1965,2000,4,29,0.0,1.712996125,6.945253849,33.9850502,-0.936194416,8.196645975,46.12078094,1.768467546,0.0,10.831700325012209,0.0,1.8048644065856934,32.38933563232422,6.414915561676025
62.4842,4.9393,2000,4,29,0.0,1.856752992,6.698214531,34.07621002,1.424567308,9.667060524,47.98744202,1.850122571,0.0,10.767897605895996,0.0,1.751333475112915,32.36729049682617,6.316193580627441
62.7202,4.4327,2000,4,29,0.0,1.838985205,6.87086153,34.35389709,13.30471635,17.73485541,44.92890549,1.292589426,0.0,10.767897605895996,0.0,1.8214033842086792,32.50798797607422,6.199381351470947
62.8405,4.1695,2000,4,29,0.0,1.855452418,7.130078316,34.60499191,12.86096275,10.76287106,44.96260834,1.247400165,0.0,10.767897605895996,0.0,1.8055918216705322,33.0876350402832,6.759494304656982
62.9537,3.9172,2000,4,29,0.0,2.457925081,7.598626137,34.91515732,5.598118901,9.701287746,64.77114105,3.79446578,0.0,10.894979476928713,0.0,1.8609371185302734,32.95193099975586,6.532975196838379
63.0645,3.6307,2000,4,29,0.0,2.362949848,7.543082237,34.92766571,6.478950381,11.78379506,60.9054184,4.862619877,0.0,10.80073070526123,0.0,2.156029462814331,33.45602798461914,7.259032249450684
63.1898,3.3795,2000,4,29,0.0,1.895035386,7.835165501,35.16246796,-4.325949028,8.805414289,45.90826416,8.550824165,0.0,11.386774063110352,0.0,2.0130767822265625,33.66395950317383,7.423950672149658
63.31,3.1295,2000,4,29,0.0,1.817359924,7.726923943,35.19277191,-3.282248601,7.120750099,42.97380829,8.685296059,0.0,12.20375919342041,0.0,1.730347752571106,33.90886688232422,7.331957817077637
63.4293,2.8652,2000,4,29,0.0,2.201407909,7.654083252,35.22977066,-3.787748143,5.962652341,43.55944061,8.023850441,0.0,16.231555938720703,0.0,1.7163887023925781,34.01350021362305,7.296897888183594
63.6658,2.3323,2000,4,29,0.0,2.624394894,7.328843117,35.23337555,2.181259543,4.229077697,53.56945419,8.280945778,0.0,63.791236877441406,0.0,2.0857739448547363,34.39888381958008,7.257606506347656
63.9025,1.7782,2000,4,30,0.0,3.131528854,7.716135025,35.25056076,16.58556461,7.65638575,74.00852203,8.016721725,0.0,14.469560623168944,0.0,2.9466869831085205,34.35023498535156,7.491800308227539
64.1543,1.2435,2000,4,30,0.0,2.550707817,6.772499084,35.15107727,7.957039773,8.064562082,53.86037445,8.023098946,0.0,16.851726531982422,0.0,2.2584054470062256,34.19129943847656,7.095724105834961
64.372,0.7232,2000,4,30,0.0,2.474676371,6.52934742,35.11288071,13.03175837,-1.274286769,52.48842239,8.271808624,0.0,15.914263725280762,0.0,2.1521546840667725,34.02811813354492,6.375203609466553
64.6703,0.0225,2000,4,30,0.0,1.452859879,5.199429989,34.91175842,3.146643937,-2.063747495,27.78850365,8.496422768,0.0,32.13746643066406,0.0,1.629236102104187,34.23765182495117,5.417331218719482
66.48833333,34.17333333,2000,6,15,0.0,0.519718111,5.775869846,26.94197273,-4.289760813,-0.871304423,12.75900841,1.97599566,0.0,10.767897605895996,21026.62206,0.43323346972465515,26.30504035949707,-0.8307797908782959
65.96,39.04833333,2000,6,16,0.0,0.500685275,7.212899208,28.73854637,-4.540296644,-3.323538974,17.29135132,2.09950304,0.0,10.767897605895996,48336.44888,0.2082642912864685,27.60211753845215,5.330517768859863
65.81166667,38.90833333,2000,6,17,0.0,0.155514285,6.703484058,28.86004448,-3.450498357,-2.895460837,1.186132789,1.290565372,0.0,10.767897605895996,2105.3607954,0.18900398910045624,27.610374450683594,5.680108070373535
65.88833333,38.92166667,2000,6,17,0.0,0.489055276,6.558880806,28.81216049,-2.803078666,-3.252289444,12.78451729,2.073946953,0.0,10.767897605895996,601.1240268,0.18900398910045624,27.610374450683594,5.680108070373535
65.70833333,38.87166667,2000,6,18,0.0,0.142592624,7.401605606,28.87129021,3.195529059,-2.363046259,1.020302773,1.041027188,0.0,10.767897605895996,0.0,0.21061868965625763,27.534832000732422,5.582505702972412
65.72666667,38.55,2000,6,18,0.0,0.145536721,7.636612415,28.90828323,3.425938264,-1.973781921,1.043616414,0.967009425,0.0,10.767897605895996,1475.5119794,0.20983290672302246,27.539833068847656,5.711267471313477
66.48666667,33.63333333,2000,6,22,0.0,0.879967868,4.031743526,22.77000046,-2.104832977,2.872056514,16.49247169,2.702293873,0.0,10.767897605895996,22084.7273954,0.0,0.0,0.0
66.54833333,33.81833333,2000,6,22,0.0,0.879967868,4.031743526,22.77000046,-2.104832977,2.872056514,16.49247169,2.702293873,0.0,10.767897605895996,57598.17313,0.7005192041397095,25.30283546447754,-0.3965422809123993
66.28333333,34.18333333,2000,6,23,0.0,0.210876733,3.742008924,25.75552368,0.687484443,13.05577159,1.96374166,1.378277183,0.0,10.767897605895996,1406.6360615,0.5986242294311523,26.069149017333984,-1.7780085802078247
66.425,34.355,2000,6,23,0.0,0.843789041,4.784403324,24.33125877,2.5708545,9.61259976,12.80148506,3.162847757,0.0,10.767897605895996,13411.27932,0.5442625284194946,26.34885025024414,-0.2793135941028595
65.0003,4.84483,2000,6,29,0.0,0.576502919,9.642684937,35.01667023,-5.564140901,14.80355263,11.24390221,3.952754498,0.0,22.437950134277344,0.0,0.5613124966621399,34.23828125,9.426332473754883
62.8367,4.1762,2000,7,21,0.0,0.443287164,11.58039761,33.2469101,25.08031726,13.19766641,8.177306175,0.090738289,0.0,10.767897605895996,0.0,0.4349893033504486,31.70807456970215,10.955714225769043
62.9567,3.9267,2000,7,21,0.0,0.61808759,11.90715122,33.23370743,19.52529401,5.168229714,15.99580479,0.066017143,0.0,10.767897605895996,0.0,0.454057514667511,31.735416412353516,10.968562126159668
63.0705,3.6512,2000,7,21,0.0,0.678166091,11.99566746,33.2198143,15.65024257,0.024755596,19.78898239,0.114872269,0.0,10.767897605895996,0.0,0.7454749345779419,31.787830352783203,11.416135787963867
63.1865,3.3983,2000,7,21,0.0,0.510799706,12.14215279,33.06102371,0.243841647,-8.187507838,14.87309933,0.12646459,0.0,10.767897605895996,0.0,0.7912322878837585,31.95724868774414,11.390473365783691
63.4248,2.8785,2000,7,22,0.0,0.720012009,12.31756115,33.85777283,-4.629995301,-2.198589034,23.21212769,0.607066572,0.0,10.767897605895996,0.0,0.7095721364021301,32.542022705078125,11.31983470916748
63.6612,2.3377,2000,7,22,0.0,0.415715814,12.01182079,34.4525032,6.533919275,6.097368151,12.05693913,2.480938435,0.0,10.767897605895996,0.0,0.6647418141365051,32.81382369995117,11.149055480957031
63.8925,1.8018,2000,7,22,0.0,0.33540675,11.74878883,35.07761765,19.4137603,14.97031003,10.00821686,3.181854963,0.0,10.767897605895996,0.0,0.3414226472377777,33.198150634765625,10.954068183898926
64.6653,0.0018,2000,7,23,0.0,0.364860117,9.91692543,35.04394531,1.030985359,-1.047475822,10.47801018,3.330925703,0.0,14.759562492370604,0.0,0.3624216616153717,33.74165725708008,9.836919784545898
70.5002,20.0002,2000,8,18,0.0,0.192661345,10.37120724,34.38802719,-2.96563562,-0.158209843,3.181827784,0.015500801,0.0,15.215269088745115,0.0,0.1946176439523697,33.2579460144043,10.029470443725586
72.0015,19.6847,2000,8,19,0.0,0.305175126,9.08578968,34.86182022,-1.477764174,-3.686777502,7.171803951,1.437106848,0.0,21.03757095336914,0.0,0.2928643822669983,34.02076721191406,8.953071594238281
73.4963,19.3365,2000,8,20,0.0,0.434148133,7.943416119,34.96740723,4.378754273,-5.520178005,11.60128784,0.323553324,0.0,21.43795394897461,0.0,0.42288342118263245,34.1784782409668,7.642043590545654
75.4019,74.197,2000,9,4,0.0,0.590640068,3.435021877,28.6551609,11.28380522,3.46163027,4.22992897,1.173427224,0.0,10.767897605895996,0.0,0.46878498792648315,24.7774658203125,3.2967395782470703
76.41666667,81.37,2000,9,5,0.0,0.49771896,1.552536964,31.38131523,7.605665922,4.396236315,2.495230198,1.923211932,0.0,10.767897605895996,906.13431276,0.46794214844703674,30.2015323638916,1.3775286674499512
75.83698333,81.00526667,2000,9,6,0.0,0.302805543,1.174787879,31.2870369,-0.983619131,-10.34401804,4.082480431,0.522115648,0.0,10.816729545593262,122.17841567,0.29191693663597107,29.852338790893555,1.0965263843536377
74.65833333,81.14166667,2000,9,7,0.0,0.55366379,2.225698709,28.51707268,-0.248057581,-0.929670595,3.796700239,1.260754704,0.0,10.767897605895996,119.910905226,0.5459120869636536,26.05316925048828,2.538404941558838
74.65833333,82.64166667,2000,9,8,0.0,0.688432574,0.688516915,28.58801651,-3.204021975,1.913162693,4.507383347,0.641552031,0.0,10.767897605895996,196.83929686,0.5233205556869507,26.41534996032715,1.1935282945632935
74.83333333,82.4315,2000,9,8,0.0,0.758259654,0.828226686,28.81206894,-3.076182865,1.275822707,4.694229126,0.641552687,0.0,10.767897605895996,488.7561367,0.7487674951553345,27.489742279052734,0.9315671324729919
72.93333333,80.55333333,2000,9,9,0.0,3.109968901,2.404874325,18.95876884,-16.44176096,-12.35335842,28.25545692,8.359963417,0.0,10.767897605895996,10.182525768,2.8749020099639893,23.045700073242188,1.9502378702163696
71.83166667,82.61666667,2000,9,10,0.0,3.372568369,1.11547339,27.13432693,-12.67231852,4.128890857,24.60646248,14.55204868,0.0,10.767897605895996,0.0,3.3878610134124756,26.701509475708008,1.031718134880066
72.04833333,81.60261667,2000,9,10,0.0,3.147253275,1.463606596,26.64751434,-12.82288283,3.167359903,21.97686577,14.90630341,0.0,10.767897605895996,0.0,3.1134350299835205,26.098464965820312,1.2939547300338745
73.5027,19.3372,2000,9,30,0.0,0.376632988,5.729990482,34.8193779,6.010535732,-3.458174318,1.732071757,1.689682722,0.0,38.53160858154297,0.0,0.36336392164230347,34.36924743652344,5.646229267120361
74.0028,19.2077,2000,9,30,0.0,0.367541999,3.725794315,34.39198303,11.6836369,1.162668876,1.558266759,1.31661129,0.0,28.64965057373047,0.0,0.3515474498271942,33.791622161865234,3.7530264854431152
72.002,19.687,2000,10,1,0.0,0.340771407,7.625147343,34.8559494,7.191789895,-6.555688381,3.859510183,2.609094143,0.0,47.00589370727539,0.0,0.32069671154022217,34.45612335205078,7.582314968109131
62.8333,4.1667,2000,11,30,0.0,0.206062064,9.142899513,35.03204346,43.67038906,29.28107977,0.094280601,5.347245693,0.0,40.108131408691406,0.0,0.18799562752246857,34.87299728393555,8.869773864746094
62.9568,3.9195,2000,11,30,0.0,0.189654663,8.773517609,35.21405792,23.95779192,18.04514676,0.043722864,7.526542187,0.0,119.2109832763672,0.0,0.170171856880188,34.994956970214844,8.84028148651123
63.0735,3.6587,2000,11,30,0.0,0.181881234,8.764979362,35.17176437,21.5357691,15.18141478,0.025529264,7.714236259,0.0,93.19194793701172,0.0,0.16607455909252167,34.96500778198242,8.709932327270508
63.1935,3.3965,2000,11,30,0.0,0.197121173,8.79046917,35.1356163,3.7225537,4.395901039,0.036508258,6.779257298,0.0,44.46899032592773,0.0,0.14699752628803253,35.00273895263672,8.676048278808594
63.3085,3.1322,2000,11,30,0.0,0.198160157,8.755239487,35.07844925,2.928359248,3.407489881,0.030424431,6.534796715,0.0,48.63108825683594,0.0,0.195405051112175,34.702877044677734,8.690343856811523
63.4227,2.877,2000,11,30,0.0,0.196519747,8.718887329,34.82749557,2.53934022,2.960109711,0.029873405,6.333494186,0.0,33.45051956176758,0.0,0.19355186820030212,34.637977600097656,8.6422119140625
63.6645,2.3393,2000,11,30,0.0,0.192464262,8.661463737,34.88121414,6.880032271,12.75188029,0.031303264,5.157578945,0.0,43.305057525634766,0.0,0.19279274344444275,34.588069915771484,8.615878105163574
63.898,1.8037,2000,12,1,0.0,0.175359398,8.499949455,35.03903198,13.09547871,14.38065022,0.045143858,4.946169853,0.0,84.64539337158203,0.0,0.14922340214252472,34.82841110229492,8.647686958312988
64.1322,1.2617,2000,12,1,0.0,0.169056118,8.163850784,34.94931412,10.33672094,6.964407861,0.047664888,5.567539692,0.0,57.85421752929688,0.0,0.15160295367240906,34.79065704345703,8.371114730834961
64.3705,0.7293,2000,12,1,0.0,0.162824199,8.199860573,34.95714569,8.526358753,11.20574996,0.046843737,5.808524132,0.0,69.85612487792969,0.0,0.14584539830684662,34.71455001831055,8.151069641113281
64.6687,0.0043,2000,12,1,0.0,0.173257157,7.46248436,34.79629517,10.05159318,11.35858223,0.043361682,5.853016376,0.0,64.38402557373047,0.0,0.15465635061264038,34.61327362060547,7.841711521148682
62.8413,4.179,2001,1,8,0.0,0.223103479,8.198814392,34.34905624,18.3611542,15.29182196,0.430827022,4.389997005,0.0,15.002591133117676,0.0,0.20450414717197418,33.94477844238281,8.21363353729248
63.0728,3.6517,2001,1,8,0.0,0.1066764,8.285686493,35.02069092,3.595814109,-4.989465699,0.128939867,9.769638062,0.0,44.62728500366211,0.0,0.0905662551522255,34.66395568847656,8.310281753540039
63.1913,3.3965,2001,1,8,0.0,0.117973998,7.812311649,34.98875427,-4.34653759,-20.40999532,0.158177763,9.326725006,0.0,65.47661590576172,0.0,0.08788656443357468,34.79264450073242,8.381932258605957
63.3125,3.1345,2001,1,8,0.0,0.111484967,8.174188614,35.02309418,-9.891720861,-13.15539777,0.148749962,9.331143379,0.0,67.45406341552734,0.0,0.09963947534561157,34.847740173339844,8.399134635925293
63.6642,2.339,2001,1,9,0.0,0.135514289,8.64716053,35.16120529,-11.31617799,2.124292776,0.210427389,8.615387917,0.0,91.86175537109376,0.0,0.10906372219324112,34.906578063964844,8.42635726928711
64.136,1.2608,2001,1,9,0.0,0.103441402,6.956293583,35.06141281,11.39588356,24.08228666,0.102170669,8.001979828,0.0,102.46710205078124,0.0,0.08702977746725082,34.91246795654297,7.347067356109619
64.3688,0.7272,2001,1,9,0.0,0.097045816,6.14883709,35.02026749,3.978399187,1.65549852,0.096403375,8.194393158,0.0,94.51898193359376,0.0,0.0829019621014595,34.843162536621094,6.060171127319336
64.667,0.0025,2001,1,9,0.0,0.105454981,6.200350761,34.94414139,2.215053514,-10.45599803,0.07491082,8.538249016,0.0,104.54308319091795,0.0,0.08692248165607452,34.79769515991211,6.160172939300537
72.0007,19.6837,2001,1,18,0.0,0.028130433,5.605796337,34.87868118,18.2895422,-9.805835783,0.0,9.561343193,0.0,115.42976379394533,0.0,0.030017904937267303,34.727542877197266,5.6572980880737305
73.5,19.3332,2001,1,20,0.0,0.040653858,3.734120607,34.95441055,4.658075795,2.552236617,0.0,7.193760872,0.0,121.9847412109375,0.0,0.0371590293943882,34.85382843017578,4.420986652374268
74.0,19.2172,2001,1,20,0.0,0.040291525,0.759425581,34.48887634,7.501557469,-7.401500642,0.0,6.295434952,0.0,53.57703399658203,0.0,0.040920328348875046,34.57030487060547,2.9058542251586914
71.9998,19.6822,2001,3,3,0.0,0.087155476,5.319832325,35.0482254,-3.508119285,4.261403903,0.444274276,8.154362679,0.0,245.5512542724609,0.0,0.09895230829715729,34.80979537963867,5.427999019622803
73.4982,19.3382,2001,3,6,0.0,0.041008182,3.862256527,35.02457809,0.633988157,-8.906579763,0.060446162,9.588757515,0.0,284.1527709960937,0.0,0.05368254706263542,34.92767333984375,4.127445697784424
74.0007,19.2125,2001,3,6,0.0,0.055404395,1.790604591,34.83596802,-5.166124925,-6.096833572,0.148568064,9.102207184,0.0,126.36779022216795,0.0,0.05640130117535591,34.682186126708984,1.7125389575958252
64.1347,1.2632,2001,3,16,0.0,0.882027209,6.249086857,35.16676331,2.576500736,0.238743518,4.50445652,9.616064072,0.0,203.36343383789065,0.0,0.5517077445983887,35.08840560913086,6.465930461883545
64.37,0.728,2001,3,16,0.0,0.918088853,6.0058918,35.138237,2.655422315,4.911838099,4.830286503,9.537014008,0.0,144.4364013671875,0.0,0.7859215140342712,34.96173095703125,5.678268909454346
64.6682,0.0017,2001,3,16,0.0,0.749720573,5.783315659,35.09960556,-12.46507987,-0.417945674,2.992181778,10.03030396,0.0,130.66622924804688,0.0,0.7556130290031433,34.869197845458984,5.330458164215088
62.602,4.6905,2001,3,17,0.0,0.936493099,5.839502335,33.84233093,-4.62079905,0.448142644,14.85305691,2.888681173,0.0,34.74071502685547,0.0,0.9009116888046265,33.50944137573242,6.052090167999268
62.7202,4.4345,2001,3,17,0.0,1.431915522,6.212607384,34.11967468,9.66200754,9.980861098,25.25840187,2.954987288,0.0,19.732789993286133,0.0,0.9886424541473389,33.61825180053711,6.24223518371582
62.8395,4.178,2001,3,17,0.0,1.44676578,6.164559364,34.16101456,17.71099716,14.82720524,26.44366837,3.25679183,0.0,16.12311553955078,0.0,1.350010871887207,32.8232307434082,5.801011562347412
62.9567,3.9168,2001,3,17,0.0,1.393023372,6.885097027,34.95824814,12.53058314,12.47314587,27.93852806,6.919100285,0.0,20.30789375305176,0.0,1.2726844549179077,32.83530044555664,5.837335586547852
63.0733,3.6583,2001,3,17,0.0,1.216556191,7.39327383,35.1253891,8.380000293,4.722998291,25.51842308,7.945808887,0.0,143.78680419921875,0.0,0.36334869265556335,35.16267776489258,7.666367530822754
63.3097,3.1308,2001,3,17,0.0,1.556698799,7.277262211,35.01277542,-10.08841023,-2.218591981,17.9135952,9.669654846,0.0,57.82179641723633,0.0,1.0959426164627075,34.744384765625,7.283120632171631
63.4275,2.866,2001,3,17,0.0,1.735690832,7.122959614,35.03739548,-9.433112293,2.594503388,22.01083183,8.824422836,0.0,37.61931610107422,0.0,0.9135703444480896,34.845794677734375,7.410554885864258
63.6625,2.3397,2001,3,17,0.0,1.513882279,7.182134151,35.19593048,-1.194929425,6.637678295,18.4089489,7.545410156,0.0,221.25534057617188,0.0,0.42666831612586975,35.118282318115234,7.422224998474121
62.5012,5.7322,2001,4,8,0.0,1.34248364,5.823800087,33.8979187,-11.03595793,-7.537490129,26.09017372,0.57895273,0.0,32.429622650146484,0.0,1.0095373392105103,33.66668701171875,5.79346227645874
63.0987,6.663,2001,4,8,0.0,1.576928496,6.296087265,34.10811615,-17.72938818,-17.40118116,27.75061989,1.468767405,0.0,16.533687591552734,0.0,1.6532602310180664,33.13808059692383,5.956866264343262
63.2502,6.351,2001,4,9,0.0,2.02197051,6.687478065,34.35256195,13.16394657,3.635207936,39.38175964,2.06275773,0.0,17.096500396728516,0.0,1.9410490989685059,33.350868225097656,6.49742317199707
63.7843,8.0615,2001,4,11,0.0,1.451176524,6.096783638,34.11632919,0.659830123,4.960306734,17.05849075,2.04781127,0.0,27.39218711853028,0.0,1.41252601146698,33.49708938598633,6.001170635223389
64.6648,10.2107,2001,4,12,0.0,1.401523709,5.411235332,34.03416061,-1.549559366,0.855118781,22.64538765,3.28905344,0.0,20.642290115356445,0.0,1.7358742952346802,33.10612106323242,5.21682596206665
64.6688,9.2217,2001,4,13,0.0,1.873308659,6.247533321,34.60496521,1.083461009,1.71100758,28.93147659,4.275338173,0.0,28.25191116333008,0.0,1.5328845977783203,34.220088958740234,6.3743157386779785
68.6007,13.7703,2001,4,17,0.0,0.784189939,4.543338776,34.16843414,10.70802063,2.653769217,10.8423748,3.491533041,0.0,70.1837387084961,0.0,0.7091146111488342,33.93181228637695,4.545016288757324
62.4832,4.9493,2001,5,4,0.0,0.92517972,6.287265301,33.79992294,1.021909807,-5.302119255,18.06331062,0.257537991,0.0,30.923219680786133,0.0,0.8285670876502991,32.98299789428711,6.238189220428467
62.8378,4.177,2001,5,4,0.0,1.470372438,6.863918781,34.19741058,28.30711007,7.228451222,35.17083359,1.75746429,0.0,24.3587703704834,0.0,1.5443432331085205,33.577884674072266,6.894982814788818
63.0745,3.6583,2001,5,4,0.0,1.902354836,8.053221703,35.15594864,20.42113245,-4.933161661,41.96790695,7.373263836,0.0,35.06774139404297,0.0,1.5866459608078003,34.68397521972656,8.003775596618652
63.3103,3.133,2001,5,5,0.0,2.090938091,8.033475876,35.20423508,2.341037802,-0.404584268,52.65789032,5.131190777,0.0,31.63165855407715,0.0,1.667730450630188,34.77676010131836,7.9641947746276855
63.4277,2.8688,2001,5,5,0.0,2.007293463,7.939572811,35.26981354,2.88594719,9.480001777,49.85382843,3.112757921,0.0,42.843292236328125,0.0,1.4910199642181396,34.83059310913086,7.981654167175293
63.6632,2.3378,2001,5,5,0.0,1.840353847,7.672626495,35.24197006,-0.532051874,9.71410349,40.66563416,5.790660381,0.0,36.305965423583984,0.0,1.1534595489501953,34.86140823364258,7.574935436248779
63.8977,1.8027,2001,5,5,0.0,1.765014768,7.542100906,35.25437927,6.377911568,5.441289768,27.68583679,7.639601707,0.0,36.172950744628906,0.0,1.6472102403640747,34.789825439453125,7.476840019226074
64.1348,1.2627,2001,5,6,0.0,1.702412486,7.679115772,35.23150635,12.80622482,-6.343147904,36.4591217,7.725393295,0.0,10.770103454589844,0.0,1.5649900436401367,33.593727111816406,7.176764965057373
64.3693,0.7288,2001,5,6,0.0,1.5871979,7.581357479,35.21597672,9.051141143,6.513734907,33.05289841,7.555515289,0.0,10.774398803710938,0.0,1.4908325672149658,33.5755500793457,7.068256378173828
64.6668,-0.0002,2001,5,6,0.0,1.513058543,7.360785007,35.25630569,1.50885703,5.667934194,30.7681427,7.82720089,0.0,18.712451934814453,0.0,1.3997646570205688,33.690608978271484,6.823385715484619
66.595,33.75666667,2001,5,29,0.0,1.091186166,0.12347047,27.82753754,-3.312201798,-9.627521783,12.21364212,1.162553549,0.0,10.767897605895996,1387.3899074,1.0600519180297852,26.593196868896484,0.09282134473323822
66.68166667,33.415,2001,5,29,0.0,1.479544878,0.51890409,27.10762215,0.174313877,-9.656512737,29.73361206,1.946160793,0.0,10.767897605895996,61.1510225,0.0,0.0,0.0
66.415,34.36166667,2001,5,30,0.0,0.718966126,0.60458988,28.03847504,2.474877983,-3.485637158,10.19049644,1.192590833,0.0,10.767897605895996,954.5868277,0.6953418850898743,26.706533432006836,0.40344393253326416
72.0035,19.6908,2001,5,30,0.0,2.253363848,5.721770763,34.86203384,7.498894632,-7.372197509,35.85884857,5.346478462,0.0,17.598651885986328,0.0,2.323514938354492,33.82322311401367,5.576321125030518
73.5027,19.3228,2001,5,30,0.0,2.225285769,4.785437107,35.04897308,0.11454795,-7.06916824,34.19377518,5.485236645,0.0,18.24640846252441,0.0,2.1633951663970947,34.08868408203125,4.639642238616943
73.9983,19.225,2001,5,30,0.0,2.18558979,3.162036896,34.44196701,7.115162164,-6.911354512,36.57200241,5.747112274,0.0,10.767897605895996,865.0026581,1.9593349695205688,33.178016662597656,4.05112361907959
66.105,35.68833333,2001,5,31,0.0,0.713633776,2.370679617,28.06093216,2.60027945,-1.552280225,7.535697937,1.208254218,0.0,10.767897605895996,4150.804789,0.8980114459991455,26.565471649169922,1.4393043518066406
66.20166667,34.99666667,2001,5,31,0.0,0.544126809,1.550525069,28.1445694,2.164863609,-3.324782476,6.691631794,1.261281729,0.0,10.767897605895996,923.7669204,0.6056589484214783,26.383773803710938,0.7252565622329712
66.47833333,34.50666667,2001,5,31,0.0,0.688730299,1.1938802,27.96748161,3.357312083,-4.852432013,11.21427536,1.164380908,0.0,10.767897605895996,1096.2975708,0.7433554530143738,26.880685806274414,0.32607683539390564
66.355,34.245,2001,6,2,0.0,0.439387709,1.336701035,27.35790443,2.191589959,4.562831298,6.03954792,1.399018526,0.0,10.767897605895996,11242.621838,0.6159172654151917,26.382966995239258,-0.40331828594207764
62.8515,4.1668,2001,7,21,0.0,0.517196298,11.84063816,33.37174988,0.663630897,15.27410746,7.21054697,0.032923181,0.0,11.7138671875,0.0,0.507085919380188,32.05475997924805,11.239144325256348
63.088,3.627,2001,7,21,0.0,0.694554031,11.6156311,33.61580276,1.165038813,13.84049207,20.69052315,0.15347147,0.0,11.547296524047852,0.0,0.6968129873275757,32.32672882080078,11.14576244354248
63.31,3.1275,2001,7,21,0.0,0.717997015,11.7924757,34.54928589,-5.263840407,3.074673377,31.37865448,0.528638363,0.0,18.235462188720703,0.0,0.5563331246376038,33.59929275512695,11.430922508239746
63.665,2.3305,2001,7,21,0.0,0.510103047,11.30388832,34.77083588,-4.636108875,11.67616695,23.23963356,0.417882711,0.0,20.04697799682617,0.0,0.45218855142593384,33.83512496948242,11.123332023620605
64.6898,-0.1328,2001,7,22,0.0,0.347058326,10.91257763,34.99164581,-2.513635345,12.01823428,9.457361221,2.875971794,0.0,23.68470001220703,0.0,0.3381754755973816,34.12996292114258,10.625859260559082
64.73833333,39.725,2001,8,11,0.0,0.36937803,14.22570515,27.81153488,3.693972901,0.951775722,2.704725742,6.880853653,0.0,10.767897605895996,0.0,0.0,0.0,0.0
64.81833333,39.33666667,2001,8,11,0.0,0.149136797,14.02341175,27.48419189,3.645149618,3.382731974,1.026023507,3.539572477,0.0,10.767897605895996,0.0,0.2087165117263794,26.58130645751953,11.826090812683105
64.80666667,39.775,2001,8,12,0.0,0.434335709,14.01980019,27.7999897,3.874665126,-1.980432309,3.555519104,7.795065403,0.0,10.767897605895996,0.0,0.6404858827590942,26.712467193603516,12.376189231872559
65.28333333,38.91833333,2001,8,13,0.0,0.139924988,13.67610741,28.0100441,6.345807016,-4.271578416,0.674746096,1.61736691,0.0,10.767897605895996,0.0,0.17472070455551147,26.74470329284668,11.590496063232422
65.67,38.29333333,2001,8,13,0.0,0.197968885,13.08731747,28.6221199,5.706088617,-2.270016447,1.238875031,0.956642866,0.0,10.767897605895996,0.0,0.20070885121822357,27.08902931213379,11.52296257019043
65.18333333,37.605,2001,8,14,0.0,0.153842479,13.78892517,27.26661873,3.840418905,-3.723522648,0.706832111,2.69490695,0.0,10.767897605895996,0.0,0.0,0.0,0.0
65.41833333,37.675,2001,8,14,0.0,0.197021097,13.03258038,27.57327271,8.588535339,-6.419481337,1.203359604,1.877866268,0.0,10.767897605895996,0.0,0.20374900102615356,26.228805541992188,12.360251426696777
65.76666667,38.1,2001,8,14,0.0,0.217440993,12.8035202,28.3966465,4.763168097,-4.143200442,1.59569478,0.973707318,0.0,10.767897605895996,0.0,0.22421400249004364,27.319927215576172,11.10594367980957
65.91333333,37.82666667,2001,8,14,0.0,0.37274462,13.41257954,28.7472229,9.833308309,-9.158027172,5.578313351,0.723676443,0.0,10.767897605895996,0.0,0.24096445739269257,27.101945877075195,11.333870887756348
64.79333333,36.03333333,2001,8,15,0.0,0.305237055,11.62610435,23.7622776,1.14314612,-0.36995199,1.492374301,4.626409531,0.0,10.767897605895996,0.0,0.7486886382102966,23.460580825805664,10.430370330810547
64.93333333,35.875,2001,8,15,0.0,0.277848184,12.43185902,25.15092278,-3.483745083,-6.510173529,1.239823103,3.853568792,0.0,10.767897605895996,0.0,0.6899544596672058,23.57896614074707,10.52778434753418
65.0,36.51666667,2001,8,15,0.0,0.230271712,12.10393333,25.02492523,1.249518152,0.236237538,1.557365656,4.332525253,0.0,10.767897605895996,0.0,0.40153002738952637,21.468576431274414,12.09635066986084
65.09,36.10166667,2001,8,15,0.0,0.250933379,12.24042606,25.508358,-1.667121239,-4.225129262,1.054633975,3.780315638,0.0,10.767897605895996,0.0,0.5403920412063599,24.753515243530273,11.148159980773926
65.31666667,36.85,2001,8,15,0.0,0.160101354,13.89382839,26.70150757,1.198568568,-2.079351991,0.679717243,3.260075808,0.0,10.767897605895996,0.0,0.17727750539779663,25.569040298461914,13.097332000732422
65.59,36.43833333,2001,8,15,0.0,0.190186962,14.0316143,26.67333221,-3.041383252,-7.267580926,1.029155135,2.70506835,0.0,10.767897605895996,0.0,0.24661743640899658,25.808557510375977,12.334228515625
64.465,36.865,2001,8,16,0.0,0.18180272,13.6285553,21.11358833,1.869378425,2.829376608,2.263468981,5.080448627,0.0,10.767897605895996,0.0,0.19982141256332397,19.732288360595703,10.583331108093262
64.63833333,35.92,2001,8,17,0.0,0.275098205,12.74174404,23.51971626,4.20835726,4.146200791,1.604247451,4.404434204,0.0,10.767897605895996,0.0,0.26226505637168884,20.822568893432617,10.73300552368164
65.39833333,35.33166667,2001,8,17,0.0,0.269342571,13.55430222,23.60301399,5.017857999,6.499609351,2.958593369,3.829683542,0.0,10.767897605895996,0.0,0.387464314699173,23.90564727783203,12.344057083129883
66.0,38.55,2001,8,21,0.0,1.470634699,9.750348091,30.6702919,7.939045131,-6.6207923,9.678818703,1.540707946,0.0,10.767897605895996,0.0,0.2638212740421295,27.8288516998291,12.344083786010742
66.16666667,35.04166667,2001,8,21,0.0,1.778571963,13.33980942,27.84410858,5.641274154,-10.81106663,38.61524963,1.052456498,0.0,10.767897605895996,0.0,0.611675500869751,25.812170028686523,13.092397689819336
70.5017,20.0,2001,8,21,0.0,0.226686463,9.878163338,34.04361343,2.837108448,5.8599893,5.717085361,0.022876592,0.0,13.666301727294922,0.0,0.22158925235271454,32.799827575683594,9.51705551147461
71.999,19.6798,2001,8,22,0.0,0.29559347,9.063087463,34.73611069,7.649825513,-2.004716545,8.848225594,2.009636402,0.0,16.674306869506836,0.0,0.29319217801094055,33.42223358154297,9.051820755004883
73.5012,19.3317,2001,8,23,0.0,0.279135674,7.302013397,34.97908401,-3.658679873,-2.672048844,5.953501225,1.504426241,0.0,16.938331604003906,0.0,0.27694907784461975,33.94084930419922,7.0200886726379395
73.9988,19.2103,2001,8,23,0.0,0.307872266,5.792367935,34.64331818,2.948475443,-0.497288397,6.406671524,1.657152414,0.0,10.767897605895996,0.0,0.2769817113876343,33.326229095458984,6.113098621368408
77.06027778,79.74416667,2001,9,1,0.0,0.475310206,3.269654512,31.08149338,-2.662372403,-1.829337887,3.622433424,0.159212634,0.0,10.767897605895996,1651.6997339,0.4722974896430969,29.751996994018555,3.266357421875
77.49944444,79.86583333,2001,9,1,0.0,0.578882575,2.678066969,31.26283455,-2.950075269,-5.180947483,4.355983734,0.263961405,0.0,10.79659366607666,3151.2155203,0.5448720455169678,29.508901596069336,3.048989772796631
76.80333333,78.35666667,2001,9,2,0.0,0.413216591,3.757106066,30.28706932,1.477717236,-0.938759279,3.096545219,0.150106505,0.0,10.845609664916992,2711.6787734,0.4448011517524719,28.89099884033203,3.5730128288269043
76.21555556,75.8825,2001,9,3,0.0,0.369659066,3.11696887,30.08006668,6.374852359,4.683181271,2.084306955,2.127020597,0.0,10.767897605895996,2204.8736951,0.4883888065814972,28.085973739624023,2.942038059234619
76.52,74.51527778,2001,9,3,0.0,0.552962661,4.35003233,29.38528633,13.23985606,-7.354305685,2.493722439,1.597544909,0.0,10.767897605895996,7588.4269509,0.7531688809394836,28.15892219543457,3.9849355220794678
76.20083333,75.20277778,2001,9,4,0.0,0.399179995,3.647074223,29.52399635,7.373593748,-4.72632125,2.001151562,1.953356862,0.0,10.767897605895996,4259.07793,0.49745213985443115,29.173011779785156,2.798941135406494
75.16777778,76.9225,2001,9,5,0.0,0.309871256,1.222264767,30.95106888,8.462038636,5.891995132,1.346828103,0.097458407,0.0,10.767897605895996,5912.4073859,0.316524475812912,28.929475784301758,1.671900987625122
75.71583333,75.84166667,2001,9,5,0.0,0.312514842,2.115371227,28.61864281,11.25705317,5.739264935,1.231869936,0.197486803,0.0,10.767897605895996,1985.9708484,0.302115261554718,28.133689880371094,1.6866825819015503
74.58444444,72.24833333,2001,9,6,0.0,0.344279289,0.566158772,27.67545509,1.869846508,-3.85189876,1.582043886,3.093510389,0.0,10.767897605895996,298.645063191,0.4289660155773163,26.36626625061035,0.6239309906959534
75.24388889,74.76194444,2001,9,6,0.0,0.231009066,2.358026266,29.41375732,-2.106038295,-8.771485835,1.505208135,0.934967637,0.0,10.767897605895996,1830.32907356,0.357346773147583,27.532617568969727,1.8946073055267334
72.66833333,74.00166667,2001,9,7,0.0,1.011363149,1.708852887,21.18104744,7.845547795,-9.448821843,9.474251747,2.900621891,0.0,10.767897605895996,0.0,1.6485662460327148,21.007375717163086,1.4051151275634766
73.5002,19.3292,2001,10,3,0.0,0.349168956,6.055171967,34.80602646,-3.363452107,3.707758337,4.079487324,2.297721624,0.0,44.12100982666016,0.0,0.34608131647109985,34.41158676147461,5.986747741699219
73.9992,19.2183,2001,10,3,0.0,0.427737892,4.499433517,34.6757431,0.885794871,3.055807948,5.333906174,1.927873611,0.0,44.12100982666016,0.0,0.3572194576263428,34.33158874511719,5.08988618850708
71.997,19.6908,2001,10,4,0.0,0.378696799,7.676867485,34.75410461,0.762501452,3.81856896,4.656184196,1.894971013,0.0,36.4117317199707,0.0,0.43134984374046326,34.14365005493164,7.766858100891113
75.983,-155.133,2002,1,9,0.965650082,0.057585545,-1.607434511,30.0222187,0.575638236,-0.443046726,0.0,6.155076027,4.168723583,17.92792320251465,31.0,0.05745142325758934,29.11895179748535,-1.5527727603912354
62.7142,4.4387,2002,1,18,0.0,0.272262424,7.358647346,34.12575531,30.41006625,22.2976625,0.86829716,5.876151562,0.0,30.778865814208984,0.0,0.26897287368774414,33.22560501098633,6.963813781738281
62.8452,4.2148,2002,1,18,0.0,0.267182469,7.518625736,34.39772797,37.28192151,20.18474936,0.930961192,6.612014294,0.0,25.42581558227539,0.0,0.23721124231815338,33.98414611816406,7.60582160949707
63.0565,3.6613,2002,1,18,0.0,0.086252667,8.128350258,35.21237946,13.945885,2.578563243,0.166240007,10.29499149,0.0,189.0146331787109,0.0,0.08031782507896423,35.13053894042969,8.075350761413574
63.3192,3.1667,2002,1,18,0.0,0.084843397,7.944001198,35.16434097,-6.676300615,-4.248537496,0.098584972,10.26733685,0.0,174.09695434570312,0.0,0.08325400948524475,35.08237838745117,7.960638046264648
63.7055,2.3422,2002,1,19,0.0,0.074958988,7.466440678,35.12619781,4.77752611,10.00937223,0.028087031,10.34081936,0.0,125.3162841796875,0.0,0.08057867735624313,35.04426574707031,7.730808258056641
64.1773,1.2232,2002,1,19,0.0,0.090515673,6.832630634,35.08802414,7.017557323,15.2806893,0.05510645,9.056699753,0.0,126.52906799316406,0.0,0.07655718922615051,35.05908203125,7.283949851989746
70.5,20.0022,2002,1,19,0.0,0.044935398,5.754414082,34.51304245,-1.2888778,5.513076484,0.000181553,6.51046896,0.0,113.9238739013672,0.0,0.042636074125766754,31.97955894470215,5.106696128845215
64.6662,-0.025,2002,1,20,0.0,0.086481176,6.162961483,35.0529747,-7.506827265,5.133547634,0.031444214,8.397510529,0.0,94.64684295654295,0.0,0.09108509123325348,34.88581466674805,6.488426208496094
71.9955,19.688,2002,1,20,0.0,0.026146527,5.427061081,35.08856583,-3.955483437,-8.391948044,0.0,9.780355453,0.0,239.44973754882807,0.0,0.03453196585178375,35.005123138427734,5.749760150909424
73.4972,19.3372,2002,1,20,0.0,0.02940248,3.779311895,35.00991821,2.75376495,-5.331518129,0.0,9.118581772,0.0,166.38644409179688,0.0,0.02901325561106205,34.98432540893555,4.736545562744141
72.0013,19.6942,2002,3,7,0.0,0.037551474,5.190396786,34.99567413,6.196757779,-8.82088393,0.06670852,9.93492794,0.0,133.34458923339844,0.0,0.039514005184173584,34.830970764160156,5.234804630279541
73.4891,19.3188,2002,3,9,0.0,0.048629917,4.62340498,35.10049438,-2.173324861,-3.261067718,0.094293378,9.659023285,0.0,221.7423553466797,0.0,0.04553316533565521,35.011695861816406,4.6954121589660645
74.0,19.2223,2002,3,9,0.0,0.069486253,2.669252396,34.98409653,-1.731294766,-6.031106785,0.189284086,8.940073013,0.0,126.92900848388672,0.0,0.045899055898189545,34.956520080566406,3.6430413722991943
74.35,-161.833,2002,3,9,0.990310848,0.034099817,-1.570155144,29.94210625,-3.928738832,1.133408956,0.000408385,7.590275288,3.923798323,10.767897605895996,60.0,0.03238089382648468,28.645235061645508,-1.3989593982696533
75.15,-159.817,2002,4,9,0.953798771,0.034143094,-1.593541861,29.88492203,0.002100029,-3.326124698,0.009543554,6.873037338,4.260601997,19.301389694213867,113.0,0.03164089843630791,28.98969268798828,-1.5310717821121216
70.499,19.993,2002,4,19,0.0,1.148030162,5.397036076,34.48436737,1.371032558,0.270527694,25.7948246,5.907996655,0.0,78.75765991210938,0.0,0.6993025541305542,31.35454559326172,4.411164283752441
72.005,19.666,2002,4,20,0.0,1.436492443,5.434089184,34.99162292,12.84082234,-4.911194742,12.28392696,9.017660141,0.0,41.80897521972656,0.0,1.310531735420227,34.5421257019043,5.373935699462891
73.498,19.321,2002,4,20,0.0,3.315207005,4.558979988,35.02762985,8.137243986,-0.957114249,30.93688393,6.267729282,0.0,46.15182495117188,0.0,1.9170849323272705,34.6856689453125,4.964247703552246
73.997,19.214,2002,4,21,0.0,2.263435364,4.036827564,34.90469742,13.26624304,-5.099992827,25.3233223,5.334052086,0.0,29.91145133972168,0.0,1.5956040620803833,34.66995620727539,4.75728702545166
63.3148,3.1495,2002,4,28,0.0,1.660402536,8.340393066,35.19396591,-1.436847728,9.080477059,22.33188438,6.145926952,0.0,48.80988311767578,0.0,1.5151841640472412,34.87466812133789,8.245057106018066
63.6768,2.3907,2002,4,28,0.0,1.780951262,8.251144409,35.22633362,12.34966442,12.15954944,22.93375587,6.74445343,0.0,44.12100982666016,0.0,1.643061876296997,34.8122673034668,8.21485424041748
63.9093,1.7605,2002,4,29,0.0,1.302713156,7.28788805,35.13441467,20.37704885,5.437848344,21.77630997,6.777320385,0.0,33.28317642211914,0.0,1.3922626972198486,34.7249870300293,7.959935188293457
64.1642,1.2622,2002,4,29,0.0,0.97422111,6.619152069,35.09733963,5.666611716,-5.876344815,18.56744957,6.556798458,0.0,28.58336067199707,0.0,1.117370843887329,34.53568649291992,7.211819648742676
64.3738,0.6993,2002,4,29,0.0,1.047264099,6.861488342,35.08358765,7.744690031,1.335884724,19.62708092,6.514201164,0.0,28.19251251220703,0.0,1.055899977684021,34.45512008666992,6.62917423248291
64.6687,-0.0645,2002,4,30,0.0,0.639487743,6.49352932,35.08265305,-3.697289526,8.207075298,13.95855427,6.359445572,0.0,22.775270462036133,0.0,0.9500725865364075,33.95026397705078,5.984396457672119
67.99,-169.09,2002,5,10,0.943965852,0.123013593,-1.643346429,31.96504211,-6.341707706,7.391618192,0.050010849,16.83432961,0.896029174,10.767897605895996,0.0,0.12657257914543152,30.814802169799805,-1.5076017379760742
72.92,-160.51,2002,5,17,0.971967638,0.036011323,-1.711329222,31.26722145,-1.716434024,2.155313641,0.014190648,11.03827286,3.432552576,10.767897605895996,1119.408001,0.038669075816869736,30.814350128173828,-1.6878737211227417
73.3,-160.17,2002,5,19,0.964351892,0.037955858,-1.675555229,30.74142838,-4.875874147,6.29594177,0.021452365,8.525447845,3.558423758,10.767897605895996,0.0,0.03619909659028053,29.319082260131836,-1.5951533317565918
73.4433,-157.555,2002,5,23,0.950874269,0.032623686,-1.675310373,29.99814415,-6.132835522,2.433219738,0.019548902,8.002868652,3.651151657,10.780858993530272,160.0714927,0.03741930425167084,28.839515686035156,-1.5689759254455566
72.85,-158.48,2002,5,27,0.941212356,0.038716577,-1.744689703,31.43001938,-7.507252693,4.194224998,0.022768199,8.475990295,2.986186743,10.767897605895996,35.45323448,0.03659888356924057,30.074665069580078,-1.6486852169036865
72.24,-159.0,2002,5,30,0.936469615,0.039564349,-1.753792882,32.08839035,-6.879405677,1.074792352,0.040905986,13.97745895,2.55179286,11.62989616394043,1844.77042445,0.039953768253326416,30.90016746520996,-1.6791547536849976
71.821,-155.733,2002,6,2,0.943681955,0.086632289,-1.741632819,31.73944092,5.277645588,5.135949329,0.140991911,9.153284073,3.148387671,19.215206146240234,16.00716928,0.084382563829422,30.9232120513916,-1.6928141117095947
71.494,-153.899,2002,6,3,0.982160628,0.123028278,-1.759785056,31.81533813,1.973998733,-0.883011613,0.097765073,10.61922932,3.071936131,10.767897605895996,133.390864738,0.14817163348197937,30.481796264648438,-1.6380293369293213
72.1245,-154.491667,2002,6,6,0.96885097,0.098583795,-1.706054688,30.56086159,-0.398283172,4.405853525,0.127867147,9.712630272,3.313408852,10.767897605895996,0.0,0.09400799125432968,29.702823638916016,-1.6137672662734985
72.184833,-154.274833,2002,6,7,0.966060996,0.050557941,-1.64327693,29.99703789,5.685547739,-2.51339972,0.063114345,7.736907482,3.435103893,10.767897605895996,18.39901755,0.10857468843460083,29.706819534301758,-1.6217708587646484
72.557167,-154.574667,2002,6,8,0.959155023,0.043627307,-1.669475198,29.93274498,-2.150803432,0.540019013,0.066591211,6.242972374,3.519990444,10.767897605895996,4.599754388,0.04191824048757553,28.938026428222656,-1.5557043552398682
71.55,-156.2,2002,6,12,0.947091818,0.2888771,-1.467225075,30.91463852,7.845572382,4.271273687,0.440352857,8.411275864,2.376469135,10.767897605895996,121.4704523,0.27604377269744873,29.56183624267578,-1.346755027770996
71.9987,19.6803,2002,6,15,0.0,0.80192697,7.925046921,34.81176376,6.265632063,-5.654251575,18.80335999,1.159095883,0.0,15.215269088745115,0.0,0.8369560837745667,33.66828155517578,7.982985019683838
73.4992,19.332,2002,6,15,0.0,0.969442487,7.113964558,34.98153687,3.754423186,-7.757312804,21.9505291,0.284657955,0.0,10.767897605895996,0.0,0.9114149808883667,33.29305648803711,7.135619640350342
73.9985,19.2198,2002,6,15,0.0,0.739682436,5.188920498,34.84797668,2.306852303,-7.286085188,12.0123539,0.09594284,0.0,10.767897605895996,32.00395356,0.9281501173973083,33.2922477722168,5.502070903778076
68.51083333,-167.391,2002,7,19,0.0,0.691054702,6.115659714,31.52251434,0.901591498,19.91412044,11.43488979,0.01052137,0.0,10.767897605895996,0.0,1.0074995756149292,30.071691513061523,4.299549102783203
69.954,-164.3911667,2002,7,20,0.0,2.101898432,4.623179436,31.06823158,-1.705984958,3.387911618,33.47584534,0.699766397,0.0,10.767897605895996,1708.3011568,0.9683592319488525,29.445758819580078,4.271767616271973
71.073,-159.4123333,2002,7,21,0.373809844,0.869771183,-0.724974871,28.52466202,64.12433982,29.65693772,2.42618084,7.254547119,1.603085876,10.767897605895996,2602.6600184,0.8238940834999084,28.645416259765625,-0.07587043195962906
71.3845,-157.6903333,2002,7,21,0.694718719,0.480855078,-0.284219086,28.32753754,9.094750136,5.289196596,0.859541953,9.583875656,2.337192059,10.767897605895996,1080.9243422,0.6634282469749451,28.920942306518555,-0.2352769672870636
71.604,-156.2081667,2002,7,22,0.322918147,0.541476786,-0.45879218,28.2287178,44.03817952,2.05742009,1.094173431,8.742985725,1.872213602,10.767897605895996,1406.3347377,0.5187171101570129,28.45842170715332,0.08340170979499817
71.922,-154.897,2002,7,23,0.623438954,0.338384122,1.525725722,28.77824974,-9.416534007,14.28386122,0.654343009,9.33590126,1.720944881,10.767897605895996,6441.954791,0.4136286973953247,28.326082229614258,0.36439117789268494
72.1205,-154.1895,2002,7,23,0.557374597,0.308137745,2.172272921,28.71628952,-7.247062773,8.468838036,0.598033071,8.925330162,1.169899464,10.767897605895996,3925.778613,0.2930600941181183,28.215621948242188,1.0534613132476807
72.4795,-153.4663333,2002,7,27,0.600853801,0.084988713,-0.871869028,27.68458366,-3.167178109,-4.183649272,0.121101439,5.960586548,2.635613203,10.767897605895996,2698.2215923,0.08925638347864151,26.71996307373047,-0.7490501999855042
62.7227,4.4462,2002,7,28,0.0,0.422066271,13.70277214,33.41754913,44.34930384,30.4263562,16.56171799,0.330732703,0.0,11.920683860778809,0.0,0.17202851176261902,30.866634368896484,13.366636276245117
62.836,4.1755,2002,7,28,0.0,0.471269399,13.72024345,34.41588211,42.07515717,20.18705606,19.13637733,0.505360425,0.0,11.501384735107422,0.0,0.483094185590744,33.32758331298828,13.1447114944458
72.48133333,-153.5108333,2002,7,28,0.558531463,0.085456491,-0.724288642,27.44889641,-1.252658479,-2.774408646,0.13861452,5.959508896,2.691536903,10.767897605895996,4731.502935,0.09144330024719238,26.751821517944336,-0.7538283467292786
72.49266667,-153.5745,2002,7,28,0.558531463,0.085456491,-0.724288642,27.44889641,-1.252658479,-2.774408646,0.13861452,5.959508896,2.691536903,10.767897605895996,2837.4048660000003,0.09144330024719238,26.751821517944336,-0.7538283467292786
62.95,3.9167,2002,7,29,0.0,0.261376083,14.12455463,33.59103775,12.59563863,0.311364513,10.48217678,1.957071662,0.0,13.443765640258787,0.0,0.42318636178970337,32.824119567871094,13.267282485961914
63.0732,3.656,2002,7,29,0.0,0.249579355,14.18818951,33.8020668,8.185006678,-1.639829576,9.625566483,2.054236174,0.0,14.331897735595703,0.0,0.23206228017807007,32.84623718261719,13.657793998718262
63.3105,3.133,2002,7,29,0.0,0.229658231,13.75422668,34.41704941,-4.829887673,-7.785245776,8.524433136,1.924954295,0.0,14.640779495239258,0.0,0.2254195511341095,33.20408630371094,13.336737632751465
72.28766667,-151.8611667,2002,7,29,0.573312938,0.08113613,-0.104628995,27.11764908,-0.940562226,1.157865487,0.168949321,5.976188183,2.807271004,10.767897605895996,9379.613234,0.0788322240114212,26.801040649414062,-0.24113589525222778
72.2955,-151.9203333,2002,7,29,0.578606546,0.081646934,-0.0846944,27.20308113,-0.714826584,1.314266585,0.161281586,5.994960308,2.771468878,10.767897605895996,8460.659383999999,0.0788322240114212,26.801040649414062,-0.24113589525222778
72.30383333,-153.9326667,2002,7,29,0.590701282,0.088068597,-0.981794417,27.34947586,-0.255783508,-0.683235098,0.139231578,6.471852303,1.981502056,10.767897605895996,7795.559645,0.09163905680179596,26.808353424072266,-0.7294761538505554
63.663,2.3402,2002,7,30,0.0,0.254520357,13.28699207,34.9014473,-1.822523214,15.28748125,5.904551983,2.103624344,0.0,17.71377944946289,0.0,0.23835602402687073,33.67777633666992,13.162225723266602
64.1343,1.2628,2002,7,30,0.0,0.294060379,12.55972385,35.05967712,-2.217531577,8.976466954,6.887676239,2.390773535,0.0,16.701473236083984,0.0,0.2771384119987488,34.10968780517578,12.065502166748047
64.6667,0.0013,2002,7,30,0.0,0.308605045,11.96122837,34.96801376,-6.352090836,0.514236372,7.780499935,2.607939005,0.0,26.59165573120117,0.0,0.33736613392829895,34.3460807800293,11.894367218017578
64.6667,0.0013,2002,7,31,0.0,0.307633638,12.03228188,34.98413086,-9.858021885,-2.071854472,8.834827423,2.578550339,0.0,22.27275848388672,0.0,0.31437352299690247,34.137290954589844,11.779458999633789
71.92866667,-152.0281667,2002,7,31,0.625895858,0.102309875,-0.456081897,27.21494102,6.24402836,5.989002064,0.179208159,6.864349842,2.313049793,10.767897605895996,7663.079256000001,0.1662774235010147,26.920225143432617,-0.40416353940963745
71.67566667,-152.1533333,2002,8,1,0.445520073,0.170626402,-0.900178015,27.23008728,7.054016739,-2.015188895,0.239985615,8.396764755,1.199100733,10.767897605895996,4971.981847,0.19176870584487915,27.046472549438477,-0.44271495938301086
71.68433333,-152.3373333,2002,8,1,0.445520073,0.170626402,-0.900178015,27.23008728,7.054016739,-2.015188895,0.239985615,8.396764755,1.199100733,10.767897605895996,5515.263717,0.20206895470619202,27.0826358795166,-0.3908367156982422
71.68816667,-152.4146667,2002,8,1,0.395184278,0.194384903,-0.930004299,27.33911514,7.581485063,-2.102649398,0.2770316,8.749386787,1.062826157,10.767897605895996,5479.625054,0.20206895470619202,27.0826358795166,-0.3908367156982422
71.64616667,-152.3761667,2002,8,2,0.384173512,0.193773031,-0.650717914,27.20463943,0.8983084,1.143168937,0.282754868,8.83464241,1.131513357,10.767897605895996,8050.868409000001,0.2011820673942566,27.098987579345703,-0.28373780846595764
71.56366667,-152.3836667,2002,8,3,0.258881986,0.208883271,-0.662059069,27.06571388,6.259867549,-0.844145659,0.317041606,9.165470123,1.270185709,10.767897605895996,8769.960476,0.20059522986412048,27.128761291503906,-0.15096569061279297
71.575,-152.3406667,2002,8,3,0.239737064,0.1966656,-0.685916901,27.00747871,6.179739907,-1.22922631,0.291999876,9.055297852,1.068356037,10.767897605895996,6389.244587,0.20059522986412048,27.128761291503906,-0.15096569061279297
71.2785,-152.5161667,2002,8,4,0.476427525,0.248183876,-0.456328422,27.90176392,25.93084872,-12.5200212,0.293895394,8.775099754,1.658651352,10.767897605895996,5431.069883,0.2503211498260498,27.60317039489746,0.049407970160245895
71.46166667,-152.555,2002,8,4,0.312029511,0.207334742,-0.149728104,27.52515411,5.172834918,-6.936859339,0.229609072,9.177746773,1.45822382,10.767897605895996,7450.517379,0.2503211498260498,27.60317039489746,0.049407970160245895
72.22433333,-159.3421667,2002,8,6,0.396346927,0.271259964,-0.026126392,28.62659836,-4.857957363,-13.4640336,0.673728526,12.57384205,2.429069519,10.767897605895996,3505.27455,0.3143778145313263,28.1809024810791,0.13120821118354797
72.60316667,-158.737,2002,8,6,0.194551066,0.103742398,-0.245560348,27.91246414,-11.52141467,-1.991458423,0.238097563,10.65877914,1.413982749,10.767897605895996,3447.8288030000003,0.10306510329246521,27.053903579711914,-0.18749721348285675
72.70166667,-158.6465,2002,8,7,0.357988417,0.102926239,-0.312020719,28.01987457,-15.82695693,2.553937212,0.212290362,8.252705574,1.329317212,10.767897605895996,2246.842502,0.10137730091810226,27.035398483276367,-0.28870946168899536
72.723,-158.4836667,2002,8,7,0.368515611,0.104002602,-0.316898078,28.04110909,-16.6304782,3.170533478,0.20608902,7.964102268,1.642174125,10.767897605895996,2658.8240305,0.08883075416088104,27.04755973815918,-0.3421473205089569
72.83433333,-158.276,2002,8,8,0.299043834,0.10797891,-0.516573012,28.02851105,-14.84933048,5.195254833,0.208884776,7.550020218,2.354813576,10.767897605895996,2046.1383688,0.10082875192165375,27.14326286315918,-0.37832358479499817
72.87166667,-158.3583333,2002,8,9,0.242765963,0.110150233,-0.434408754,28.00855064,-14.47630078,9.154133499,0.271316856,7.56008482,2.466903448,10.767897605895996,3316.7735379,0.10312972962856293,27.18689727783203,-0.35946255922317505
72.878,-158.298,2002,8,9,0.249506712,0.122998238,-0.477059513,27.84288216,-14.04448152,6.416676939,0.371516615,6.731449127,3.009314299,10.767897605895996,2366.3335453,0.10312972962856293,27.18689727783203,-0.35946255922317505
72.87966667,-158.254,2002,8,9,0.249506712,0.122998238,-0.477059513,27.84288216,-14.04448152,6.416676939,0.371516615,6.731449127,3.009314299,10.767897605895996,2802.7729069,0.10312972962856293,27.18689727783203,-0.35946255922317505
73.06616667,-157.9605,2002,8,10,0.230592683,0.12671572,-0.267968446,27.85122871,-14.2091319,1.660982892,0.4393861,6.578161716,3.088989258,10.767897605895996,1135.4959778,0.12109091877937317,27.228374481201172,-0.1905404031276703
73.07866667,-157.9428333,2002,8,10,0.230592683,0.12671572,-0.267968446,27.85122871,-14.2091319,1.660982892,0.4393861,6.578161716,3.088989258,10.767897605895996,422.6313676,0.12109091877937317,27.228374481201172,-0.1905404031276703
73.4025,-157.342167,2002,8,11,0.38249439,0.18308422,-1.305845737,27.7805748,-2.177180164,0.140658382,0.921028733,7.301271439,3.268778324,10.767897605895996,183.9739252,0.15362057089805603,26.97093391418457,-0.478523313999176
73.39633333,-157.5428333,2002,8,12,0.325565457,0.199392587,-1.170513391,27.74427605,-1.438000705,-3.195885196,1.031577587,7.197236538,3.257819891,10.767897605895996,977.4951993,0.15950381755828857,27.061786651611328,-0.2387218326330185
73.406,-157.5041667,2002,8,12,0.325565457,0.199392587,-1.170513391,27.74427605,-1.438000705,-3.195885196,1.031577587,7.197236538,3.257819891,10.767897605895996,645.1025668999999,0.15950381755828857,27.061786651611328,-0.2387218326330185
73.4185,-157.4355,2002,8,12,0.325565457,0.199392587,-1.170513391,27.74427605,-1.438000705,-3.195885196,1.031577587,7.197236538,3.257819891,10.767897605895996,347.49263785,0.16040633618831635,27.00058937072754,-0.3471643924713135
73.674333,-159.206167,2002,8,13,0.244515643,0.251323909,-0.656040549,27.83741379,-1.317797694,0.839378778,1.161992073,7.169633389,3.232921839,10.767897605895996,20.77190155,0.20111030340194702,27.333404541015625,0.015517045743763447
73.68666667,-159.1311667,2002,8,13,0.244515643,0.251323909,-0.656040549,27.83741379,-1.317797694,0.839378778,1.161992073,7.169633389,3.232921839,10.767897605895996,95.85652187,0.20111030340194702,27.333404541015625,0.015517045743763447
73.69183333,-159.123,2002,8,13,0.293381751,0.242331341,-0.813093066,27.81785393,-2.374587394,0.451780809,1.132112265,7.169342041,3.280922174,10.767897605895996,414.8062034,0.20111030340194702,27.333404541015625,0.015517045743763447
73.7025,-159.1,2002,8,13,0.293381751,0.242331341,-0.813093066,27.81785393,-2.374587394,0.451780809,1.132112265,7.169342041,3.280922174,10.767897605895996,159.379841,0.20111030340194702,27.333404541015625,0.015517045743763447
73.39817,-159.4865,2002,8,14,0.062908679,0.223745346,-0.293862283,27.96852303,14.19662237,2.624233626,0.96427238,6.879354477,2.685664177,10.767897605895996,225.56724779,0.16120509803295135,27.51678466796875,0.26124221086502075
73.496,-159.5416667,2002,8,14,0.062908679,0.223745346,-0.293862283,27.96852303,14.19662237,2.624233626,0.96427238,6.879354477,2.685664177,10.767897605895996,319.373552,0.16345535218715668,27.516387939453125,0.24147507548332214
73.21983333,-160.2283333,2002,8,16,0.0,0.18839778,0.224009499,29.26507759,-15.61673135,2.637233213,0.779742599,7.436458588,0.0,12.38757038116455,11663.152738,0.1718873828649521,28.023500442504883,0.43541082739830017
72.977,-160.6746667,2002,8,17,0.0,0.228623569,0.583537042,29.27890968,-11.57451347,-2.114246786,0.881340206,9.26231575,0.0,12.690549850463867,7427.274871,0.5309938788414001,28.118526458740234,1.0214905738830566
73.06983333,-160.4526667,2002,8,17,0.0,0.198230669,0.492278934,29.30210495,-14.78114724,1.044858899,0.756232798,8.684659958,0.0,13.072030067443848,7070.985318,0.19127008318901062,28.183725357055664,0.47210702300071716
73.0715,-160.4785,2002,8,17,0.0,0.198230669,0.492278934,29.30210495,-14.78114724,1.044858899,0.756232798,8.684659958,0.0,13.072030067443848,6382.76807,0.19127008318901062,28.183725357055664,0.47210702300071716
71.7,-133.317,2002,8,18,0.651176751,0.116269432,1.194556952,28.67269135,1.703704521,-3.920991346,0.104127154,5.547857285,3.640358925,10.767897605895996,44.0,0.10782142728567123,26.57464027404785,1.5024288892745972
72.75933333,-161.2126667,2002,8,18,0.0,0.602083743,1.027531743,29.47214127,4.364720732,-9.055627882,2.327119112,12.36963177,0.0,10.767897605895996,4103.708025,0.5769562125205994,28.10403823852539,0.9799648523330688
73.07433333,-162.9703333,2002,8,19,0.0,0.452946603,0.770558834,29.0010891,-6.438999623,-7.373215258,1.991541743,11.53662968,0.0,12.049220085144045,7190.773163,0.43572452664375305,27.798505783081055,0.738110363483429
73.279,-163.476167,2002,8,19,0.0,0.339091361,0.409575164,28.91791534,-8.345521241,-9.470839798,1.559287906,10.40436935,0.0,12.595361709594728,15651.212905,0.3266824781894684,27.770448684692383,0.39053454995155334
73.27983333,-164.5556667,2002,8,19,0.014596219,0.423250467,0.441275865,28.7079277,-10.56686938,1.032425463,1.998009443,9.833099365,0.584513128,10.767897605895996,6161.908313999999,0.435264527797699,27.55059242248535,0.3938366174697876
73.33816667,-165.5383333,2002,8,20,0.111771971,0.581886649,1.033775926,29.46550751,-1.933194697,-2.950525843,2.752499104,11.39023399,1.313005686,10.767897605895996,4619.932779,0.6153846383094788,28.144451141357422,0.9684955477714539
73.483,-137.0,2002,8,20,0.680582404,0.142172307,-1.550246596,28.97924995,-2.275496162,-4.337227345,0.224411801,5.750515461,3.831641197,10.767897605895996,16.5,0.12980051338672638,28.050907135009766,-1.3646965026855469
73.629,-165.4328333,2002,8,20,0.014443359,0.522069573,0.480601192,29.16611862,-13.84325176,-3.384349495,2.727645159,8.639515877,1.217951894,11.234451293945312,8641.785209,0.5246366262435913,27.89828872680664,0.6187714338302612
70.68216667,-166.4953333,2002,8,21,0.0,1.70141983,5.432704926,30.35076332,-7.775396109,-4.02687192,24.94616127,2.587157965,0.0,10.767897605895996,0.0,1.5966631174087524,29.610746383666992,5.7991485595703125
72.567,-141.0,2002,8,23,0.398789704,0.107699119,-0.791089356,28.7236557,6.629257649,-3.606465831,0.175542057,6.160591125,3.518101215,10.767897605895996,12.0,0.10325336456298828,27.966007232666016,-0.1822739690542221
72.0008,19.7058,2002,8,24,0.0,0.271118253,11.18544388,34.70566559,5.629137903,-3.305061534,7.617967129,1.428848982,0.0,15.215269088745115,0.0,0.2631227672100067,33.57866668701172,10.86008358001709
72.733,-144.967,2002,8,25,0.17832984,0.14093937,-1.222334146,27.96094704,3.80352214,5.168043822,0.263313025,5.763176918,3.276074648,10.767897605895996,23.5,0.12302520126104355,27.318038940429688,-0.09408818930387497
73.4888,19.3162,2002,8,25,0.0,0.206660971,9.093993187,34.80564499,8.927772939,4.629936814,2.659345865,0.014937178,0.0,10.805904388427734,0.0,0.24478617310523987,33.190673828125,9.425335884094238
73.9995,19.2098,2002,8,26,0.0,0.222667575,6.718382835,34.70078278,11.53729931,-3.652328625,2.489308357,0.014585244,0.0,14.468002319335938,0.0,0.3374364376068115,33.5406494140625,7.732161045074463
74.233,-147.633,2002,8,26,0.516547501,0.32319361,-1.232502341,28.80063057,8.963841945,1.891513169,0.858819187,5.922961712,3.578387976,10.767897605895996,0.0,0.282076358795166,27.374711990356445,-0.9747402667999268
76.767,-147.05,2002,8,27,0.814791381,0.592787325,-1.536952496,28.72305107,7.895544171,-4.837929085,2.627840519,6.942518711,3.926569223,10.767897605895996,12.0,0.5627368092536926,27.883220672607422,-1.408003568649292
75.55,-152.867,2002,8,29,0.597263515,0.390279561,-1.553065896,28.56064796,3.620138019,-2.226910368,1.637956738,6.390069485,3.687516689,10.767897605895996,0.0,0.369163453578949,27.336589813232422,-1.4248156547546387
75.933,-154.683,2002,8,30,0.728129804,0.699088931,-1.514334202,28.48386574,12.30977848,-1.395901013,2.822119474,6.870454788,3.742928028,10.767897605895996,50.0,0.5485634207725525,27.051048278808594,-1.4015557765960693
70.83333333,-160.0,2002,9,6,0.0,1.146222949,6.497364044,31.15426826,53.83421779,30.08758426,12.47476006,0.619764745,0.0,18.593923568725582,330.5929188,1.1006860733032227,30.344911575317383,6.377927780151367
72.7,-159.7,2002,9,8,0.0,0.347979665,1.065579414,29.5106926,-7.597845048,5.527855083,1.336848378,11.14621353,0.0,11.936220169067385,877.3547967,0.4001546800136566,28.137882232666016,1.2778677940368652
72.9,-158.8,2002,9,8,0.0,0.199433461,0.517359316,29.78950882,-17.34832078,11.5280591,0.837686241,10.66832066,0.0,11.636761665344238,52.60592247,0.24331296980381012,28.30659294128418,0.6842687726020813
73.16666667,-158.0,2002,9,9,0.0,0.257743061,0.977746308,29.65952301,7.613766193,0.829923432,1.087532759,7.3560853,0.0,11.597810745239258,822.8658638,0.18987026810646057,28.5374755859375,0.7876461148262024
73.5,-157.0,2002,9,9,0.0,0.410961747,0.205356941,29.33401489,4.728415236,-0.621239468,1.450763106,6.542422771,0.0,12.845992088317873,288.7570121,0.3153964579105377,28.29282569885254,0.7682315111160278
74.41666667,-157.8333333,2002,9,10,0.0,0.66930604,-0.572911739,28.74764061,-4.445043951,6.664037704,1.756123304,6.202338219,0.0,13.251087188720703,6.603029882,0.5863475203514099,27.559663772583008,-0.2821689546108246
74.58333333,-158.1666667,2002,9,10,0.0,0.710794687,-0.635332167,28.69323921,-3.302394226,5.76922521,2.005945206,6.34867382,0.0,15.356847763061523,35.97819224,0.676897406578064,27.76331901550293,-0.6164422631263733
73.66666667,-164.1,2002,9,11,0.0,0.626659453,0.665659666,29.65255165,-21.82240337,2.963323332,2.15419054,8.482122421,0.0,12.820907592773438,2287.524245,0.741669237613678,28.610519409179688,0.6253789663314819
74.0,-163.2166667,2002,9,11,0.0,0.606356025,0.603380799,29.73784256,-13.66665363,2.030978352,2.134954691,8.167676926,0.0,16.26357650756836,138.9155471,0.46663784980773926,28.30445098876953,0.6682722568511963
74.25,-162.55,2002,9,11,0.0,0.907158852,-0.325115323,29.8141861,1.173024438,-1.186647359,2.973906755,7.707433701,0.0,18.22059631347656,330.6952695,0.5236201882362366,28.71677017211914,0.5752048492431641
73.33333333,-165.0,2002,9,12,0.0,0.77469933,0.783645093,29.01251221,9.209433943,4.463133588,3.311228275,10.89466763,0.0,11.105978965759276,644.2783711,0.7368297576904297,27.733638763427734,0.7886908054351807
70.18333333,-141.5,2002,9,17,0.0,0.159184322,3.0610888,27.02696037,6.191979349,-6.193216145,0.472269088,8.465465546,0.0,10.767897605895996,309.1009267,0.17481063306331635,25.388437271118164,2.8121440410614014
70.41666667,-141.6166667,2002,9,17,0.0,0.144534528,2.611753941,27.20209885,6.705378741,-5.560161546,0.506747723,8.041859627,0.0,10.767897605895996,152.7558587,0.1421927660703659,25.77579689025879,2.865842580795288
70.55,-141.7,2002,9,17,0.0,0.137317106,2.535053015,27.17461395,7.613815367,-5.148564652,0.461999387,7.956580162,0.0,10.767897605895996,170.1519244,0.13167567551136017,26.119359970092773,2.19256854057312
70.28333333,-134.0333333,2002,9,19,0.0,0.255454808,1.633274317,22.18173981,1.507019345,-5.496982485,0.949950993,15.18570423,0.0,10.767897605895996,25.60272579,0.2220049947500229,21.351398468017578,0.8504707217216492
70.36666667,-133.6,2002,9,19,0.0,0.262561291,1.612951159,17.54913712,-3.178527206,7.767456025,1.005607724,15.32852077,0.0,10.767897605895996,627.4352212,0.22713913023471832,21.803443908691406,0.9814710021018982
70.41666667,-133.1666667,2002,9,19,0.0,0.191168875,1.858386397,23.40239716,-0.700593414,4.653235525,0.552831769,12.26934624,0.0,10.767897605895996,0.0,0.23214773833751678,19.08047866821289,0.8781405091285706
70.86666667,-133.9666667,2002,9,19,0.0,0.164021492,1.222745419,25.53319359,-4.369714856,3.384592012,0.427943468,9.695524216,0.0,10.767897605895996,0.0,0.14559853076934814,24.95705223083496,0.9298763871192932
70.58333333,-132.0,2002,9,20,0.0,0.184271991,1.588363409,21.63992882,-2.964531817,-0.261275587,0.47918123,11.90884876,0.0,10.767897605895996,962.0673394,0.15397264063358307,21.99799156188965,1.0445212125778198
70.83333333,-131.0,2002,9,20,0.0,0.14269872,1.455861449,24.29363823,-4.234514758,-0.872078352,0.300782681,9.296124458,0.0,10.767897605895996,50.1556336,0.12283782660961151,24.01091766357422,0.9634718894958496
70.55,-127.5833333,2002,9,21,0.0,0.300050974,1.239075899,23.6881752,-5.669312179,10.04894301,0.322621495,9.289183617,0.0,10.767897605895996,141.6307829,0.3000386655330658,25.024045944213867,0.7006103992462158
70.56666667,-127.5,2002,9,21,0.0,0.300050974,1.239075899,23.6881752,-5.669312179,10.04894301,0.322621495,9.289183617,0.0,10.767897605895996,300.0575818,0.3092283606529236,24.73952293395996,0.9089175462722778
70.75,-128.5,2002,9,21,0.0,0.185955837,1.494274735,23.59557915,-9.646157175,-6.438217312,0.402930349,11.20291042,0.0,10.767897605895996,631.5844799,0.24564343690872192,21.67456817626953,1.0508228540420532
70.75,-128.0,2002,9,21,0.0,0.208242446,1.257262588,24.67094231,-8.564951271,-2.790376358,0.468539417,10.3177557,0.0,10.767897605895996,475.2391052,0.29190006852149963,23.92466926574707,0.7914055585861206
70.75,-127.3333333,2002,9,21,0.0,0.205327511,1.126838565,24.80621719,-1.54106291,-0.360442721,0.392775804,9.255284309,0.0,10.767897605895996,104.4327796,0.3092283606529236,24.73952293395996,0.9089175462722778
70.95,-128.25,2002,9,21,0.0,0.149046481,1.602046847,24.98360252,1.092734281,-4.881451651,0.238385662,8.990590096,0.0,10.767897605895996,147.7066817,0.1853991597890854,24.33430290222168,1.0924874544143677
70.43,-124.52,2002,9,22,0.0,0.309863985,1.657219529,23.16112518,10.14188975,-0.311840069,0.629141569,8.326628685,0.0,10.767897605895996,250.1849743,1.2072598934173584,22.43985939025879,1.8053815364837646
71.08333333,-129.0,2002,9,22,0.0,0.122060098,1.262805223,23.97537613,12.21580058,-16.02514982,0.17080541,8.019953728,0.0,10.767897605895996,54.12483132,0.11042899638414383,23.413654327392578,1.057223916053772
70.32,-126.51,2002,9,23,0.0,0.778028607,1.100683689,24.76140976,0.058079336,-10.21216363,0.85107559,7.393943787,0.0,10.767897605895996,0.0,0.9056190252304077,23.829509735107422,0.8156816959381104
70.57,-127.12,2002,9,23,0.0,0.354236722,0.664892137,25.12999344,-5.583298206,-9.908354282,0.445574582,8.872748375,0.0,10.767897605895996,342.4701287,0.3132016956806183,24.401514053344727,0.5751199722290039
70.75,-127.49,2002,9,23,0.0,0.212685496,0.611690044,25.45657158,-3.011295944,-11.44813374,0.363439113,9.226026535,0.0,10.767897605895996,411.3755299,0.24092966318130493,23.32418441772461,0.5601584911346436
71.07,-128.17,2002,9,25,0.0,0.150846764,0.182255983,26.60355759,-7.509605587,1.225615013,0.360900939,8.09480381,0.0,10.767897605895996,1014.5893608,0.13855817914009094,25.3944149017334,0.19447755813598633
71.33,-128.67,2002,9,25,0.0,0.122667022,-0.338969439,26.75112534,-6.400898099,-1.680498011,0.249211654,5.889719963,0.0,10.767897605895996,125.0924871,0.11805645376443863,25.510881423950195,-0.32036101818084717
71.58,-129.19,2002,9,25,0.001230833,0.143043101,-0.7978791,26.96328354,-5.886956677,0.543440785,0.320995629,5.43546629,0.000320084,10.767897605895996,338.8728466,0.136702761054039,25.715227127075195,-0.7543904185295105
71.62,-129.97,2002,9,25,0.007208293,0.142076999,-1.018534303,26.6206131,-6.066877395,1.092471648,0.303936601,5.398209095,0.10517294,10.767897605895996,100.0739897,0.13591918349266052,25.446008682250977,-0.9240062236785889
69.88333333,-139.5,2002,9,26,0.0,1.094559908,-0.035193227,27.83774376,-10.6937252,17.19581932,13.59092808,8.262331009,0.0,11.118409156799316,0.0,1.1873705387115479,26.471721649169922,0.18765239417552948
70.0,-138.6666667,2002,9,26,0.0,1.401367903,0.170033231,27.27088928,1.761806943,18.7726438,16.77161598,7.98230648,0.0,11.635379791259766,115.6753001,1.7254573106765747,25.839595794677734,-0.022587161511182785
71.44,-130.92,2002,9,26,0.032350823,0.144510865,-1.603235245,27.00652504,-3.277727589,7.70745948,0.273620278,5.417469501,0.698195159,10.767897605895996,0.0,0.12808771431446075,25.294763565063477,-0.6391029953956604
71.54,-131.86,2002,9,26,0.062568747,0.139578566,-1.572618365,27.75244141,-4.654693604,8.994917572,0.245433584,5.472291946,1.160471559,10.767897605895996,0.0,0.1307709664106369,27.04401206970215,-1.2438536882400513
69.4,-138.0,2002,9,27,0.0,2.750478745,0.70985043,24.94381142,-6.584709883,15.36403298,19.58959389,7.871575832,0.0,10.767897605895996,346.1711565,2.0411770343780518,22.00319480895996,0.9639511108398438
70.2,-137.0,2002,9,27,0.0,0.265571892,0.564279914,24.87653351,-0.825057551,20.89689821,1.983478069,9.429410934,0.0,10.767897605895996,77.50670382,0.5853873491287231,23.33858299255371,0.6160705089569092
71.59,-132.66,2002,9,27,0.02088866,0.13743262,-1.09536469,28.77145195,-7.445165515,13.02306801,0.194301367,5.684122086,0.452808082,10.767897605895996,16.01183819,0.13197609782218933,27.501710891723633,-0.9908799529075623
71.45,-133.66,2002,9,28,0.00778682,0.145343617,-0.912466109,29.21009445,-11.53471321,2.125411853,0.190416172,6.022464752,0.230973274,13.984566688537598,592.6551019999999,0.14343728125095367,27.400270462036133,-0.5766024589538574
71.11,-133.67,2002,9,29,0.0,0.171590865,-0.131590158,26.45623016,-3.006684594,8.696977049,0.292876929,8.793907166,0.0,10.767897605895996,1017.3592536,0.15846696496009827,25.594724655151367,-0.172420933842659
70.59,-133.6,2002,9,30,0.0,0.411590755,0.496505201,19.06206894,-3.462676704,15.36698043,1.150712967,13.37845039,0.0,10.767897605895996,82.27510598,0.32071658968925476,19.890043258666992,0.41726797819137573
70.07,-133.51,2002,10,2,0.0,0.915517151,-0.123390302,23.25255013,-25.78619719,1.052908972,10.08907127,9.834383011,0.0,10.767897605895996,4433.027248,1.0423471927642822,21.94245147705078,0.08735434710979462
74.53,-159.3,2002,10,2,0.007415528,0.433303297,-0.484327793,29.06579781,-6.167118251,9.126317501,0.437973201,7.309801102,0.01924015,21.4785213470459,11.02576998,0.4130088984966278,28.314729690551758,-0.44491446018218994
70.85,-133.65,2002,10,4,0.01357606,0.203983173,-0.147822544,22.68211746,9.330718964,-16.57425016,0.2806952,10.25013924,0.160924911,10.767897605895996,811.6714886,0.18549147248268127,22.367231369018555,0.016566790640354156
70.54,-132.45,2002,10,5,0.013924574,0.216822147,0.034609091,22.30122185,11.41795963,-16.52569771,0.389880717,10.04622078,0.094471239,10.767897605895996,811.6714886,0.21099165081977844,21.33404541015625,0.055462099611759186
70.59,-131.48,2002,10,5,0.041123234,0.214865848,0.002875913,22.9281826,12.56202608,-11.21289432,0.244279712,9.08412075,0.347030401,10.767897605895996,541.7907186,0.20598600804805756,21.883821487426758,0.004529984667897224
71.06,-130.76,2002,10,5,0.285089672,0.140219703,-0.520976722,24.81391907,11.48270071,-2.802051976,0.130960226,6.535950184,0.602556825,10.767897605895996,408.6056371,0.1360374242067337,23.816898345947266,-0.45713070034980774
71.08,-130.01,2002,10,6,0.317024976,0.154702678,-0.476425618,25.24683571,33.7079525,-3.729777038,0.152404949,6.850950718,0.630997419,10.767897605895996,0.0,0.1370391994714737,23.721969604492188,-0.31672731041908264
71.12,-129.09,2002,10,6,0.398475647,0.437283814,-0.933640838,27.90208244,37.71303594,-34.80445445,0.251104951,6.689853668,0.63233012,10.816274642944336,300.221969,0.31377705931663513,26.40359115600586,-0.8756681680679321
71.26,-128.33,2002,10,6,0.361810684,0.381266147,-0.706449509,27.54134369,5.464158952,-8.708307147,0.316729069,6.517673492,0.646446288,11.69561767578125,50.03699483,0.34528157114982605,26.357362747192383,-0.6666358113288879
71.22,-127.3,2002,10,7,0.394143641,0.262966901,-0.396931678,28.01230431,4.181473702,-10.43247581,0.135420233,6.124206543,0.743527412,12.34895133972168,1213.3523937,0.5746637582778931,26.47055435180664,-0.588994026184082
71.14,-125.58,2002,10,8,0.340606838,0.231254995,-0.273173809,28.38269424,-3.238749132,1.685588993,0.197631761,5.320653915,0.642970562,12.845992088317873,2304.4626405,0.20744569599628448,26.785133361816406,0.1511809229850769
71.4,-126.75,2002,10,8,0.498624444,0.217971638,-0.557373226,28.66576576,-2.883585542,-2.388083376,0.174007207,5.339059353,1.065444231,12.946318626403809,1271.699067,0.21292011439800262,27.402488708496094,-0.18464097380638123
70.73,-124.19,2002,10,9,0.226926059,0.263827026,-0.273667067,25.60845184,8.911906928,2.155087143,0.1437217,6.269483566,0.551638603,10.767897605895996,0.0,0.2733766734600067,23.712688446044922,-0.04340818151831627
70.89,-124.63,2002,10,9,0.240926594,0.247600377,-0.237987027,27.09027481,4.329136759,5.085784569,0.139524475,6.091444016,0.587687254,10.767897605895996,815.3554459,0.24516229331493378,24.348236083984375,0.1384608894586563
71.04,-125.26,2002,10,9,0.261331797,0.225657821,-0.18503271,27.52583504,2.799324319,6.583419442,0.094600864,6.192171574,0.597469151,10.767897605895996,838.7628978900001,0.20555533468723297,26.468547821044922,0.13874679803848267
70.05,-125.51,2002,10,11,0.385771334,0.432660371,-0.922652304,26.13521385,6.033767387,0.006282875,0.036096238,6.889735222,0.623206854,10.767897605895996,0.0,0.43720099329948425,24.97472381591797,-0.7738364934921265
70.2,-125.3,2002,10,11,0.397963703,0.354789227,-0.879416704,26.27304649,37.29204834,24.6314466,0.101714171,6.66476965,0.630898058,10.767897605895996,24.0177575,0.4124572277069092,25.043025970458984,-0.7789960503578186
69.5,-126.09,2002,10,12,0.763428509,0.567018747,-1.033828855,25.61415863,3.769551963,2.725482546,0.133802652,5.811472893,0.572375417,10.767897605895996,811.6714885,0.0,0.0,0.0
70.05,-126.31,2002,10,12,0.681864321,0.416839093,-0.817490637,25.10290718,41.19258225,3.655901551,0.067932129,7.09748888,0.623218119,10.767897605895996,504.9956693,0.3269830048084259,23.881778717041016,-0.6298946738243103
70.39,-123.27,2002,10,13,0.238721982,0.258830637,-0.234923899,24.45220566,-3.627747297,8.087598532,0.139591023,6.104810238,0.552130103,10.767897605895996,800.5919173,0.2631535530090332,23.964101791381836,-0.38293081521987915
70.64,-122.64,2002,10,13,0.363785505,0.318881541,-0.183760524,26.63066864,9.804499894,1.824812591,0.293408841,5.11566782,0.568358719,10.767897605895996,535.0830705999999,0.25709614157676697,23.601150512695312,-0.17575892806053162
70.59,-121.6,2002,10,14,0.369389534,0.23162432,-0.021495545,25.86262703,3.010704741,-20.80848664,0.125257209,4.491183758,0.555467069,12.300668716430664,548.1578936,0.24363644421100616,24.441787719726562,-0.01565718650817871
62.8397,4.1755,2002,11,3,0.0,0.43184495,9.509057999,33.68759155,37.12604046,18.93932521,6.618398666,1.700212479,0.0,11.208999633789062,0.0,0.400568425655365,32.23654556274414,9.073781967163086
62.9588,3.9145,2002,11,3,0.0,0.413659573,9.635974884,34.90576172,26.01669133,17.96123683,5.761666298,3.138458967,0.0,18.350818634033203,0.0,0.3945806324481964,32.54942321777344,9.103494644165039
63.0737,3.657,2002,11,3,0.0,0.398396879,9.673010826,34.98760605,21.89890444,11.75757051,4.890346527,3.285955429,0.0,40.29967498779297,0.0,0.3554561734199524,34.716888427734375,9.671504974365234
63.3102,3.1338,2002,11,3,0.0,0.401359379,9.639866829,34.98126221,-1.533251628,2.736642398,4.718744278,3.027458191,0.0,49.21520614624024,0.0,0.3318772614002228,34.68972396850586,9.508772850036621
74.0258,19.2375,2003,1,23,0.0,0.032722242,2.362003803,34.91268539,10.0566566,-0.305712479,0.0,8.869221687,0.0,126.92900848388672,0.0,0.03367040306329727,34.77766418457031,2.4606833457946777
72.005,19.6838,2003,1,24,0.0,0.028325625,5.270700932,35.05972672,3.224418312,-10.95107347,0.0,8.919836044,0.0,246.7793731689453,0.0,0.030706055462360382,34.993900299072266,5.361555576324463
72.9967,19.467,2003,1,24,0.0,0.031350866,4.804764271,35.05563354,6.008998677,-10.87402329,0.0,9.183765411,0.0,198.4565887451172,0.0,0.028387432917952538,34.981285095214844,5.181230068206787
73.5038,19.3435,2003,1,24,0.0,0.027808687,4.585807323,35.0165329,12.39743605,-7.601170242,0.0,9.228572845,0.0,183.004135131836,0.0,0.027702342718839645,34.92321014404297,4.581690788269043
72.0133,19.7833,2003,3,10,0.0,0.056907453,5.599695206,35.04093552,3.76589112,-7.432114333,0.138994426,9.183349609,0.0,138.16937255859375,0.0,0.0565941259264946,34.918575286865234,5.6006059646606445
73.5,19.3317,2003,3,12,0.0,0.125841811,5.264444351,35.06395721,5.009067804,-5.210122839,0.895943165,9.160763741,0.0,97.15623474121094,0.0,0.08648478239774704,34.90238952636719,5.559612274169922
73.9983,19.2217,2003,3,12,0.000366654,0.03851933,2.569378614,34.92290497,2.894581854,-4.017065093,0.065527312,7.668997765,0.0011931,82.9599609375,0.0,0.0447254478931427,34.853084564208984,3.852797031402588
62.4878,4.9453,2003,3,24,0.0,0.876695156,5.873941898,33.52237701,7.481186837,-3.264158964,10.95090485,4.498076916,0.0,28.44907569885254,0.0,0.9917726516723633,32.58023452758789,5.358946800231934
62.8452,4.1635,2003,3,24,0.0,0.89429903,7.733048916,34.73920059,45.84368467,19.93830204,15.52123547,6.930673599,0.0,26.466175079345703,0.0,0.6197944283485413,34.75684356689453,8.083945274353027
63.0723,3.654,2003,3,25,0.0,0.655093193,8.260367393,35.17518234,25.79348087,4.976851493,6.15752697,10.28745461,0.0,36.065460205078125,0.0,0.7695091962814331,34.655269622802734,8.173977851867676
63.1903,3.3903,2003,3,25,0.0,0.577399909,8.071574211,35.09768295,7.215352356,-0.949744508,7.136834145,10.49400425,0.0,56.9350471496582,0.0,0.8788882493972778,34.75006103515625,8.26047420501709
63.6625,2.3327,2003,3,25,0.0,1.048474789,8.237900734,35.27867889,15.59402198,4.344428331,9.868836403,9.011376381,0.0,188.7428131103516,0.0,0.4524483382701874,35.21921157836914,8.080899238586426
70.5015,19.991,2003,4,15,0.0,2.152374029,5.423288345,34.71456909,3.916401044,5.092582107,33.78966141,4.658141613,0.0,108.24764251708984,0.0,0.9406675696372986,34.583457946777344,5.476873397827148
73.4988,19.3378,2003,4,16,0.0,0.505615413,4.827819824,35.05760193,2.415938117,-1.143605355,10.6107502,8.473536491,0.0,14.410855293273926,0.0,0.6999422907829285,33.83951950073242,5.13092565536499
73.9985,19.2145,2003,4,16,0.0,0.088246174,3.671964884,34.68246841,4.937728867,-0.219781301,0.511993051,6.457779408,0.0,10.847240447998049,0.0,0.19417396187782288,33.668670654296875,4.253810882568359
65.98333333,39.96666667,2003,4,19,0.0,0.158881173,-0.75648272,29.99645424,-1.934477314,-10.50961167,1.143520951,5.735305786,0.0,11.97669792175293,0.0,0.09653553366661072,28.36543083190918,-1.1494898796081543
66.08333333,39.96666667,2003,4,19,0.0,0.158881173,-0.75648272,29.99645424,-1.934477314,-10.50961167,1.143520951,5.735305786,0.0,11.97669792175293,0.0,0.16078683733940125,28.834184646606445,-0.5493030548095703
66.15,39.93333333,2003,4,19,0.0,0.208469361,-0.054941613,30.43690872,5.504084751,-5.998929963,4.726397514,5.669288635,0.0,10.767897605895996,0.0,0.16078683733940125,28.834184646606445,-0.5493030548095703
65.7,39.75,2003,4,20,0.021011483,0.098474234,-1.001552463,29.65867805,4.835169017,-3.997210786,0.181526244,5.454027176,0.05556288,12.251823425292969,0.0,0.09263412654399872,28.004777908325195,-1.5474926233291626
65.9,39.48333333,2003,4,20,0.0,0.227342531,-0.142788827,30.23278809,15.43748975,-1.386723015,5.124094009,5.615952969,0.0,12.586350440979004,0.0,0.11249981820583344,28.55542755126953,-0.780453622341156
66.01666667,39.13333333,2003,4,20,0.0,0.232234612,-0.021661799,30.27114105,14.78654444,-3.613150865,5.662370205,5.622150898,0.0,12.319894790649414,0.0,0.21022900938987732,28.974937438964844,0.028055917471647263
65.7,37.55,2003,4,21,0.0,0.779135585,0.049191281,29.3430748,1.820549741,-3.494801,4.018586636,3.955570698,0.0,10.767897605895996,0.0,0.8302708864212036,27.964380264282227,-0.5585243105888367
65.7,36.58333333,2003,4,22,0.0,0.86985743,0.29926154,28.7244339,-4.321794212,-0.811925903,11.84924698,0.525512576,0.0,10.767897605895996,0.0,0.9617577195167542,27.872507095336914,-0.7121179103851318
66.1,35.66666667,2003,4,23,0.0,0.825547695,0.238718092,28.19943428,1.301836036,-3.556771949,8.51894474,0.161582202,0.0,10.767897605895996,0.0,0.811919629573822,26.608448028564453,0.0933292806148529
66.23333333,34.83333333,2003,4,24,0.0,1.194565654,-0.073697381,29.28979683,-2.935850061,-3.772132844,14.59166431,0.483677894,0.0,11.227917671203612,0.0,0.9388350248336792,26.810867309570312,0.35961824655532837
66.35,34.46666667,2003,4,24,0.0,1.146365762,-0.092823662,29.20567703,-5.460835993,-2.005133405,12.92763901,0.362526417,0.0,10.86147403717041,0.0,1.1049059629440308,28.039440155029297,-0.10773303359746933
62.4823,4.9422,2003,4,25,0.0,1.480011582,6.033051968,33.64575195,-4.59353365,6.878179312,33.60234833,1.148526311,0.0,30.853191375732425,0.0,1.4014861583709717,32.85478973388672,6.015852928161621
62.6012,4.6937,2003,4,26,0.0,1.545495152,6.085092068,33.61997986,-0.072632474,8.217039704,31.58228302,0.779193521,0.0,26.339975357055664,0.0,1.4707797765731812,32.886104583740234,5.928859710693359
62.8395,4.1743,2003,4,26,0.0,1.569996238,6.201900959,33.90628052,17.38408059,14.36916888,29.16288185,0.505265296,0.0,11.27684497833252,0.0,1.4893834590911865,32.50392150878906,6.035743236541748
62.9563,5.9853,2003,4,26,0.0,1.497632504,6.201665878,33.73390961,7.242193073,11.77526936,31.872118,0.843250513,0.0,22.125865936279297,0.0,1.4332524538040161,32.71285629272461,5.974817752838135
63.075,3.654,2003,4,26,0.0,1.991599679,7.319634438,34.51171875,10.63284203,10.02381295,43.55300522,1.89825654,0.0,12.8419189453125,0.0,1.9679534435272217,33.57463455200195,7.617009162902832
63.6597,2.344,2003,4,26,0.0,1.712231159,8.322551727,35.28730392,-5.139480904,0.3275241,23.79880524,6.352144718,0.0,197.2683563232422,0.0,0.44005584716796875,35.19169998168945,8.229366302490234
64.1327,1.2647,2003,4,27,0.0,1.839899182,6.821413994,35.05757141,2.928760462,-13.73833716,27.57010078,6.233160019,0.0,44.089263916015625,0.0,1.5350714921951294,34.79264831542969,7.324418067932129
64.3732,0.6935,2003,4,27,0.0,1.824471951,8.014878273,35.24795914,7.899101824,-8.754089475,24.46477127,6.478056908,0.0,40.6854133605957,0.0,1.6737982034683228,34.81173324584961,7.890725612640381
64.6678,0.0025,2003,4,27,0.0,1.161888719,6.947985172,35.05395889,-8.535978943,5.971252918,17.14227676,4.995142937,0.0,33.23696517944336,0.0,1.2852574586868286,34.628517150878906,6.990484237670898
71.9927,19.6903,2003,6,15,0.0,1.08234787,6.886152744,34.99417877,4.302591458,-7.555169612,20.23372459,2.159493446,0.0,22.014135360717773,0.0,0.6690121293067932,34.18040084838867,6.965351104736328
73.5008,19.3292,2003,6,15,0.0,0.794745386,5.252120972,34.92144775,6.872374564,-6.466465443,9.971400261,4.309150696,0.0,18.34212684631348,0.0,0.6956706047058105,33.97249221801758,5.096884250640869
70.5012,19.9947,2003,6,16,0.0,0.608351588,7.463209629,34.77686691,6.064127758,-4.392658547,9.826327324,0.04246803,0.0,21.73741340637207,0.0,0.7114890813827515,34.071510314941406,7.423168182373047
62.6033,4.69,2003,7,24,0.0,0.102084428,16.00613594,32.84850693,6.590913236,10.83548889,1.457470894,0.711077094,0.0,10.767897605895996,0.0,0.09905019402503967,31.377126693725586,14.965004920959473
62.84,4.175,2003,7,24,0.0,0.30604887,15.84467506,32.98672104,19.85041201,22.60525078,18.42380905,0.462823808,0.0,10.767897605895996,0.0,0.36952951550483704,31.668426513671875,14.892373085021973
63.0733,3.655,2003,7,24,0.0,0.265772074,15.4449873,34.61951828,20.50046027,11.51613146,11.59101772,1.959121823,0.0,10.767897605895996,0.0,0.24237532913684845,33.14225769042969,14.701323509216309
63.6667,2.3583,2003,7,25,0.0,0.248420209,15.38549042,34.92978287,1.638676599,3.303303197,9.183082581,1.792587757,0.0,10.767897605895996,0.0,0.23446498811244965,32.65431594848633,14.699596405029297
64.6667,0.045,2003,7,26,0.0,0.258291274,14.01105309,35.09056473,2.052268945,10.14398187,6.485606194,1.605471849,0.0,10.767897605895996,0.0,0.24131008982658386,33.51779556274414,13.530024528503418
60.35043,-81.97962,2003,8,2,0.0,1.136421919,7.064950943,27.93780518,-4.031342641,2.868358232,3.062842607,0.006208094,0.0,10.767897605895996,321.3299507,1.1226623058319092,26.821189880371094,4.855956554412842
60.35285,-81.9761,2003,8,2,0.0,1.136421919,7.064950943,27.93780518,-4.031342641,2.868358232,3.062842607,0.006208094,0.0,10.767897605895996,319.1157908,1.1226623058319092,26.821189880371094,4.855956554412842
60.83783,-90.00405,2003,8,5,0.0,0.154737383,10.66268349,32.0359993,5.970110372,5.420121923,1.120075345,0.002808159,0.0,10.767897605895996,,0.17028534412384033,30.552730560302734,9.990409851074219
60.83957,-90.00658,2003,8,5,0.0,0.154737383,10.66268349,32.0359993,5.970110372,5.420121923,1.120075345,0.002808159,0.0,10.767897605895996,,0.17028534412384033,30.552730560302734,9.990409851074219
60.90837,-91.76688,2003,8,6,0.0,0.156677365,10.64136028,31.33784294,-0.605431711,-4.98958379,1.2559551,0.002991332,0.0,10.767897605895996,,0.15271976590156555,29.43570899963379,10.116203308105469
60.91483,-91.7965,2003,8,6,0.0,0.156677365,10.64136028,31.33784294,-0.605431711,-4.98958379,1.2559551,0.002991332,0.0,10.767897605895996,1637.600641,0.15271976590156555,29.43570899963379,10.116203308105469
64.33462,-87.33755,2003,8,7,0.0,0.221084654,6.727945328,31.35631752,5.730350316,1.173719764,2.647336483,0.00662049,0.0,10.767897605895996,979.8231709,0.773728609085083,30.124845504760742,4.4204535484313965
64.33478,-87.33877,2003,8,7,0.0,0.221084654,6.727945328,31.35631752,5.730350316,1.173719764,2.647336483,0.00662049,0.0,10.767897605895996,960.8097847,0.773728609085083,30.124845504760742,4.4204535484313965
65.14,-81.339,2003,8,9,0.0,1.578472257,3.014938354,29.17696762,-0.173164904,-1.119317766,12.25994778,0.123313874,0.0,10.767897605895996,4435.1349921,1.6808875799179077,28.37791633605957,1.9840017557144165
65.141,-81.3385,2003,8,9,0.0,1.578472257,3.014938354,29.17696762,-0.173164904,-1.119317766,12.25994778,0.123313874,0.0,10.767897605895996,1227.3047833,1.6808875799179077,28.37791633605957,1.9840017557144165
65.14133,-81.3405,2003,8,9,0.0,1.578472257,3.014938354,29.17696762,-0.173164904,-1.119317766,12.25994778,0.123313874,0.0,10.767897605895996,3238.123502,1.6808875799179077,28.37791633605957,1.9840017557144165
63.6684,-79.57323,2003,8,10,0.0,0.115946718,4.26523304,31.40275955,-0.900325458,-6.261897832,1.627877831,0.00764122,0.0,10.767897605895996,3854.539237,0.11254647374153137,29.894634246826172,4.516695976257324
63.67068,-79.57693,2003,8,10,0.0,0.115946718,4.26523304,31.40275955,-0.900325458,-6.261897832,1.627877831,0.00764122,0.0,10.767897605895996,2075.035784,0.11254647374153137,29.894634246826172,4.516695976257324
63.67382,-79.58302,2003,8,10,0.0,0.115946718,4.26523304,31.40275955,-0.900325458,-6.261897832,1.627877831,0.00764122,0.0,10.767897605895996,1104.883029,0.11254647374153137,29.894634246826172,4.516695976257324
62.64437,-75.51095,2003,8,11,0.0,0.168830872,3.798428774,29.42365265,13.8731271,-18.06120425,2.034843445,0.004521078,0.0,10.767897605895996,1490.726988,0.1540699154138565,27.443490982055664,3.048312187194824
62.6445,-75.52173,2003,8,11,0.0,0.168830872,3.798428774,29.42365265,13.8731271,-18.06120425,2.034843445,0.004521078,0.0,10.767897605895996,568.6208832,0.1540699154138565,27.443490982055664,3.048312187194824
62.64537,-75.51508,2003,8,11,0.0,0.168830872,3.798428774,29.42365265,13.8731271,-18.06120425,2.034843445,0.004521078,0.0,10.767897605895996,2744.0186,0.1540699154138565,27.443490982055664,3.048312187194824
63.26678,-75.50697,2003,8,11,0.0,0.160398647,3.960946321,30.8402462,4.784615338,-3.594966233,2.191124916,0.005448684,0.0,10.767897605895996,2719.629292,0.24401414394378662,29.581491470336914,3.387338161468506
63.27135,-75.49955,2003,8,11,0.0,0.160398647,3.960946321,30.8402462,4.784615338,-3.594966233,2.191124916,0.005448684,0.0,10.767897605895996,,0.20309816300868988,29.462596893310547,3.706028938293457
62.42282,-75.48332,2003,8,12,0.0,0.133657068,3.624425888,28.95839691,-9.971250594,0.205775583,1.781103015,0.005505971,0.0,10.767897605895996,1116.151399,0.0,0.0,0.0
62.42447,-75.48642,2003,8,12,0.0,0.133657068,3.624425888,28.95839691,-9.971250594,0.205775583,1.781103015,0.005505971,0.0,10.767897605895996,1645.901538,0.0,0.0,0.0
62.42705,-75.49013,2003,8,12,0.0,0.133657068,3.624425888,28.95839691,-9.971250594,0.205775583,1.781103015,0.005505971,0.0,10.767897605895996,556.0337691,0.0,0.0,0.0
63.27372,-75.49502,2003,8,12,0.0,0.160271227,3.782621145,30.94102287,12.01082841,3.292899951,2.137793303,0.005789189,0.0,10.767897605895996,1076.844737,0.20111218094825745,29.525524139404297,3.623216152191162
63.82917,-75.51917,2003,8,13,0.0,0.179892331,2.184574127,30.2848568,-0.056166196,-0.96837962,2.386177778,0.005848566,0.0,10.767897605895996,1663.910634,0.2667785882949829,29.01899528503418,2.1360623836517334
63.8305,-75.5115,2003,8,13,0.0,0.179892331,2.184574127,30.2848568,-0.056166196,-0.96837962,2.386177778,0.005848566,0.0,10.767897605895996,2724.244114,0.2667785882949829,29.01899528503418,2.1360623836517334
63.832,-75.5035,2003,8,13,0.0,0.179892331,2.184574127,30.2848568,-0.056166196,-0.96837962,2.386177778,0.005848566,0.0,10.767897605895996,2770.39404,0.2667785882949829,29.01899528503418,2.1360623836517334
63.93383,-79.671,2003,8,14,0.0,0.197518617,3.455017567,31.12602806,8.825390786,2.747777291,2.377898932,0.013242238,0.0,10.767897605895996,1285.507806,0.14025352895259857,29.83418846130371,2.5622665882110596
63.93783,-79.6805,2003,8,14,0.0,0.197518617,3.455017567,31.12602806,8.825390786,2.747777291,2.377898932,0.013242238,0.0,10.767897605895996,2451.062992,0.14025352895259857,29.83418846130371,2.5622665882110596
63.944,-79.691,2003,8,14,0.0,0.197518617,3.455017567,31.12602806,8.825390786,2.747777291,2.377898932,0.013242238,0.0,10.767897605895996,637.550421,0.14025352895259857,29.83418846130371,2.5622665882110596
70.5003,20.0018,2003,9,2,0.0,0.286763877,10.43036652,34.42085648,13.42942864,1.291702781,4.919295311,0.066473402,0.0,23.12245750427246,512.063256,0.2886126637458801,33.6792106628418,10.208070755004883
71.998,19.6792,2003,9,3,0.0,0.273250908,9.911188126,34.74835968,13.05582225,-1.470805705,2.900976419,0.738343418,0.0,25.99324607849121,0.0,0.38168519735336304,34.10570526123047,9.920924186706543
73.4987,19.3383,2003,9,3,0.0,0.535267532,6.91308403,34.69575119,11.42254919,-1.139669493,4.300846577,1.140420794,0.0,14.53824520111084,0.0,0.39492276310920715,33.88090515136719,7.6415181159973145
73.9968,19.2255,2003,9,3,0.0,0.617466629,5.657401562,34.30029297,6.704866141,0.784525555,4.772185326,1.360596895,0.0,11.745522499084473,64.00790701,0.4790904223918915,33.04997634887695,6.1422295570373535
73.4983,19.34,2003,10,4,0.0,0.419172049,5.958883286,34.54465485,8.579770476,6.795401126,3.535143375,2.173422575,0.0,18.01639175415039,0.0,0.37133142352104187,34.05244064331055,6.239552974700928
74.0,19.2178,2003,10,5,0.0,0.440812826,2.786894083,33.71220398,2.440873161,0.918580126,4.198527813,1.398843527,0.0,15.131180763244627,0.0,0.41036197543144226,32.91596221923828,3.854426622390747
63.0718,3.6592,2003,11,12,0.0,0.241004318,9.289338112,35.25543213,13.74369264,12.81144321,0.690911174,7.606527805,0.0,103.85040283203124,0.0,0.21620012819766998,35.11562728881836,9.272747993469238
70.0442,-126.1948,2003,12,9,0.928459227,0.127993226,-1.519005775,28.28877068,-0.763933919,1.432728209,2.26e-05,6.311656475,0.936752319,10.767897605895996,1297.959646,0.12310145795345306,26.976186752319336,-1.4471462965011597
70.0455,-126.3013,2003,12,16,0.668435216,0.111671507,-1.50972271,28.6702137,-11.3143526,7.397847623,0.000269783,6.012831688,0.984223962,13.850886344909668,547.8995459,0.11043794453144073,27.677722930908203,-1.4018278121948242
70.0456,-126.3012,2003,12,22,0.78677237,0.096669219,-1.518634796,28.92327118,-10.85148528,6.451620907,7.77e-05,4.999819279,1.046529055,15.916949272155762,691.89828932,0.09424988925457001,27.98834991455078,-1.4101336002349854
70.0456,-126.3013,2003,12,28,0.967968404,0.092581667,-1.54128468,29.04704857,-0.78126993,1.873958483,9.29e-05,4.656403065,1.05889225,11.026252746582031,1956.7717594,0.08747388422489166,27.868160247802734,-1.4773178100585938
70.0456,-126.3013,2003,12,30,0.981622696,0.089877762,-1.549068689,29.09167862,-0.63475254,0.962624885,6.07e-05,4.649288654,1.074105859,11.841858863830566,1979.685108,0.0849931612610817,27.847822189331055,-1.4724335670471191
70.0456,-126.3013,2003,12,31,0.98389405,0.088540331,-1.550923109,29.10477448,-2.780327573,1.040615886,0.000153022,4.636266232,1.081637502,10.918373107910156,527.7351387,0.08384865522384644,27.81439208984375,-1.4513696432113647
70.0456,-126.3013,2004,1,3,0.870802283,0.08375904,-1.539438128,29.18312836,-1.74524691,2.952345461,0.000181584,4.636170864,1.08871758,10.767897605895996,365.3135726,0.08045644313097,27.938034057617188,-1.4476407766342163
62.8467,4.1745,2004,1,18,0.0,0.162103578,8.279519081,35.00880051,30.28570414,9.592346847,0.338986158,7.434973717,0.0,99.23353576660156,0.0,0.12451522797346115,34.851436614990234,8.346052169799805
62.9543,3.9167,2004,1,18,0.0,0.074136697,8.177375793,35.23335648,29.53690588,12.83751577,0.065297917,10.23056126,0.0,192.54689025878903,0.0,0.10137371718883514,34.9174919128418,8.433988571166992
63.0717,3.6567,2004,1,19,0.0,0.073309414,8.180924416,35.25243759,15.28932452,3.739014268,0.063993812,10.21757317,0.0,243.03399658203125,0.0,0.0678846687078476,35.185768127441406,8.145262718200684
63.3095,3.1333,2004,1,19,0.0,0.073953472,7.803555489,35.22054291,-8.85591805,-4.467248917,0.054882992,9.866069794,0.0,225.614501953125,0.0,0.07165811210870743,35.14240264892578,7.7869696617126465
63.66,2.34,2004,1,19,0.0,0.062340975,7.83298254,35.22207642,-1.911738887,1.638617553,0.038784727,10.30841923,0.0,250.1630249023437,0.0,0.06218261271715164,35.158992767333984,7.859309673309326
63.9033,1.8,2004,1,19,0.0,0.0802304,7.018806934,35.16319656,5.492125079,11.95328981,0.088082753,9.323265076,0.0,177.7744903564453,0.0,0.06603511422872543,35.12445068359375,7.6173319816589355
64.1298,1.2633,2004,1,19,0.0,0.088493697,5.865181446,35.02768326,2.267283015,-0.942115858,0.124436937,8.039353371,0.0,140.78646850585938,0.0,0.07409065216779709,34.99718475341797,6.320277214050293
64.365,0.7333,2004,1,19,0.0,0.088190958,5.967387676,35.04945374,0.399122899,-2.175043151,0.125282839,7.69077301,0.0,141.176513671875,0.0,0.07140915095806122,34.91459655761719,5.876590251922607
64.665,0.0047,2004,1,20,0.0,0.076071888,5.861515999,35.041996,-1.94672551,4.729130492,0.054111127,7.432658672,0.0,155.0950469970703,0.0,0.0652470514178276,34.897430419921875,5.648232936859131
70.9913,19.8942,2004,1,23,0.0,0.034355652,5.535586834,34.81394577,11.99918315,-3.189938515,3.32e-05,7.24707222,0.0,128.51930236816406,0.0,0.035938821732997894,34.610107421875,5.299989700317383
71.995,19.6877,2004,1,24,0.0,0.026761422,5.801997185,35.04677963,6.085502729,2.897775918,0.0,9.589419365,0.0,185.1622009277344,0.0,0.032035503536462784,34.92409896850586,5.752847194671631
73.0015,19.455,2004,1,24,0.0,0.028876154,5.123847961,35.09486008,5.138289183,13.48200738,0.0,9.367314339,0.0,111.02274322509766,0.0,0.02839934080839157,34.954593658447266,4.829010963439941
73.4923,19.3365,2004,1,24,0.0,0.034759182,4.011082649,35.05523682,4.726385698,4.102377966,0.0,8.49415493,0.0,175.30601501464844,0.0,0.03302917256951332,34.96315383911133,4.554145336151123
73.9922,19.1972,2004,1,24,0.0,0.041136909,2.723404169,34.84538269,1.584596932,3.635393828,0.0,8.147377968,0.0,106.0886001586914,0.0,0.03546958044171333,34.880287170410156,3.573866844177246
70.0442,-126.1948,2004,2,11,0.959604383,0.053245973,-1.635920167,30.68257904,-0.828655716,1.605353504,0.00140931,6.084605217,1.464162946,21.69305419921875,59.32775288,0.052299659699201584,29.976871490478516,-1.5923982858657837
70.0442,-126.1948,2004,2,25,0.700643957,0.048921518,-1.617395639,30.72836494,-2.260721847,4.369363934,0.06360928,6.04755497,1.534822822,14.779645919799805,113.7546402,0.047718558460474014,29.693178176879883,-1.549019455909729
71.4983,19.7933,2004,3,6,0.0,0.058217417,5.770309448,34.97706604,12.02173978,-11.58391908,0.13159658,8.380412102,0.0,164.84713745117188,0.0,0.07190051674842834,34.837432861328125,5.835347652435303
72.0017,19.67,2004,3,6,0.0,0.03464729,5.505046844,35.0629921,11.44961193,-7.612528652,0.062990628,9.581784248,0.0,161.68896484375,0.0,0.03682394698262215,34.95158767700195,5.534276008605957
72.9983,19.4633,2004,3,7,0.0,0.037422918,5.103450775,35.10468292,1.975104213,-5.943986401,0.049624864,9.526290894,0.0,176.03929138183594,0.0,0.02767234668135643,35.053890228271484,5.441974639892578
73.5,19.325,2004,3,8,0.0,0.06339293,5.144273758,35.05935669,17.26393402,-15.52629173,0.195212573,9.37003994,0.0,111.4987335205078,0.0,0.048809438943862915,34.933414459228516,4.9187188148498535
73.9967,19.2267,2004,3,8,0.0,0.042373486,1.624708891,34.82973099,15.63864797,-4.770608991,0.050260667,9.327648163,0.0,59.82770156860352,0.0,0.05486707016825676,34.66484069824219,3.6804234981536865
70.0442,-126.1948,2004,3,10,0.968151033,0.044235036,-1.650571346,30.88705063,0.973194372,0.166113547,1.54e-05,5.957843781,1.664599061,18.689208984375,16.8545667,0.04380089044570923,30.061767578125,-1.601570725440979
70.0442,-126.1948,2004,3,13,0.975167751,0.043203518,-1.655591011,30.93733788,1.17614381,-0.555077102,1.57e-05,5.966545582,1.694197774,20.67043876647949,50.020919976,0.0430641807615757,30.18954086303711,-1.6109755039215088
70.0442,-126.1948,2004,3,14,0.969867051,0.042919494,-1.656148553,30.95322227,1.185708586,-0.419985875,7.96e-05,5.98020649,1.70367682,21.90077781677246,475.18395477,0.042949121445417404,30.248136520385742,-1.6110519170761108
70.0442,-126.1948,2004,3,22,0.966609716,0.041226786,-1.664049387,30.99868965,1.691598073,-1.062603295,0.000104102,6.202273369,1.772346497,27.30303192138672,81.15220765,0.0417901948094368,30.432058334350586,-1.6249490976333618
63.074,3.6568,2004,3,25,0.0,1.66290009,8.022754669,35.19709396,16.00855142,9.117422253,33.10733414,8.933922768,0.0,27.65305519104004,0.0,0.7531968355178833,35.223731994628906,8.230842590332031
63.3088,3.139,2004,3,26,0.0,1.540889025,7.864212513,35.31506729,18.0907771,3.524525464,5.318556309,9.498357773,0.0,199.9045562744141,0.0,0.8729086518287659,35.22238540649414,7.832822322845459
64.135,1.2645,2004,3,26,0.0,0.817225099,7.273220062,35.26628494,14.68409449,-8.294187486,8.950641632,7.35073328,0.0,60.48775863647461,0.0,1.0287693738937378,34.90519332885742,7.340080738067627
73.9958,19.206,2004,4,10,0.0,1.232015491,2.627589226,34.52582169,8.652403951,6.161943823,11.51449871,6.64318037,0.0,27.58746910095215,0.0,1.3995680809020996,34.36170196533203,4.235403060913086
71.5,19.7895,2004,4,11,0.0,0.75769794,5.831961155,34.99639893,14.84619677,-7.056506723,3.381856918,7.857191563,0.0,166.91868591308594,104.40481108,0.7041698694229126,34.864131927490234,6.007946491241455
72.0015,19.6822,2004,4,11,0.0,0.551670074,5.674197674,35.10196304,13.16585541,-8.171141148,4.106874943,9.111130714,0.0,201.282943725586,24.17094902,0.2818927466869354,35.029991149902344,5.741893291473389
73.5028,19.3397,2004,4,11,0.0,1.990455985,5.27418232,35.07026672,9.29498896,2.725722641,25.25285149,7.452880859,0.0,31.59187698364257,0.0,1.5474849939346313,34.51589584350586,5.180325508117676
70.4983,19.9958,2004,4,12,0.0,1.61061728,5.399420261,34.76623917,4.347815737,-5.092660338,14.91802025,4.944032669,0.0,110.68578338623048,0.0,0.9885796308517456,34.31532287597656,4.850926876068115
71.0,19.9,2004,4,12,0.0,1.062658429,5.913250923,34.92658997,5.529888719,-7.4316293,4.76836586,6.761868954,0.0,184.1613006591797,385.8392689,0.8421483635902405,34.75309753417969,5.7882256507873535
70.0442,-126.1948,2004,4,15,0.941220343,0.040030736,-1.673203468,31.11494827,-1.89468842,1.052015554,0.03043944,6.015591621,1.927504063,21.1943473815918,43.19443064,0.040609896183013916,30.383502960205078,-1.6196805238723755
70.0442,-126.1948,2004,4,26,0.956489921,0.041206505,-1.686583161,31.1197834,-0.120271044,0.239371904,0.036966119,6.081850529,1.961253762,18.85133171081543,205.6877649,0.041227031499147415,30.296340942382812,-1.6329021453857422
62.4857,4.941,2004,5,3,0.0,0.716225684,7.092813969,33.67720413,9.008076042,5.896303803,18.48663712,0.626947045,0.0,17.957256317138672,0.0,0.8421599268913269,32.40296173095703,7.099950313568115
62.602,4.6747,2004,5,3,0.0,0.751163304,7.265559673,33.78458023,11.95093244,6.746928394,19.14727592,0.707688808,0.0,21.24337577819824,0.0,0.7654058337211609,33.230262756347656,7.230269908905029
62.8378,4.1853,2004,5,3,0.0,1.425704718,8.629220963,35.05667877,39.87615407,19.92282718,24.30053902,3.063102484,0.0,24.79285049438477,0.0,1.534350872039795,34.40847396850586,8.606377601623535
63.0732,3.6588,2004,5,3,0.0,2.018464804,8.729578018,35.2497139,23.9222765,1.816547103,32.69981384,6.009676933,0.0,22.984554290771484,0.0,2.0035171508789062,34.520511627197266,8.536170959472656
63.183,3.3885,2004,5,3,0.0,1.785732985,8.714111328,35.21548462,6.666119397,-5.259555206,27.60214233,6.155998707,0.0,32.55061340332031,0.0,2.0081238746643066,34.54688262939453,8.443999290466309
63.3088,3.1318,2004,5,4,0.0,1.761510253,8.629311562,35.28028488,1.294773165,1.678647101,31.95160103,5.989965439,0.0,35.20018768310547,0.0,1.2626652717590332,34.88669967651367,8.349221229553223
63.429,2.8778,2004,5,4,0.0,1.665806174,8.088298798,35.31658173,15.13805836,8.915229887,29.28039551,6.194624901,0.0,74.35873413085938,0.0,1.167742133140564,34.917903900146484,8.249754905700684
63.6538,2.3335,2004,5,4,0.0,1.569736004,8.005946159,35.27346039,6.588102132,4.511380568,27.78785515,6.149332523,0.0,42.0068588256836,0.0,1.104096531867981,34.8650016784668,8.089832305908203
63.9002,1.805,2004,5,4,0.0,0.864611089,8.48206234,35.30511093,3.034957312,6.253197044,16.68615913,5.693946362,0.0,33.32392883300781,0.0,1.1007548570632935,34.76205825805664,8.207058906555176
64.1358,1.264,2004,5,4,0.0,0.355838329,7.900055408,35.24171066,10.05631685,10.7241109,8.642746925,5.567280769,0.0,25.95808792114257,0.0,0.5250264406204224,34.595027923583984,7.835978031158447
64.3718,0.7392,2004,5,4,0.0,0.307707936,7.655163765,35.19387817,16.04857594,-0.548274117,7.216980457,5.554121494,0.0,25.643770217895508,0.0,0.3097682297229767,34.456932067871094,7.463428020477295
70.0442,-126.1948,2004,5,18,0.973595023,0.043538775,-1.701799035,31.15688705,0.316922739,0.289300713,0.028689593,6.285346031,2.02778554,18.810909271240234,0.0,0.04401971027255058,30.330963134765625,-1.6429355144500732
72.00633333,-159.6841667,2004,5,24,0.946391821,0.039523832,-1.77248764,32.08984756,-10.42275503,3.474774212,0.061847117,10.31856728,2.836302519,10.767897605895996,103.7101856,0.03763800486922264,30.807090759277344,-1.6754770278930664
72.007147,-159.624323,2004,5,24,0.943213463,0.039708011,-1.767365813,32.03556824,-10.46765521,3.966296464,0.062741131,10.34097672,2.867374897,10.767897605895996,726.7803084,0.03763800486922264,30.807090759277344,-1.6754770278930664
72.079833,-159.454333,2004,5,26,0.942379117,0.040829554,-1.752540469,32.17956161,-6.981044263,2.742194198,0.066703916,10.38689899,2.862471581,10.770462036132812,2825.867438,0.03892814740538597,30.689023971557617,-1.669869303703308
70.0442,-126.1948,2004,5,29,0.983392835,0.043409996,-1.632021904,31.06272125,-0.802037027,0.127004657,0.289291084,6.356256962,2.044762135,10.767897605895996,611.36712203,0.0425090454518795,29.66360092163086,-1.5576457977294922
72.65383333,-158.7162833,2004,5,30,0.984894276,0.039121594,-1.682250619,30.79801178,-6.132698804,3.833447024,0.02842728,9.714227676,3.619786024,10.767897605895996,436.5586165,0.036823201924562454,30.039840698242188,-1.6398247480392456
72.6775,-158.7775,2004,5,30,0.984894276,0.039121594,-1.682250619,30.79801178,-6.132698804,3.833447024,0.02842728,9.714227676,3.619786024,10.767897605895996,1674.8733734,0.03659985214471817,30.26172637939453,-1.6548218727111816
72.8635,-158.2385,2004,6,3,0.979530752,0.043815218,-1.65912962,30.14180183,-4.092216492,2.296278067,0.052801453,9.40357399,3.575896978,10.767897605895996,58.19491709,0.041707027703523636,29.301420211791992,-1.5866543054580688
72.8725,-158.247167,2004,6,3,0.979530752,0.043815218,-1.65912962,30.14180183,-4.092216492,2.296278067,0.052801453,9.40357399,3.575896978,10.767897605895996,111.4421734,0.041707027703523636,29.301420211791992,-1.5866543054580688
73.140845,-157.784,2004,6,4,0.958878875,0.043508813,-1.628616333,29.5390873,-3.761167452,1.948648319,0.056011006,9.267372131,3.832174063,10.767897605895996,127.1417853,0.041552409529685974,28.941925048828125,-1.4993846416473389
73.14483333,-157.7895,2004,6,4,0.958878875,0.043508813,-1.628616333,29.5390873,-3.761167452,1.948648319,0.056011006,9.267372131,3.832174063,10.767897605895996,70.36109568,0.041552409529685974,28.941925048828125,-1.4993846416473389
71.438487,-154.304252,2004,6,8,0.919617236,0.323972225,-1.731868863,31.93622017,0.546305394,0.109453534,0.360442847,7.875229836,2.820430756,10.767897605895996,83.85088582,0.2964687943458557,30.366989135742188,-1.5214639902114868
71.44,-154.305,2004,6,8,0.919617236,0.323972225,-1.731868863,31.93622017,0.546305394,0.109453534,0.360442847,7.875229836,2.820430756,10.767897605895996,64.42558163999999,0.2964687943458557,30.366989135742188,-1.5214639902114868
71.77916667,-154.9513333,2004,6,12,0.939051986,0.594975054,-1.376822829,31.88974571,-11.19514108,3.184327856,0.516993344,8.20825386,3.089287519,16.65694808959961,3094.3295335,0.5801109075546265,30.936275482177734,-1.3317350149154663
71.946,-154.8785,2004,6,12,0.933962464,0.506311774,-1.291755557,31.17945671,-16.03235155,5.577138811,0.509142041,8.41567421,3.392374277,11.388550758361816,3627.812746,0.5801109075546265,30.936275482177734,-1.3317350149154663
72.1045,-154.4671667,2004,6,14,0.931945026,0.352255225,-1.008180499,30.16904831,-9.769418091,7.335112244,0.368154198,8.354708672,3.387569427,10.767897605895996,1159.378301,0.33669963479042053,28.971027374267578,-1.092753529548645
71.255648,-154.511087,2004,6,15,0.927704215,0.225705996,-1.668951392,31.25882721,-2.722081728,7.092509419,0.262370229,7.882936954,2.688782454,10.767897605895996,4989.3140490000005,0.25995370745658875,30.283479690551758,-1.268765926361084
72.26983333,-154.5711667,2004,6,15,0.927741349,0.267296791,-0.713657022,29.39934158,-6.850160658,7.092342526,0.323867738,8.462647438,3.587218046,10.767897605895996,2949.8810614,0.28388869762420654,28.47802734375,-0.9838323593139648
71.922,-154.875,2004,6,16,0.898215711,0.479284912,-1.306566477,30.8755703,-3.750422224,5.712771788,0.538276851,8.084240913,3.24933219,10.767897605895996,3946.952581,0.4928649663925171,30.38774299621582,-1.175408124923706
71.922167,-154.868,2004,6,16,0.900683284,0.453350484,-1.310820699,30.66805458,-3.475583717,5.923581496,0.493628949,8.186612129,3.253709555,10.767897605895996,1679.271434,0.4928649663925171,30.38774299621582,-1.175408124923706
71.665315,-156.215845,2004,6,18,0.914288759,1.490493894,-1.105003119,30.52179718,9.419991076,2.017500624,2.76055932,5.401590824,2.741166353,10.767897605895996,7761.028149,2.769787311553955,29.83671760559082,0.5361019968986511
71.57883333,-155.8816667,2004,6,19,0.653191626,2.734438419,-0.981538892,30.65605927,25.28068721,10.18752977,5.931566238,4.525863171,2.172401667,10.767897605895996,3169.0539686,2.5362820625305176,29.74134063720703,-0.020008355379104614
71.40416667,-157.4538333,2004,6,20,0.377405941,2.092166662,-1.317607999,29.37280083,15.99278748,4.634513333,18.12129974,4.944854736,2.178146839,10.767897605895996,5566.752618,2.5021474361419678,30.44883918762207,1.4880199432373047
71.11783333,-159.3566667,2004,6,21,0.0,2.60822773,3.182872772,31.71030235,78.88965011,18.01986992,42.30780411,4.168194771,0.0,10.767897605895996,1713.063797,2.3953213691711426,30.269990921020508,2.485182523727417
70.9967,19.895,2004,6,23,0.0,0.513656974,9.870365143,34.83295059,3.083434142,-4.604075104,10.51683712,0.035327639,0.0,10.767897605895996,0.0,0.4965669512748718,33.109100341796875,8.71567153930664
71.5013,19.804,2004,6,23,0.0,0.661207139,9.554177284,34.92589188,6.038903445,-6.311363727,25.03129005,1.691796184,0.0,10.767897605895996,0.0,0.6280251741409302,33.3196907043457,8.427316665649414
71.9975,19.6808,2004,6,23,0.0,1.087418318,8.606688499,35.0491333,-1.107494161,-0.73966207,32.68572617,2.356378078,0.0,10.767897605895996,0.0,0.6997530460357666,33.376243591308594,8.231029510498047
73.0,19.4645,2004,6,24,0.0,1.082465291,7.663932323,34.98770905,9.023921937,-6.272079796,24.75601196,2.186660051,0.0,10.767897605895996,0.0,1.2605668306350708,33.38471221923828,7.431861877441406
73.5,19.3383,2004,6,24,0.0,1.049140453,6.922510624,35.00826645,1.908954419,-2.929756418,22.16591835,2.495979071,0.0,10.767897605895996,0.0,0.8931914567947388,33.35358428955078,6.799954414367676
73.9958,19.208,2004,6,24,0.0,1.122669578,5.415019512,34.57925797,4.228441045,-4.159326479,20.70147896,2.694040775,0.0,10.767897605895996,32.11594268,1.1020241975784302,33.238826751708984,5.57555627822876
71.066,-159.4115,2004,7,22,0.0,1.713843822,5.438527107,30.55049133,59.51685309,26.7713666,34.82815933,0.952023923,0.0,10.767897605895996,1828.9831084,1.7423969507217407,29.35633087158203,4.890533447265625
71.086277,-159.349697,2004,7,22,0.0,1.739324689,5.755246639,30.8683567,52.23187208,23.29318523,36.78558731,0.791677237,0.0,10.767897605895996,2695.5939899,1.7423969507217407,29.35633087158203,4.890533447265625
71.408,-157.4858333,2004,7,23,0.0,2.122891426,3.162288904,28.32555389,24.58988726,0.310195587,40.61522675,3.624892712,0.0,10.767897605895996,27161.12555,1.98749577999115,29.054594039916992,4.117384910583496
71.617,-156.013,2004,7,24,0.0,2.071959734,4.8928895,29.84794998,53.28093767,-2.310409583,46.03427124,1.246188045,0.0,10.767897605895996,24818.449265000003,2.071812629699707,28.804401397705078,4.292298316955566
71.9145,-154.9313333,2004,7,25,0.0,2.594896078,3.895457506,29.69858932,2.58604344,14.41770047,58.33095169,1.052681327,0.0,10.767897605895996,19572.981754,2.375640392303467,28.547189712524414,3.202629804611206
71.9445,-154.830333,2004,7,26,0.0,2.569387913,3.911023378,29.62687302,6.463289261,15.76030105,58.38101196,1.357020736,0.0,10.767897605895996,46200.0926,2.3863399028778076,28.356704711914062,3.2072017192840576
72.01466667,-154.6301667,2004,7,27,0.0,2.629140139,3.596154213,29.59139633,-11.83275282,14.21711147,51.60082626,1.662865162,0.0,10.767897605895996,20368.680539,2.5928378105163574,28.62578773498535,2.903595447540283
72.20666667,-153.9325,2004,7,28,0.169468969,1.17388308,2.572364569,26.81325722,-18.23109984,10.99337265,3.852682829,1.756546021,1.587562442,10.767897605895996,17166.992004,2.0847396850585938,27.92262077331543,2.606544256210327
71.28566667,-152.6346667,2004,7,29,0.0,1.249975443,3.665698051,30.12054634,4.39674519,3.070662357,16.17112732,0.141345963,0.0,10.767897605895996,346.39105419,1.3927053213119507,28.754751205444336,3.4159865379333496
71.547378,-152.406667,2004,7,30,0.0,0.91906929,3.404683113,28.8249054,-1.470123511,7.210505009,2.682844639,1.506971359,0.0,10.767897605895996,2669.67522,0.8339129686355591,27.647899627685547,3.0420658588409424
71.58583333,-152.4456667,2004,7,30,0.0,0.91906929,3.404683113,28.8249054,-1.470123511,7.210505009,2.682844639,1.506971359,0.0,10.767897605895996,7431.721522,0.8339129686355591,27.647899627685547,3.0420658588409424
72.509153,-152.165013,2004,8,1,0.62283951,0.205305845,0.79660207,26.85411263,-12.03408912,-7.074709982,0.96634227,8.852945328,2.360095501,10.767897605895996,19.657950323,0.19810420274734497,26.732059478759766,0.8861765265464783
72.58,-151.9398333,2004,8,1,0.615018368,0.208419666,0.753055751,26.78219032,-11.76597476,-7.206143439,0.981454968,8.836992264,2.369017363,10.767897605895996,194.98034164,0.20103584229946136,26.636423110961914,0.926329493522644
60.915,-91.77833,2004,8,2,0.0,0.198793694,8.765184402,31.20947647,-4.73610945,-0.593869016,4.352227688,0.015531822,0.0,10.767897605895996,4120.429267,0.43809089064598083,29.7797794342041,7.3411664962768555
60.91667,-91.77,2004,8,2,0.0,0.198793694,8.765184402,31.20947647,-4.73610945,-0.593869016,4.352227688,0.015531822,0.0,10.767897605895996,1948.8483235,0.43809089064598083,29.7797794342041,7.3411664962768555
60.91667,-91.76667,2004,8,2,0.0,0.198793694,8.765184402,31.20947647,-4.73610945,-0.593869016,4.352227688,0.015531822,0.0,10.767897605895996,1591.2816515999998,0.43809089064598083,29.7797794342041,7.3411664962768555
62.4867,4.9428,2004,8,2,0.0,0.115237564,15.04563618,33.38909149,-1.386805531,9.368274361,1.377828717,0.685424387,0.0,10.767897605895996,0.0,0.10715079307556152,31.64585304260254,14.029281616210938
62.606,4.6828,2004,8,2,0.0,0.111661531,14.91855717,33.41180038,-2.847385034,8.995015919,1.315451264,0.618036568,0.0,10.767897605895996,0.0,0.11721469461917877,31.94403839111328,13.611664772033691
62.8387,4.1735,2004,8,2,0.0,0.412133008,14.66722107,33.64029694,7.135855407,9.080644697,10.27846813,0.262606323,0.0,10.767897605895996,0.0,0.5558146238327026,32.21591567993164,13.618053436279297
63.0727,3.6566,2004,8,2,0.0,0.390462905,14.19208813,34.41765213,6.997121125,8.043038845,19.29351807,1.524686813,0.0,10.767897605895996,0.0,0.2939373850822449,32.95672607421875,13.274532318115234
63.3102,3.1336,2004,8,2,0.0,0.284254611,13.87661171,34.81770706,-2.82016173,-4.205818102,15.77208042,1.077398419,0.0,10.767897605895996,0.0,0.3110068738460541,33.189022064208984,12.969575881958008
72.41483333,-152.0916667,2004,8,2,0.617636204,0.226999626,1.098968625,27.04315948,-3.966274858,-1.700559817,1.256135106,8.774774551,2.626399755,10.767897605895996,58.18201862,0.1856270730495453,26.31747817993164,1.5522022247314453
60.82967,-89.99833,2004,8,3,0.0,0.532315373,8.590492249,31.42029572,-4.169382155,-7.341241091,7.845038414,0.011002774,0.0,10.767897605895996,1761.4349514,0.5562062859535217,30.00714683532715,7.0978264808654785
60.83,-90.0,2004,8,3,0.0,0.532315373,8.590492249,31.42029572,-4.169382155,-7.341241091,7.845038414,0.011002774,0.0,10.767897605895996,636.7289705,0.5562062859535217,30.00714683532715,7.0978264808654785
60.8322,-90.0,2004,8,3,0.0,0.532315373,8.590492249,31.42029572,-4.169382155,-7.341241091,7.845038414,0.011002774,0.0,10.767897605895996,1623.1216833,0.5562062859535217,30.00714683532715,7.0978264808654785
63.8986,1.8021,2004,8,3,0.0,0.272740364,12.5378828,35.09245682,6.411796063,18.85662079,9.549324989,1.783356071,0.0,17.283111572265625,0.0,0.25736919045448303,33.972713470458984,12.184553146362305
64.6684,-0.0042,2004,8,3,0.0,0.229455158,12.20680046,35.15398026,-14.00758475,16.42354578,6.523479462,3.861324787,0.0,19.34873580932617,0.0,0.23326712846755981,34.172119140625,11.981070518493652
72.035545,-152.291782,2004,8,3,0.171745017,0.209426209,1.596133709,26.90566635,-5.792957544,5.854591727,0.887490511,6.478797913,1.274294853,10.767897605895996,21805.80048,0.24181991815567017,26.412919998168945,1.70658540725708
60.66,-87.45667,2004,8,4,0.0,0.514917374,5.587615013,29.97592926,-2.604535408,-7.191091776,4.529342175,0.005039384,0.0,10.767897605895996,463.9222068,0.49863719940185547,28.65608787536621,3.4157328605651855
60.6625,-87.45167,2004,8,4,0.0,0.514917374,5.587615013,29.97592926,-2.604535408,-7.191091776,4.529342175,0.005039384,0.0,10.767897605895996,572.6783539,0.49863719940185547,28.65608787536621,3.4157328605651855
71.99216667,-152.1346667,2004,8,4,0.081168115,0.214664921,1.041909814,26.91277122,-6.197278947,17.98687279,0.93172729,6.44678545,0.742671907,10.767897605895996,15040.426171,0.3149808645248413,26.51056671142578,2.2674295902252197
60.5,-85.00167,2004,8,5,0.0,0.756732106,3.27165246,29.09261513,3.734128177,1.810903102,7.359789848,0.009991209,0.0,10.767897605895996,1768.021527,0.6386745572090149,28.12883758544922,2.065582275390625
60.51167,-84.99833,2004,8,5,0.0,0.756732106,3.27165246,29.09261513,3.734128177,1.810903102,7.359789848,0.009991209,0.0,10.767897605895996,444.4060175,0.8306275010108948,28.149721145629883,2.1319870948791504
60.32833,-82.0,2004,8,6,0.0,0.240504518,5.012813091,28.71632004,9.423606843,3.027415834,3.055910826,0.009329374,0.0,10.767897605895996,272.7189239,0.27256888151168823,27.43207359313965,4.494139671325684
60.3295,-81.99983,2004,8,6,0.0,0.240504518,5.012813091,28.71632004,9.423606843,3.027415834,3.055910826,0.009329374,0.0,10.767897605895996,1097.4097742,0.27256888151168823,27.43207359313965,4.494139671325684
60.33667,-82.00333,2004,8,6,0.0,0.240504518,5.012813091,28.71632004,9.423606843,3.027415834,3.055910826,0.009329374,0.0,10.767897605895996,1395.320371,0.27321192622184753,27.4947566986084,4.368174076080322
72.043982,-152.30417,2004,8,6,0.0,0.243045256,2.161831856,27.53434181,-5.703890696,9.049122036,1.19110918,6.210923672,0.0,10.767897605895996,5586.337848,0.36267921328544617,26.88982391357422,2.2594659328460693
72.209,-153.9321667,2004,8,7,0.0,2.252886534,2.524144888,28.82413673,-12.31836677,6.169940904,28.02134895,1.278891563,0.0,10.767897605895996,23401.765121,2.490755319595337,29.461254119873047,2.642993927001953
71.632393,-152.320335,2004,8,8,0.0,0.396478832,3.973895311,28.79031372,5.257084221,1.590993442,2.046647549,4.145290852,0.0,10.767897605895996,36010.73473,1.0763012170791626,28.57008171081543,4.053221702575684
72.4645,-153.4271667,2004,8,8,0.0,0.604690909,1.887550235,27.61722374,-2.425821498,4.415301979,2.580053329,3.273180723,0.0,10.767897605895996,924.1647823,1.4829554557800293,27.605350494384766,2.671445608139038
63.65667,-79.52833,2004,8,9,0.0,0.146748424,3.105781078,30.73810387,-2.049134672,-2.80673597,1.183395028,0.185497344,0.0,10.767897605895996,4307.536988,0.1410631388425827,29.07957649230957,3.1042025089263916
63.663,-79.53833,2004,8,9,0.0,0.146748424,3.105781078,30.73810387,-2.049134672,-2.80673597,1.183395028,0.185497344,0.0,10.767897605895996,2082.3025287,0.1410631388425827,29.07957649230957,3.1042025089263916
63.66533,-79.54483,2004,8,9,0.0,0.146748424,3.105781078,30.73810387,-2.049134672,-2.80673597,1.183395028,0.185497344,0.0,10.767897605895996,1201.0889744,0.1410631388425827,29.07957649230957,3.1042025089263916
63.66667,-79.52833,2004,8,9,0.0,0.146748424,3.105781078,30.73810387,-2.049134672,-2.80673597,1.183395028,0.185497344,0.0,10.767897605895996,543.9642181,0.1410631388425827,29.07957649230957,3.1042025089263916
72.70116667,-152.9836667,2004,8,9,0.34589377,0.336763084,0.556612909,27.35348701,4.263690859,-3.111704066,1.677323461,8.500746727,1.845239997,10.767897605895996,80.63964806,0.2804652750492096,26.954431533813477,1.4298529624938965
62.45,-75.47833,2004,8,10,0.0,0.119689673,3.126815319,28.67062378,0.750848278,1.048294827,1.477731943,0.008110478,0.0,10.767897605895996,1069.1963756,0.0,0.0,0.0
62.45167,-75.47333,2004,8,10,0.0,0.119689673,3.126815319,28.67062378,0.750848278,1.048294827,1.477731943,0.008110478,0.0,10.767897605895996,1910.2699446,0.0,0.0,0.0
62.45167,-75.46833,2004,8,10,0.0,0.119689673,3.126815319,28.67062378,0.750848278,1.048294827,1.477731943,0.008110478,0.0,10.767897605895996,893.9902464,0.0,0.0,0.0
62.6695,-75.50333,2004,8,10,0.0,0.134283736,3.705585718,28.97978783,-1.847965084,2.668197826,1.565660596,0.008478175,0.0,10.767897605895996,1436.4056416,0.15188199281692505,27.62262535095215,2.10041880607605
62.671,-75.50617,2004,8,10,0.0,0.134283736,3.705585718,28.97978783,-1.847965084,2.668197826,1.565660596,0.008478175,0.0,10.767897605895996,3211.626018,0.15188199281692505,27.62262535095215,2.10041880607605
62.67267,-75.50533,2004,8,10,0.0,0.134283736,3.705585718,28.97978783,-1.847965084,2.668197826,1.565660596,0.008478175,0.0,10.767897605895996,1781.3258623,0.15188199281692505,27.62262535095215,2.10041880607605
62.67367,-75.503,2004,8,10,0.0,0.134283736,3.705585718,28.97978783,-1.847965084,2.668197826,1.565660596,0.008478175,0.0,10.767897605895996,,0.15188199281692505,27.62262535095215,2.10041880607605
72.20133333,-159.1306667,2004,8,10,0.0,1.952633977,3.613727808,31.04752541,9.807925671,-5.407980084,24.04715538,9.674564362,0.0,11.888509750366213,6518.243462,1.2262126207351685,29.360267639160156,3.408815383911133
72.456232,-153.501625,2004,8,11,0.0,0.524919212,2.520404816,28.33451843,0.002828574,-5.308376253,6.267744541,4.602443695,0.0,10.767897605895996,18477.429825,2.055370569229126,28.07408332824707,3.56209135055542
72.6295,-158.6883333,2004,8,11,0.0,1.886744618,3.574771881,28.93318558,-6.50645718,4.982783645,22.5975914,8.892103195,0.0,10.767897605895996,11285.326993,1.3497716188430786,28.341571807861328,3.467087984085083
64.345,-80.55167,2004,8,14,0.0,0.357478797,3.222275496,29.65522575,7.525537908,-3.132641315,3.892091036,1.974712133,0.0,10.767897605895996,802.7291325,0.35761988162994385,28.28169822692871,2.72865629196167
64.35333,-80.545,2004,8,14,0.0,0.357478797,3.222275496,29.65522575,7.525537908,-3.132641315,3.892091036,1.974712133,0.0,10.767897605895996,1946.6535121,0.35761988162994385,28.28169822692871,2.72865629196167
64.37,-80.555,2004,8,14,0.0,0.357478797,3.222275496,29.65522575,7.525537908,-3.132641315,3.892091036,1.974712133,0.0,10.767897605895996,1820.6927451,0.35761988162994385,28.28169822692871,2.72865629196167
70.5155,19.9888,2004,8,14,0.0,0.13626878,12.20013714,34.44683456,0.505466573,-0.421524653,2.210384846,0.007915635,0.0,10.790475845336914,0.0,0.13021095097064972,32.776695251464844,11.589067459106445
71.0019,19.892,2004,8,14,0.0,0.134065032,12.28012466,34.67741013,0.454577524,-0.122419279,1.884715676,0.007368655,0.0,13.861156463623049,0.0,0.11936388909816742,33.32400131225586,11.885944366455078
71.5013,19.7954,2004,8,14,0.0,0.30045414,11.86833286,34.78644943,2.613181062,-3.587700799,8.286557198,0.66444689,0.0,14.88417625427246,0.0,0.2905935049057007,33.61820602416992,11.468273162841797
72.0043,19.679,2004,8,14,0.0,0.273614347,11.58765507,34.93536377,-1.419154275,-0.25097758,7.819391727,0.781100035,0.0,15.215269088745115,0.0,0.2697868347167969,33.7744026184082,11.151810646057129
72.4973,19.5763,2004,8,14,0.0,0.269462645,11.06963539,34.98360062,-2.475881577,0.643229065,7.31025362,1.08078897,0.0,15.215269088745115,0.0,0.2589636445045471,33.829769134521484,11.105890274047852
72.6313,-158.42611,2004,8,14,0.0,2.05961132,3.250617504,29.55126953,-9.878884256,3.741275519,21.02452278,2.596120596,0.0,10.767897605895996,6806.464953000001,2.158747673034668,28.046695709228516,3.381239891052246
72.90883333,-158.3501667,2004,8,14,0.0,2.022506475,3.292412043,29.22511864,-5.034006014,2.008982189,25.96180344,2.493812323,0.0,10.767897605895996,10009.253998,1.9300436973571777,28.182283401489258,3.085012435913086
73.0017,19.4641,2004,8,15,0.0,0.26817584,10.51256561,34.94094086,-0.231731753,-0.493434863,6.217803478,1.041046739,0.0,14.68858242034912,0.0,0.26709553599357605,33.82615280151367,10.233405113220215
73.4987,19.3423,2004,8,15,0.0,0.26435262,9.887456894,34.92271042,-2.487545274,13.59101087,6.134953976,0.740307033,0.0,16.063520431518555,0.0,0.25147783756256104,33.79511260986328,9.951848983764648
74.001,19.2155,2004,8,15,0.0,0.343055099,7.770228386,34.54938889,-3.915621713,8.14531222,7.391338825,0.369377613,0.0,14.837507247924805,0.0,0.30014029145240784,33.3714714050293,7.475147247314453
74.255,19.1698,2004,8,15,0.0,0.35192585,6.826750755,34.4074707,-7.596045732,7.625381649,8.390888214,0.120533787,0.0,12.96608543395996,144.46574750000002,0.30247679352760315,33.025665283203125,6.553590774536133
73.39633333,-157.305,2004,8,16,0.002383196,0.360409617,0.583825588,29.01848221,1.294349041,-2.775836922,1.169569254,8.131869316,0.167390779,10.767897605895996,4193.89882,0.42389610409736633,27.682273864746094,2.081807851791382
73.762,-156.795333,2004,8,17,0.158040836,0.393553436,-0.707708001,28.36476517,3.971712291,-7.584739476,1.314776063,8.591814041,2.450554848,10.767897605895996,8750.617987000001,0.3875246047973633,27.376625061035156,-0.5563268661499023
73.81633333,-156.7935,2004,8,17,0.158040836,0.393553436,-0.707708001,28.36476517,3.971712291,-7.584739476,1.314776063,8.591814041,2.450554848,10.767897605895996,5457.564917,0.3875246047973633,27.376625061035156,-0.5563268661499023
73.89733333,-157.8605,2004,8,18,0.0,0.503793657,0.324152887,28.44247437,2.475245483,-2.312810905,1.575952888,8.46619606,0.0,10.767897605895996,1516.6835343,0.47025614976882935,27.833667755126953,1.0076260566711426
73.51466667,-159.5103333,2004,8,19,0.0,0.426573813,2.646471024,29.59774399,-9.482631087,4.02444005,1.959128141,7.888306618,0.0,10.767897605895996,13210.669986,0.40421006083488464,28.14093780517578,2.7688708305358887
73.2875,-160.0796667,2004,8,21,0.0,1.147761345,3.336073399,29.03331184,-13.2667616,16.77586883,8.103703499,3.113727808,0.0,10.767897605895996,8476.432179,1.2329410314559937,27.78040885925293,3.0242726802825928
73.346253,-160.24478,2004,8,21,0.0,1.329008937,3.339530468,29.08058167,-15.03486037,18.77375841,11.99972725,3.664824247,0.0,10.767897605895996,8883.729360000001,1.2329410314559937,27.78040885925293,3.0242726802825928
73.10766667,-160.5236667,2004,8,22,0.0,2.61244607,3.532272816,29.91648293,-13.9691174,13.98350149,35.80573654,6.067679405,0.0,10.767897605895996,9031.008393,2.4740078449249268,28.918560028076172,3.743582248687744
72.7435,-161.2978333,2004,8,24,0.0,1.845278621,3.593173504,31.35203171,13.91441673,4.468191415,23.79644012,5.195775509,0.0,10.767897605895996,1092.6336501,1.4404257535934448,28.867738723754883,3.413865566253662
62.3648,5.2017,2004,11,10,0.0,0.343006968,9.956381798,32.73750305,14.4570455,19.9779138,3.090702295,1.387346268,0.0,22.437868118286133,0.0,0.31249740719795227,32.57137680053711,10.11390495300293
62.4862,4.9463,2004,11,10,0.0,0.291852027,10.33789349,33.22194672,14.24874067,15.28930813,1.970878482,1.544295669,0.0,33.11387634277344,0.0,0.31125226616859436,32.83668518066406,10.098770141601562
62.6013,4.679,2004,11,10,0.0,0.293711096,10.31602478,33.39256668,12.64398098,13.97703886,2.157865763,1.743683815,0.0,33.48745346069336,0.0,0.28280171751976013,33.1352653503418,10.162184715270996
62.8332,4.1677,2004,11,10,0.0,0.268397272,9.839705467,34.85293198,32.0594728,21.60301805,2.058308601,3.929867029,0.0,34.64271926879883,0.0,0.24616524577140808,34.82511901855469,9.667462348937988
63.0717,3.6785,2004,11,11,0.0,0.238221765,9.524882317,35.16378784,23.81960005,7.933241129,0.645375967,4.234949589,0.0,87.16868591308594,0.0,0.21296396851539612,34.94652557373047,9.42302417755127
63.6623,2.3465,2004,11,12,0.0,0.219219983,9.22076416,35.15340042,7.400022447,-5.285644531,0.728143454,4.051874161,0.0,82.8778076171875,0.0,0.20526458323001862,34.970115661621094,9.274287223815918
63.4283,2.86933,2005,1,18,0.0,0.062426947,7.766219616,35.21727371,4.324870184,-3.654529154,0.037835069,9.911221504,0.0,232.6002197265625,0.0,0.06486488878726959,35.163272857666016,7.659005641937256
64.1335,1.26067,2005,1,18,0.0,0.102506571,6.291748524,35.13017654,10.77992842,-1.956839859,0.16049695,7.318579197,0.0,139.60617065429688,0.0,0.08717966079711914,34.92717361450195,6.315794944763184
72.5533,20.97,2005,1,18,0.0,0.028190553,6.200601578,35.090271,8.865777403,0.097063306,0.0,9.365655899,0.0,116.18472290039062,0.0,0.028389057144522667,34.91843032836914,6.239332675933838
72.5533,20.9867,2005,1,18,0.0,0.028190553,6.200601578,35.090271,8.865777403,0.097063306,0.0,9.365655899,0.0,116.18472290039062,0.0,0.028389057144522667,34.91843032836914,6.239332675933838
72.5517,20.9733,2005,1,21,0.0,0.028584164,6.224393368,35.06219864,5.069331452,-5.54471761,0.0,9.235758781,0.0,116.18472290039062,0.0,0.02909497544169426,34.891178131103516,6.265899658203125
72.5567,20.9733,2005,1,21,0.0,0.028584164,6.224393368,35.06219864,5.069331452,-5.54471761,0.0,9.235758781,0.0,116.18472290039062,0.0,0.02909497544169426,34.891178131103516,6.265899658203125
72.0002,19.6805,2005,1,23,0.0,0.033890884,6.498410702,34.9805603,-2.644176036,-10.44696644,0.0,7.950992584,0.0,125.25730895996094,0.0,0.03483198955655098,34.830650329589844,6.512092113494873
73.4983,19.3295,2005,1,23,0.0,0.027815912,5.945755005,35.1386528,8.546730131,-11.58256978,0.0,9.473431587,0.0,90.9972915649414,0.0,0.02995412051677704,34.97796630859375,6.114138126373291
74.0007,19.2213,2005,1,23,0.0,0.036670573,3.334962368,34.991642,1.8165797,-8.553864062,0.0,7.598404884,0.0,71.46002197265625,0.0,0.03759187459945679,34.70674133300781,3.320572853088379
72.55,21.0,2005,1,26,0.0,0.027770324,5.964344025,35.09137726,1.737484336,-8.430996537,0.0,9.352467537,0.0,151.26101684570312,0.0,0.02759626694023609,34.97798156738281,5.9565887451171875
72.555,21.0,2005,1,26,0.0,0.027770324,5.964344025,35.09137726,1.737484336,-8.430996537,0.0,9.352467537,0.0,151.26101684570312,0.0,0.02759626694023609,34.97798156738281,5.9565887451171875
72.555,20.9767,2005,1,27,0.0,0.027640607,5.992798328,35.0955162,3.024903685,0.205098628,0.0,9.373990059,0.0,165.68679809570312,0.0,0.028069421648979187,34.974891662597656,6.069214820861816
72.555,21.0067,2005,1,27,0.0,0.027640607,5.992798328,35.0955162,3.024903685,0.205098628,0.0,9.373990059,0.0,165.68679809570312,0.0,0.027433384209871292,34.99468994140625,5.999232769012451
72.55,20.9733,2005,2,1,0.0,0.026869331,6.283019066,35.12104416,-5.395974591,-7.163588703,0.001021277,9.467323303,0.0,225.3155517578125,0.0,0.027362601831555367,35.035667419433594,6.3401103019714355
72.5567,21.005,2005,2,1,0.0,0.026869331,6.283019066,35.12104416,-5.395974591,-7.163588703,0.001021277,9.467323303,0.0,225.3155517578125,0.0,0.02654186636209488,35.04766845703125,6.285059928894043
72.555,20.9833,2005,2,8,0.0,0.026377948,5.928453445,35.15582657,11.79583073,7.580201328,0.006321159,9.532917023,0.0,258.43048095703125,0.0,0.026243770495057106,35.09272766113281,5.904945373535156
72.555,20.9983,2005,2,8,0.0,0.026377948,5.928453445,35.15582657,11.79583073,7.580201328,0.006321159,9.532917023,0.0,258.43048095703125,0.0,0.026243770495057106,35.09272766113281,5.904945373535156
72.5533,20.9983,2005,2,14,0.0,0.027428504,5.812813282,35.16179657,0.063067942,-2.687047422,0.009019948,9.482203484,0.0,235.59718322753903,0.0,0.02752385288476944,35.08951187133789,5.812586784362793
72.5533,21.0017,2005,2,14,0.0,0.027428504,5.812813282,35.16179657,0.063067942,-2.687047422,0.009019948,9.482203484,0.0,235.59718322753903,0.0,0.02691604010760784,35.087501525878906,5.796337127685547
72.55,20.9833,2005,2,19,0.0,0.029333549,5.898989677,35.16175461,11.97215617,-0.879613683,0.017955549,9.388949394,0.0,236.2476501464844,0.0,0.029846804216504097,35.087738037109375,5.923421859741211
72.5533,20.9967,2005,2,19,0.0,0.029333549,5.898989677,35.16175461,11.97215617,-0.879613683,0.017955549,9.388949394,0.0,236.2476501464844,0.0,0.029846804216504097,35.087738037109375,5.923421859741211
72.5517,20.98,2005,2,27,0.0,0.034560673,5.979655743,35.17618561,-3.362704441,0.629419414,0.047477942,9.548565865,0.0,245.26736450195312,0.0,0.034604694694280624,35.11335754394531,5.937180995941162
72.555,21.0,2005,2,27,0.0,0.034560673,5.979655743,35.17618561,-3.362704441,0.629419414,0.047477942,9.548565865,0.0,245.26736450195312,0.0,0.03381911292672157,35.10345458984375,5.954920768737793
72.5467,20.9083,2005,3,4,0.0,0.037481133,5.811554909,35.17549133,0.564232701,-1.597019285,0.07362093,9.657954216,0.0,267.5504150390625,0.0,0.0371926873922348,35.11250686645508,5.768980979919434
72.5567,20.9117,2005,3,4,0.0,0.037481133,5.811554909,35.17549133,0.564232701,-1.597019285,0.07362093,9.657954216,0.0,267.5504150390625,0.0,0.0371926873922348,35.11250686645508,5.768980979919434
72.5467,21.0033,2005,3,9,0.0,0.042159449,5.678134918,35.15708923,3.439911455,2.570422553,0.052762803,9.768900871,0.0,280.30987548828125,0.0,0.041373297572135925,35.09354782104492,5.6554999351501465
72.5633,20.9967,2005,3,9,0.0,0.042159449,5.678134918,35.15708923,3.439911455,2.570422553,0.052762803,9.768900871,0.0,280.30987548828125,0.0,0.041005175560712814,35.08816909790039,5.669651031494141
72.55,20.975,2005,3,14,0.0,0.043068461,5.511662483,35.13880539,8.299531043,-2.859716304,0.113802105,9.896040916,0.0,291.63189697265625,0.0,0.04178602620959282,35.07576370239258,5.528696537017822
72.555,20.975,2005,3,14,0.0,0.043068461,5.511662483,35.13880539,8.299531043,-2.859716304,0.113802105,9.896040916,0.0,291.63189697265625,0.0,0.04178602620959282,35.07576370239258,5.528696537017822
72.5562,21.0117,2005,3,22,0.0,0.062024605,5.448365688,35.1643486,6.833457947,3.377360851,0.206827968,9.948981285,0.0,286.468017578125,0.0,0.061712272465229034,35.10022735595703,5.41457462310791
72.5497,20.9933,2005,3,25,0.0,0.067466266,5.409938812,35.16910172,4.93013002,-5.354373157,0.174615279,9.960305214,0.0,281.70574951171875,0.0,0.06673777848482132,35.10187911987305,5.402787685394287
72.56,20.98,2005,3,25,0.0,0.067466266,5.409938812,35.16910172,4.93013002,-5.354373157,0.174615279,9.960305214,0.0,281.70574951171875,0.0,0.06673777848482132,35.10187911987305,5.402787685394287
71.6917,31.0033,2005,3,31,0.0,0.223524839,4.486630917,34.89139938,11.02732196,-9.41625312,0.568103433,8.109481812,0.0,261.1628723144531,0.0,0.17084342241287231,34.79874038696289,4.577134132385254
71.6933,31.0083,2005,3,31,0.0,0.223524839,4.486630917,34.89139938,11.02732196,-9.41625312,0.568103433,8.109481812,0.0,261.1628723144531,0.0,0.17084342241287231,34.79874038696289,4.577134132385254
63.8938,1.80383,2005,4,10,0.0,0.794764519,7.144857407,35.27840042,11.69556305,11.95336953,8.948703766,8.501853943,0.0,107.40621185302734,0.0,0.5473651885986328,35.148094177246094,7.194515228271484
64.3718,0.725167,2005,4,10,0.0,0.72388941,5.890348911,35.19080353,5.700720847,-0.699032238,7.615054607,8.133901596,0.0,107.09161376953124,0.0,0.5416003465652466,35.014888763427734,5.686707496643066
62.8377,4.17183,2005,4,11,0.0,1.544679046,7.783722878,35.0534935,39.98187184,8.0206424,8.067216873,5.540240765,0.0,65.17351531982422,0.0,1.5002517700195312,34.70693588256836,7.684919357299805
63.3118,3.133,2005,4,11,0.0,0.594505847,7.534133434,35.28372574,8.37360099,-4.803821817,0.936865211,10.27816963,0.0,151.2032012939453,0.0,0.5322623252868652,35.129417419433594,7.472781658172607
63.653,2.3495,2005,4,11,0.0,0.544446766,7.163854599,35.26202774,3.99187468,0.383016234,3.313882589,9.872272491,0.0,119.99148559570312,0.0,0.44455966353416443,35.08309555053711,7.099486351013184
71.6933,31.0083,2005,4,14,0.0,0.411269903,4.531209469,34.90259933,4.317926615,4.705829918,1.334689856,7.988022804,0.0,231.5548553466797,0.0,0.2579233944416046,34.803401947021484,4.573484420776367
71.695,31.015,2005,4,14,0.0,0.411269903,4.531209469,34.90259933,4.317926615,4.705829918,1.334689856,7.988022804,0.0,231.5548553466797,0.0,0.2579233944416046,34.803401947021484,4.573484420776367
71.69,31.0117,2005,4,28,0.0,0.680746555,4.552189827,34.91275787,0.076247362,-1.083690859,2.141965628,7.912347794,0.0,235.7458038330078,0.0,0.3989829123020172,34.808895111083984,4.582396507263184
71.7001,31.015,2005,4,28,0.0,0.680746555,4.552189827,34.91275787,0.076247362,-1.083690859,2.141965628,7.912347794,0.0,235.7458038330078,32.00395366,0.3989829123020172,34.808895111083984,4.582396507263184
71.6993,31.0174,2005,5,2,0.0,0.714136541,4.564555168,34.91527939,1.234933455,7.717660069,2.203161478,7.90811348,0.0,235.7458038330078,0.0,0.4261047840118408,34.8056640625,4.603218078613281
71.6995,31.004,2005,5,2,0.0,0.714136541,4.564555168,34.91527939,1.234933455,7.717660069,2.203161478,7.90811348,0.0,235.7458038330078,64.00790701,0.4261047840118408,34.8056640625,4.603218078613281
71.6993,31.0378,2005,5,6,0.0,0.767438412,4.585084438,34.91466522,0.882119313,6.861676276,2.967387915,7.773722649,0.0,213.49334716796875,0.0,0.4404163360595703,34.79818344116211,4.621699810028076
62.365,5.20167,2005,5,9,0.0,0.516262114,7.848279953,33.38693619,-5.317087844,-7.826314121,9.531929016,0.265619904,0.0,11.034890174865724,0.0,0.4095766544342041,31.939435958862305,7.366899490356445
62.9567,3.91833,2005,5,10,0.0,1.430122972,8.526665688,35.18490601,18.81566048,6.107513234,36.66217422,1.883768082,0.0,16.95037841796875,0.0,1.1934962272644043,32.91612243652344,7.934929370880127
63.0735,3.659,2005,5,10,0.0,1.502531648,8.452500343,35.25397873,18.28998029,-2.289154008,37.01140213,2.239872456,0.0,18.21759796142578,0.0,1.5128576755523682,34.42778778076172,8.183202743530273
63.1935,3.39783,2005,5,10,0.0,1.844962716,8.370700836,35.27249146,-0.973330997,-0.699592987,39.52046204,4.403294086,0.0,20.79566764831543,0.0,1.186239242553711,34.809959411621094,8.221172332763672
63.3133,3.13167,2005,5,10,0.0,1.854475379,8.125686646,35.28075409,5.586192384,-3.622866422,34.66760254,5.168801785,0.0,26.13990974426269,0.0,1.1768138408660889,34.967010498046875,7.914422035217285
63.4272,2.86767,2005,5,10,0.0,1.785462499,7.50307703,35.27155304,1.481533889,-3.111864254,28.30197144,5.652089596,0.0,49.8689079284668,0.0,0.8567132949829102,35.064964294433594,7.832187175750732
63.6613,2.339,2005,5,10,0.0,1.814286113,7.707532883,35.30251694,-2.066594176,-5.157036707,29.21610451,5.603941917,0.0,37.88520050048828,0.0,0.9760324954986572,35.01679611206055,7.401976108551025
63.8983,1.79833,2005,5,10,0.0,1.637243748,7.582061291,35.27199936,6.150974706,1.399285439,24.8924942,5.769933701,0.0,53.06751251220703,0.0,1.1370656490325928,35.01189422607422,7.681972980499268
64.1337,1.25967,2005,5,11,0.0,1.668893337,7.290680885,35.29280472,10.5170086,-7.577740401,24.15157127,6.107351303,0.0,57.36986923217773,512.0632561,1.1110972166061401,34.96424102783203,7.209338665008545
64.3685,0.726,2005,5,11,0.0,1.670282125,7.199825287,35.27514267,14.31059539,-4.045415297,24.00548553,6.14629221,0.0,59.2581901550293,10785.581261,1.1822552680969238,34.951114654541016,6.933974266052246
64.6658,-0.00416667,2005,5,11,0.0,0.495168716,6.37724781,35.17050934,6.363693625,-1.804020628,9.468184471,6.267798901,0.0,64.98460388183594,0.0,0.9021380543708801,34.87325668334961,6.463621139526367
65.4767,0.00583333,2005,5,11,0.0,0.299862623,5.827537537,35.13718796,5.037330464,3.400547057,6.998104095,6.062122345,0.0,34.49699783325195,0.0,0.2360166609287262,34.651222229003906,5.390182971954346
71.69,31.0107,2005,5,11,0.0,0.935440779,4.785335064,34.89263153,7.119727135,3.340112045,16.35214424,7.399544716,0.0,37.88132858276367,0.0,0.6279705166816711,34.37997817993164,4.690216064453125
71.6967,30.9895,2005,5,11,0.0,0.935440779,4.785335064,34.89263153,7.119727135,3.340112045,16.35214424,7.399544716,0.0,37.88132858276367,0.0,0.6357542872428894,34.36842727661133,4.697296142578125
66.25,0.00233333,2005,5,12,0.0,0.359297931,6.724287033,35.23390198,6.871091574,8.195024729,7.465967178,5.754191875,0.0,37.18547821044922,771.6785378,0.3373688757419586,34.967445373535156,6.956335067749023
66.2533,-3.00467,2005,5,12,0.0,0.330597639,5.379345894,35.08017731,2.816421911,-4.967839643,6.722078323,6.786089897,0.0,25.316112518310547,0.0,0.342035174369812,34.39011001586914,5.184919357299805
67.0825,-3.00167,2005,5,12,0.0,0.344730526,5.552564621,35.10033035,0.936359167,-3.71655412,7.270888329,6.584806919,0.0,17.525659561157227,0.0,0.3472430109977722,34.079044342041016,5.221321105957031
67.0813,-4.9995,2005,5,13,0.0,0.326485455,4.364980221,35.07739639,9.727977961,-0.710443826,5.813435078,6.858740807,0.0,16.140260696411133,0.0,0.31671324372291565,33.99055480957031,4.204267501831055
68.4658,-5.0025,2005,5,13,0.0,0.222633481,4.759944439,35.13225937,9.647435695,0.812380668,3.465505362,8.019921303,0.0,19.24368476867676,0.0,0.22021961212158203,34.17213821411133,4.5982489585876465
69.7528,-5.0115,2005,5,13,0.0,0.228620142,4.667135715,35.11793137,6.783271581,-9.370046109,3.704846382,7.734673023,0.0,30.635881423950195,0.0,0.23141475021839142,34.54592514038086,4.691318035125732
67.7485,-3.0105,2005,5,14,0.0,0.358344495,5.787885189,35.13342285,-4.466435686,-10.50473899,7.409469604,6.433595181,0.0,21.53706169128418,0.0,0.36636802554130554,34.2734260559082,4.95491886138916
68.7663,-3.00467,2005,5,14,0.0,0.265028924,6.365522861,35.17591095,-2.371555008,-17.18175411,5.143728733,7.3210392,0.0,37.261356353759766,0.0,0.27425315976142883,34.75658416748047,6.058526515960693
71.6883,31.0117,2005,5,14,0.0,1.855875254,4.976774216,34.88301849,5.373558775,4.452092201,47.94659805,6.577926636,0.0,22.529754638671875,0.0,1.6550753116607666,33.97993850708008,4.860809326171875
71.6973,30.9967,2005,5,14,0.0,1.855875254,4.976774216,34.88301849,5.373558775,4.452092201,47.94659805,6.577926636,0.0,22.529754638671875,0.0,1.649670124053955,33.967750549316406,4.8684186935424805
67.7357,6.31933,2005,5,15,0.0,1.091933012,6.790599823,35.24206924,1.311009284,-5.113458633,17.14515686,5.384442806,0.0,102.37081146240234,0.0,0.43489181995391846,35.05366897583008,6.634692192077637
67.7507,8.08083,2005,5,16,0.0,1.35726428,7.305215359,35.25906754,1.195133943,-10.93313321,21.98741341,5.731951714,0.0,55.1026611328125,0.0,0.9920876026153564,34.939815521240234,7.225265979766846
67.7533,11.7472,2005,5,16,0.0,1.382459164,6.851222515,34.45124054,4.23614867,-0.809652731,28.28301048,1.892674446,0.0,29.17510223388672,0.0,1.3379184007644653,33.97917938232422,6.722741603851318
69.1643,11.5923,2005,5,18,0.0,0.901070237,7.402235985,35.11197662,-13.66897523,-6.204659119,11.21300983,5.777741909,0.0,41.18562316894531,0.0,0.6088932156562805,34.85679244995117,7.758147716522217
69.169,14.4235,2005,5,18,0.0,1.438952684,7.201160908,34.88953018,9.012058377,18.18175614,22.40777969,5.30592823,0.0,27.7858943939209,0.0,1.4476438760757446,33.966678619384766,6.944521903991699
69.166,8.78133,2005,5,19,0.0,0.498193294,7.370037556,35.22683716,-9.581009299,5.247369781,8.76069355,6.050229549,0.0,50.02392959594727,0.0,0.32489991188049316,34.99913787841797,7.2148613929748535
69.1675,4.581,2005,5,19,0.0,0.266090631,6.138367176,35.19382858,-2.601330169,-8.815979958,4.765756607,7.045656681,0.0,93.60531616210938,0.0,0.29766687750816345,34.93140411376953,6.227490425109863
69.1675,5.999,2005,5,19,0.0,0.26701811,6.382174492,35.19096756,-1.958942413,-4.230836406,4.98074007,6.9617939,0.0,79.36537170410156,0.0,0.2922082245349884,34.88888168334961,6.505108833312988
69.9748,4.58467,2005,5,20,0.0,0.309809983,5.731451511,35.15769196,-3.131042793,-3.626340628,5.612870216,7.130418301,0.0,55.2593002319336,0.0,0.36021748185157776,34.881282806396484,5.670365333557129
70.7478,4.55183,2005,5,20,0.0,0.382420361,5.994634151,35.15767288,-5.269458145,5.830201507,6.197505474,6.964416504,0.0,66.25224304199219,0.0,0.35063427686691284,34.797462463378906,5.618448257446289
70.749,7.57983,2005,5,20,0.0,0.493329227,6.618337154,35.21328354,8.947711438,3.988890722,8.680475235,6.781560898,0.0,95.24820709228516,0.0,0.11067543923854828,35.19366455078125,6.398342609405518
73.498,19.3303,2005,5,20,0.0,1.568132877,4.722644329,35.13824081,-1.996272802,-0.662048813,26.93224907,6.481739521,0.0,49.49354553222656,0.0,1.3251720666885376,34.82085037231445,5.158253192901611
74.0052,19.2232,2005,5,20,0.0,1.35271275,3.968208313,35.02603149,5.707203969,-1.644316316,21.45712852,5.466338158,0.0,31.30384063720703,8.000988341,1.4452183246612549,34.46270751953125,3.871403694152832
70.7487,10.5852,2005,5,21,0.0,0.81249553,6.53081274,35.24171829,3.266593441,3.239263222,14.90151691,6.515692234,0.0,42.86220550537109,0.0,0.9552942514419556,34.55502700805664,6.658880710601807
70.7508,16.5777,2005,5,21,0.0,1.867209554,6.917436123,34.82199478,12.71810979,17.29266047,39.72351074,4.402611256,0.0,19.70653343200684,0.0,1.7779755592346191,33.93852996826172,6.73187780380249
70.751,13.5858,2005,5,21,0.0,1.349276543,6.977705956,35.00231934,-14.61651474,3.652328253,25.51801109,5.445238113,0.0,24.369962692260746,0.0,1.292288064956665,34.28437805175781,6.829224586486816
72.0025,19.6788,2005,5,21,0.0,2.078048468,5.899652481,34.99251175,13.25483769,-9.356349707,31.48231888,7.186394215,0.0,52.21809005737305,0.0,1.4752016067504883,34.61325454711914,5.9205002784729
70.7488,19.5912,2005,5,22,0.0,2.581216097,6.33463335,34.61270905,1.420392562,-1.380917337,49.23706818,3.174710751,0.0,21.935636520385746,0.0,2.2935774326324463,33.718135833740234,6.231276512145996
71.8295,17.0,2005,5,24,0.0,2.129857302,6.811499119,34.87391281,3.7917573,10.61977297,36.88759613,4.749632835,0.0,24.467241287231445,0.0,2.040315866470337,34.16117858886719,6.6395440101623535
71.8338,14.0073,2005,5,25,0.0,1.667166948,6.957180977,35.10389709,28.2234937,-12.76488155,28.04282761,5.049320221,0.0,37.854740142822266,0.0,1.4361903667449951,34.63844299316406,6.843175411224365
71.8348,9.98667,2005,5,25,0.0,1.151334167,6.219927788,35.23800278,4.553602636,-3.313491866,19.43253708,6.182656765,0.0,47.84516143798828,0.0,0.822815477848053,34.86723709106445,6.085643768310547
71.8328,1.998,2005,5,26,0.0,0.354454875,5.667737484,35.14505005,7.386822999,1.603363641,6.82997036,7.302601814,0.0,68.9657974243164,0.0,0.28820493817329407,34.94124984741211,5.614429950714111
71.8358,5.96833,2005,5,26,0.0,0.403499156,5.186950207,35.07412338,0.740137883,-16.99453592,8.103422165,6.710291862,0.0,37.011329650878906,0.0,0.3618847727775574,34.75920867919922,5.152262210845947
73.1647,0.00266667,2005,5,27,0.0,0.290623993,0.257318199,34.8233757,-2.043668367,-7.340936363,5.11279726,6.586555004,0.0,71.38864135742188,0.0,0.3219391703605652,34.53010559082031,0.3265240490436554
73.1653,3.99983,2005,5,27,0.0,0.405775607,3.650834084,34.94116211,3.97878252,-4.596204311,7.048332214,7.424844265,0.0,48.94693756103516,0.0,0.39907875657081604,34.44783401489258,3.8140463829040527
73.166,11.001,2005,5,28,0.0,1.296861768,5.816310406,35.1758728,-6.808654964,-4.269989952,17.00189781,8.103449821,0.0,60.77113723754883,0.0,1.2287285327911377,34.78879928588867,5.865495204925537
73.1715,8.00033,2005,5,28,0.0,0.665611804,5.125123024,35.09341812,-2.526097,-1.382769737,10.06244087,7.238387585,0.0,39.89289855957031,0.0,0.7097815871238708,34.71473693847656,5.225712776184082
73.8347,10.0018,2005,5,28,0.0,0.92124331,4.665477276,35.06414413,-4.773432016,-3.295866773,12.367033,7.841359615,0.0,38.34162902832031,0.0,0.9054307341575623,34.60652160644531,4.599060535430908
73.8313,-1.99033,2005,5,29,0.0,0.289794087,-0.23523134,34.84073639,-1.554764993,-10.48488915,4.723285198,6.475043774,0.0,73.22869873046875,0.0,0.29175132513046265,34.602264404296875,-0.258450984954834
73.8332,6.00133,2005,5,29,0.0,0.835962951,3.819650412,34.99567032,-1.235650387,-3.29263024,7.74007988,7.152219296,0.0,51.59086608886719,0.0,0.7106783390045166,34.65574645996094,3.7723019123077393
73.8333,2.00433,2005,5,29,0.0,0.276375681,0.792526364,34.83583832,-2.838405035,-7.801710814,3.986667395,6.530234814,0.0,22.329879760742188,0.0,0.27069970965385437,34.0612907409668,0.7450523376464844
74.5002,-4.001,2005,5,30,0.0,0.327555805,0.441784203,34.76727295,3.236629069,-4.367685691,5.194462776,6.720492363,0.0,19.8160400390625,0.0,0.3153645694255829,34.01755905151367,0.41743558645248413
75.5078,-4.0095,2005,5,30,0.0,0.74242425,0.716393292,34.90345383,-1.031160541,-5.842134356,13.33659554,7.969430923,0.0,39.89389801025391,0.0,0.6644808053970337,34.401432037353516,0.6854893565177917
74.5002,-0.999833,2005,6,1,0.0,0.394612908,0.044737257,34.80916595,-2.083686739,-5.177524686,6.398918629,7.103682518,0.0,43.31845474243164,0.0,0.35784533619880676,34.40542221069336,-0.012185080908238888
74.9998,9.50067,2005,6,1,0.0,0.936875165,4.7833848,35.15229416,-2.537841536,-0.597458845,17.28100967,7.476510525,0.0,13.73177433013916,0.0,1.0361175537109375,34.17860794067383,4.549022674560547
74.4987,2.99933,2005,6,2,0.0,0.210990131,1.252041221,34.80345154,-1.446976606,-6.936389208,2.562352896,6.280267715,0.0,15.9557523727417,0.0,0.1940099447965622,33.55259323120117,1.3818556070327759
75.3357,7.10483,2005,6,2,0.0,3.073212624,4.313082695,35.11330795,-0.933297258,2.753519826,32.5930481,6.787148952,0.0,20.045562744140625,0.0,2.9490444660186768,34.24020004272461,4.206020355224609
74.4987,7.0035,2005,6,3,0.0,0.990246713,4.313959599,35.10510635,8.286651969,6.68797642,16.45730782,6.897452831,0.0,38.632938385009766,0.0,0.7311305403709412,34.99154281616211,5.1600236892700195
74.5007,11.0045,2005,6,3,0.0,1.295988321,5.39294529,35.17459869,11.08146906,9.311342239,24.46139908,7.095770836,0.0,13.932520866394045,0.0,1.2497378587722778,33.913516998291016,5.190130233764648
74.4967,15.016,2005,6,4,0.0,2.143333673,5.798686504,35.13004684,7.718420774,15.76890051,41.59518051,5.894032478,0.0,13.02377700805664,0.0,2.0036747455596924,34.01781463623047,5.577979564666748
73.2858,15.8075,2005,6,5,0.0,2.418660402,6.352679253,35.05919647,-8.085323125,-1.705684885,46.96566391,4.757451534,0.0,10.767897605895996,0.0,2.3146767616271973,33.431480407714844,6.015399932861328
74.4948,18.5138,2005,6,5,0.0,1.608553171,2.378512383,34.64627075,-5.215036124,1.79345347,25.02506447,1.83727479,0.0,10.767897605895996,0.0,1.4493443965911865,33.23286819458008,3.1681418418884277
72.368,-155.2235,2005,6,30,0.854505122,0.298120081,-1.496796489,29.84388351,-5.081686378,1.344855502,0.790561736,6.514779091,3.143159389,10.767897605895996,340.12310201,0.2899242639541626,29.50514030456543,-1.1267613172531128
72.53333,-155.5833,2005,7,2,0.860588312,0.222263187,-1.426297188,29.59832382,-3.839645162,-0.658676587,0.676875234,7.664062977,3.580232382,10.767897605895996,50.01491478,0.2182701677083969,29.260677337646484,-1.2839491367340088
73.36667,-153.6833,2005,7,4,0.863695383,0.04306658,-1.635832787,28.41989899,-1.578332856,-0.096288067,0.115658082,7.903699875,4.327198982,10.767897605895996,116.52290309,0.04142596945166588,28.2004337310791,-1.4212573766708374
74.11667,-153.6167,2005,7,6,0.784837186,0.051600464,-1.564778447,28.10085869,-9.735821187,5.283946171,0.264156342,6.483875275,4.471594334,10.767897605895996,300.10522881,0.05151774361729622,27.620094299316406,-1.426836371421814
74.42833,-151.7333,2005,7,8,0.860711038,0.057469036,-1.605133295,28.20721054,3.788451478,8.253089339,0.209904596,5.9895401,4.507380009,10.767897605895996,312.6396342,0.05413735285401344,27.502107620239258,-1.445111870765686
74.57833,-151.935,2005,7,10,0.867848277,0.062550053,-1.601037025,28.02708817,0.045914931,4.234366491,0.267180353,6.026135445,4.475969791,10.767897605895996,264.3680747,0.06010676920413971,27.475208282470703,-1.4361015558242798
75.25617,-155.9067,2005,7,13,0.848280072,0.065137528,-1.633929253,28.28570747,-1.627811417,-1.487484854,0.337092966,7.427503109,4.322993279,10.767897605895996,454.2028606,0.062416523694992065,27.906558990478516,-1.4496345520019531
75.77667,-158.5267,2005,7,15,0.905844867,0.056661434,-1.596618533,28.62633514,-2.913337015,9.786325693,0.203624904,7.402886868,4.248102665,10.767897605895996,886.8650809000001,0.05339635908603668,28.193166732788086,-1.4552967548370361
75.99833,-160.6533,2005,7,16,0.920060277,0.060127608,-1.584207058,28.73994064,-3.502242267,2.549725771,0.17170471,7.683965206,4.208688736,10.767897605895996,492.96097508,0.06097596883773804,28.020687103271484,-1.4553775787353516
75.26333,-161.2,2005,7,20,0.941248596,0.091804124,-1.578863978,28.6258049,-4.122178257,-2.294202335,0.297448725,8.491866112,4.158535957,10.767897605895996,253.81915541,0.08612020313739777,27.773574829101562,-1.4632258415222168
74.30833,-159.9167,2005,7,21,0.905701101,0.145213321,-1.525989771,29.15073586,-6.759434193,0.412632665,0.491672516,8.322328568,4.080430031,10.767897605895996,45.754148056,0.1331908255815506,28.605974197387695,-1.2897804975509644
72.86333,-156.9733,2005,7,23,0.841178596,0.256067723,0.624853075,28.53493118,-7.685047388,3.290165216,0.550423205,3.30069685,2.82833147,10.767897605895996,120.01593183,0.27595964074134827,28.296226501464844,0.9721243977546692
63.071,3.65217,2005,7,29,0.0,0.496064723,13.42035389,34.42745972,10.34536511,1.491854899,24.97573853,0.408832699,0.0,10.767897605895996,0.0,0.45017877221107483,33.06672668457031,12.746344566345215
73.5017,19.3228,2005,8,12,0.0,0.37498486,7.733047009,35.14198685,-7.489796728,7.751134783,7.643548012,0.388312042,0.0,16.044084548950195,0.0,0.36823323369026184,34.0473518371582,7.479986190795898
70.9998,19.8985,2005,8,14,0.0,0.185542256,10.906394,34.40305328,7.63272047,2.182902209,3.065285683,0.013765358,0.0,10.799787521362305,0.0,0.21015013754367828,32.77260208129883,10.183638572692871
71.50886667,-156.8135167,2005,8,20,0.0,2.659528971,3.809672356,31.45828056,21.94556296,21.92709744,51.88156128,1.841098785,0.0,15.148077964782717,0.0,2.1942718029022217,30.212617874145508,3.6962716579437256
71.63205,-157.3373333,2005,8,21,0.0,1.747207165,2.394968748,30.65602303,-0.854621921,4.146834835,24.10315514,0.651885867,0.0,11.04145336151123,5724.87047,1.8151408433914185,29.807884216308594,3.5888707637786865
71.34475,-156.7140333,2005,8,22,0.0,2.557578802,2.722597361,31.18261719,26.20855272,27.52838135,41.4382019,1.272338629,0.0,10.807964324951172,3.801695011,2.514976739883423,29.8786678314209,2.7891764640808105
71.43383333,-156.8994833,2005,8,22,0.0,1.993831158,3.911230803,31.39870453,27.44664252,23.43837172,33.38356018,1.113368273,0.0,11.965106964111328,204.6729288,2.547872543334961,30.04878044128418,3.4150102138519287
71.44778333,-156.15685,2005,8,25,0.0,2.122409344,2.464727163,31.29133987,-8.420528471,-4.844865575,30.87713623,1.588853359,0.0,14.594769477844238,3782.1639109,2.152116298675537,29.46727752685547,1.0400476455688477
71.70506667,-155.8591667,2005,8,25,0.0,2.038281202,2.503544331,31.41210365,-12.97172159,0.435706694,28.67752647,1.442189813,0.0,15.762093544006348,2365.4983824,1.9456886053085327,30.624778747558594,2.4800424575805664
71.48566667,-155.7316667,2005,8,27,0.0,2.18043685,1.785734653,31.26821518,33.08782279,-1.77357085,36.94075775,1.433490157,0.0,11.043108940124512,640.50560434,2.18591570854187,29.718690872192383,0.9527344107627869
71.5886,-155.55605,2005,8,27,0.0,2.170162916,1.765162468,31.33656502,28.73654366,-2.896912582,36.91682053,1.532149315,0.0,11.383529663085938,341.0013853,2.05025577545166,29.863683700561523,1.7406725883483887
71.44571667,-155.4227333,2005,8,30,0.0,1.853726864,2.030105352,31.25997162,15.95090926,-1.606590301,30.09642792,2.487594843,0.0,17.243070602416992,2257.5478533,2.086355447769165,29.777074813842773,0.29155224561691284
71.61355,-155.29855,2005,8,30,0.0,1.93341589,1.70647788,31.24297333,11.49853766,-4.340844601,29.4591198,2.431232929,0.0,17.43495750427246,867.0283345,1.7952487468719482,30.356151580810547,1.9764153957366943
62.41125,-75.49627,2005,8,31,0.0,0.184988707,5.857419968,28.6698494,-3.043247573,2.996954136,2.020945549,0.009466909,0.0,10.767897605895996,4077.871866,0.0,0.0,0.0
71.64056667,-154.80065,2005,8,31,0.0,2.01680994,0.761369348,31.15496254,-5.030575022,-6.259065121,35.13498688,1.957472563,0.0,14.89702320098877,116.54202832,1.9765212535858154,30.41512680053711,1.0722547769546509
71.72518333,-154.6643833,2005,8,31,0.0,2.01680994,0.761369348,31.15496254,-5.030575022,-6.259065121,35.13498688,1.957472563,0.0,14.89702320098877,231.4901628,2.056748628616333,30.251760482788086,0.8054177761077881
71.80245,-154.5178667,2005,8,31,0.0,2.069046259,0.740706801,31.24954033,-4.88287881,-4.901017249,33.91196442,1.538579702,0.0,14.70809841156006,1447.3551482,1.9280914068222046,30.112348556518555,0.7512785196304321
64.36752,-80.54628,2005,9,1,0.0,0.369467854,2.212694883,30.31695175,3.562552854,-8.937022835,3.131121874,0.01702046,0.0,10.767897605895996,3524.8041758,0.37017422914505005,28.72005844116211,2.294001579284668
64.36848,-80.53958,2005,9,1,0.0,0.369467854,2.212694883,30.31695175,3.562552854,-8.937022835,3.131121874,0.01702046,0.0,10.767897605895996,4375.7559947,0.37017422914505005,28.72005844116211,2.294001579284668
64.36868,-80.54055,2005,9,1,0.0,0.369467854,2.212694883,30.31695175,3.562552854,-8.937022835,3.131121874,0.01702046,0.0,10.767897605895996,178.36754591,0.37017422914505005,28.72005844116211,2.294001579284668
71.40428333,-155.1407833,2005,9,1,0.0,1.954888225,1.351262569,31.22530556,20.86679637,-5.805797502,24.46210098,2.234158516,0.0,15.49427890777588,635.3780457,1.7998837232589722,29.861608505249023,0.2594143748283386
60.83872,-90.00207,2005,9,3,0.0,0.115937769,10.06618309,30.91868591,-1.548691094,-5.076278374,1.083739877,0.004078203,0.0,10.90260887145996,1359.295426,0.11288321018218994,29.58501625061035,9.546916961669922
60.83898,-90.00268,2005,9,3,0.0,0.115937769,10.06618309,30.91868591,-1.548691094,-5.076278374,1.083739877,0.004078203,0.0,10.90260887145996,272.9566769,0.11288321018218994,29.58501625061035,9.546916961669922
60.9169,-91.7741,2005,9,3,0.0,0.14376992,10.23767567,31.1991272,-0.035803983,0.378929428,0.98469317,0.003269482,0.0,11.745612144470217,,0.13157404959201813,29.837766647338867,10.213074684143066
60.9173,-91.7741,2005,9,3,0.0,0.14376992,10.23767567,31.1991272,-0.035803983,0.378929428,0.98469317,0.003269482,0.0,11.745612144470217,549.3881553,0.13157404959201813,29.837766647338867,10.213074684143066
60.91742,-91.7751,2005,9,3,0.0,0.14376992,10.23767567,31.1991272,-0.035803983,0.378929428,0.98469317,0.003269482,0.0,11.745612144470217,957.2435124,0.13157404959201813,29.837766647338867,10.213074684143066
60.66195,-87.46292,2005,9,4,0.0,0.151874587,9.852966309,31.44470978,0.493787369,5.09002991,1.580714345,0.005893801,0.0,12.953405380249023,2046.0640059,0.15393391251564026,30.317136764526367,9.654645919799805
60.66213,-87.46528,2005,9,4,0.0,0.151874587,9.852966309,31.44470978,0.493787369,5.09002991,1.580714345,0.005893801,0.0,12.953405380249023,1078.805417,0.15393391251564026,30.317136764526367,9.654645919799805
60.52022,-84.96915,2005,9,5,0.0,0.34365046,9.095484734,29.63628197,3.059879504,16.15106612,4.837191105,0.049174633,0.0,11.046116828918455,,0.33049729466438293,28.298141479492188,8.662242889404297
71.50018333,-154.6551667,2005,9,6,0.0,1.571615338,2.417640924,30.97369957,12.86861748,-3.444318846,29.38516045,2.111256838,0.0,13.196767807006836,164.57104256,1.5126371383666992,29.80306625366211,2.337960958480835
71.55231667,-154.5689333,2005,9,6,0.0,1.610326767,2.016786337,30.95422935,10.85202247,-5.09583056,29.70114899,1.929264069,0.0,13.105839729309082,316.57866833,1.5126371383666992,29.80306625366211,2.337960958480835
71.819,-154.1037,2005,9,6,0.0,1.605435014,0.799114823,31.02074242,8.002058417,-2.390600368,26.39868927,1.61520052,0.0,10.97784423828125,309.02062379999995,1.549040675163269,29.692665100097656,1.1908742189407349
60.25498,-80.49772,2005,9,7,0.0,0.281942964,8.398352623,29.15757751,-6.044583768,-4.621737078,2.111805916,0.007070907,0.0,10.767897605895996,272.9566769,0.272564172744751,27.805028915405273,7.978118419647217
62.36648,-70.93302,2005,9,8,0.0,0.408061683,3.303870678,30.18808556,2.063876577,-4.190049693,3.69427371,0.02869498,0.0,10.767897605895996,9543.4365486,0.4189753234386444,28.813119888305664,3.1239285469055176
62.44833,-70.76792,2005,9,8,0.0,0.708294392,2.875964403,31.05156326,-16.4002195,6.665693223,7.033580303,0.070031717,0.0,11.146907806396484,6343.40828,0.4189753234386444,28.813119888305664,3.1239285469055176
62.4494,-70.77673,2005,9,8,0.0,0.708294392,2.875964403,31.05156326,-16.4002195,6.665693223,7.033580303,0.070031717,0.0,11.146907806396484,6598.0956841,0.4189753234386444,28.813119888305664,3.1239285469055176
62.44995,-70.78265,2005,9,8,0.0,0.708294392,2.875964403,31.05156326,-16.4002195,6.665693223,7.033580303,0.070031717,0.0,11.146907806396484,730.6072253,0.4189753234386444,28.813119888305664,3.1239285469055176
62.5148,-70.54575,2005,9,8,0.0,0.614968181,2.788872242,31.13788414,-14.54958916,2.570551075,5.681032658,0.041222483,0.0,11.681416511535645,4315.214462,0.7883976101875305,29.664104461669922,2.7365825176239014
71.31741667,-154.3911667,2005,9,8,0.0,1.82662189,1.675778031,31.02153397,8.550237119,-6.036438793,26.44076729,2.435756207,0.0,16.604114532470703,28.88293829,1.758865475654602,30.090412139892578,1.6263270378112793
71.4339,-154.2065,2005,9,8,0.0,1.754740953,1.850549936,30.93444061,7.226128131,-6.637047231,27.01229095,1.666034698,0.0,11.251824378967283,10.85642188,1.756737232208252,29.970239639282227,1.6303129196166992
71.54916667,-154.0409167,2005,9,8,0.0,1.777382493,1.317571878,30.9895649,6.014087796,-7.215024531,26.8728714,1.648944139,0.0,10.924752235412598,10.709432683,1.6775652170181274,29.562040328979492,1.7697981595993042
71.80001,-153.5406833,2005,9,8,0.0,1.617809057,0.688300669,31.20568085,4.861190543,-1.923705265,21.32711411,1.363330007,0.0,10.767897605895996,418.39933302,1.6139434576034546,29.627347946166992,0.8159084916114807
61.90742,-71.85752,2005,9,9,0.0,0.156877682,3.672593594,29.7187252,5.772180483,-4.00849022,1.288973927,0.006490646,0.0,10.767897605895996,679.6593231,0.16975060105323792,28.100513458251953,4.015795707702637
61.9075,-71.86078,2005,9,9,0.0,0.156877682,3.672593594,29.7187252,5.772180483,-4.00849022,1.288973927,0.006490646,0.0,10.767897605895996,1373.4603797,0.16975060105323792,28.100513458251953,4.015795707702637
61.90765,-71.85645,2005,9,9,0.0,0.156877682,3.672593594,29.7187252,5.772180483,-4.00849022,1.288973927,0.006490646,0.0,10.767897605895996,365.30361264,0.16975060105323792,28.100513458251953,4.015795707702637
61.97778,-71.64862,2005,9,10,0.0,0.15539661,3.499346256,29.74022293,6.572949141,-2.689371631,1.147783041,0.006674234,0.0,10.767897605895996,453.0868653,0.1558554619550705,28.134624481201172,3.8698699474334717
61.97813,-71.64668,2005,9,10,0.0,0.15539661,3.499346256,29.74022293,6.572949141,-2.689371631,1.147783041,0.006674234,0.0,10.767897605895996,719.2096166,0.1558554619550705,28.134624481201172,3.8698699474334717
61.97883,-71.64943,2005,9,10,0.0,0.15539661,3.499346256,29.74022293,6.572949141,-2.689371631,1.147783041,0.006674234,0.0,10.767897605895996,226.5444335,0.1558554619550705,28.134624481201172,3.8698699474334717
62.19937,-71.27397,2005,9,10,0.0,0.208958954,2.975762129,30.01720619,4.532361031,-11.92797348,1.488472104,0.008561668,0.0,10.767897605895996,5186.126818,0.16716285049915314,28.35688591003418,3.239751100540161
62.20055,-71.2793,2005,9,10,0.0,0.208958954,2.975762129,30.01720619,4.532361031,-11.92797348,1.488472104,0.008561668,0.0,10.767897605895996,271.8517188,0.16716285049915314,28.35688591003418,3.239751100540161
62.20067,-71.27087,2005,9,10,0.0,0.208958954,2.975762129,30.01720619,4.532361031,-11.92797348,1.488472104,0.008561668,0.0,10.767897605895996,5034.423278,0.16716285049915314,28.35688591003418,3.239751100540161
71.18475,-155.1251833,2005,9,13,0.0,1.753925681,0.160931185,30.67806244,-20.83457261,6.766427308,15.85546303,0.2106089,0.0,12.644762992858888,53.33264658,1.7750709056854248,29.524192810058594,-0.2723546624183655
71.21831667,-155.4217,2005,9,13,0.0,1.873894095,-0.12580137,30.72319794,-16.24461412,8.002045006,16.84719467,0.247164786,0.0,12.0,0.0,0.0,0.0,0.0
71.24033333,-155.9542833,2005,9,13,0.0,2.008004904,-0.875166178,30.75621986,-6.765218824,6.389264762,17.18396378,0.126743674,0.0,12.0,10.020311512,0.0,0.0,0.0
71.25123333,-155.7029833,2005,9,13,0.0,1.961379886,-0.604814053,30.78816605,-10.789828,7.698980719,16.94391632,0.167540476,0.0,12.0,26.608933517,1.8803695440292358,29.506275177001953,-0.5775510668754578
71.35558333,-156.5358333,2005,9,13,0.0,2.060116291,-0.504742265,30.80570984,3.580144048,10.44664606,16.80893517,1.642305136,0.0,13.102598190307615,0.518349846,1.7120027542114258,30.36716651916504,0.43444958329200745
75.3138,28.0548,2005,9,15,0.0,0.360273331,5.7119174,34.76002884,-1.405482739,9.62799266,3.793771505,1.402015567,0.0,30.42369842529297,0.0,0.3834655284881592,34.192440032958984,5.629703998565674
75.8467,25.5322,2005,9,15,0.0,1.111054063,2.998967409,33.56507874,-6.159337983,0.129451789,8.446083069,2.667155504,0.0,15.047866821289062,124.3172443,1.0733630657196045,32.450252532958984,2.902099847793579
76.4207,25.2113,2005,9,16,0.0,0.994594693,1.556234241,33.51912689,-8.389843255,-8.831243962,5.13437748,1.248081326,0.0,13.201131820678713,100.3142792,0.8902596831321716,32.512325286865234,1.682145357131958
77.0072,30.0488,2005,9,16,0.0,0.728274524,3.621144772,34.27273178,3.510528803,-5.216726661,4.792729855,2.675699234,0.0,11.020809173583984,0.0,0.6913667321205139,32.75477981567383,3.5690927505493164
76.9935,37.9535,2005,9,18,0.0,0.702258408,2.2708776,33.49988937,-1.744202338,-3.866861388,5.271636486,3.488519907,0.0,16.7354793548584,13726.454848,0.4682075083255768,32.9080696105957,3.1489710807800293
77.0457,35.3685,2005,9,18,0.0,0.945980132,2.843623877,33.76359558,-2.294351719,-1.077849977,7.317063808,3.230484247,0.0,21.03757095336914,997.2256944,0.8198797106742859,32.96113586425781,2.7760393619537354
78.7842,35.9725,2005,9,21,0.0,0.296360135,0.522872627,32.88708496,-5.401938781,9.056401998,1.057220101,3.969878912,0.0,17.705276489257812,13186.6097825,0.2824859023094177,31.87938690185547,0.4680972695350647
78.9638,33.0332,2005,9,22,0.0,0.288379163,-0.031351,32.8750267,-9.442100674,-5.58485426,1.475763202,4.680110455,0.0,17.1809024810791,346797.8609,0.27036887407302856,31.749784469604492,-0.1975497454404831
78.648,41.5702,2005,9,23,0.0,0.286635071,0.273483664,33.27129364,-3.566902503,-6.803862005,1.636314154,4.195230484,0.0,12.89670753479004,5135.86309,0.2933712899684906,31.903350830078125,0.13510429859161377
64.1343,1.2645,2005,10,16,0.0,0.451312095,8.064721107,34.82912827,18.55484247,8.587030321,6.248337269,4.402116299,0.0,50.45638275146485,0.0,0.35061144828796387,34.564266204833984,8.593255996704102
64.6678,0.00316667,2005,10,16,0.0,0.41035676,8.090812683,34.92679214,5.172612518,6.692440063,5.049406052,5.010081768,0.0,57.43287658691406,0.0,0.38974910974502563,34.47065353393555,7.849344253540039
63.0738,3.65717,2005,10,17,0.0,0.398342907,10.10024548,35.01404953,18.04773211,9.161552787,6.961268425,3.44459033,0.0,36.54391479492188,0.0,0.3646787703037262,34.61414337158203,9.977964401245117
63.1932,3.3965,2005,10,17,0.0,0.354506135,10.04718685,34.97787476,5.618195608,-1.230983436,5.837759972,3.311414003,0.0,43.48537063598633,0.0,0.3610520660877228,34.64274978637695,10.013440132141113
63.6642,2.3425,2005,10,17,0.0,0.377057135,9.635523796,34.92617035,5.154921114,5.136016756,5.398257732,3.551985741,0.0,44.757938385009766,0.0,0.3307618796825409,34.5643310546875,9.541854858398438
62.9565,3.9195,2005,10,18,0.0,0.407824755,10.14203644,35.03536987,18.68941635,11.96663231,5.917128563,3.424476624,0.0,38.1879768371582,0.0,0.37212836742401123,34.64008331298828,10.088895797729492
70.4997,20.0015,2005,10,22,0.0,0.218388841,8.714643478,34.54473114,-1.691812463,1.352950279,0.622650743,3.485501528,0.0,81.96855926513672,0.0,0.2019733190536499,31.989620208740234,8.017151832580566
73.5012,19.3428,2005,10,23,0.0,0.234187841,5.442910194,34.975811,-4.410718009,-3.957081586,0.514782369,2.898993015,0.0,87.55012512207031,0.0,0.1853174865245819,34.77722930908203,5.417316913604736
73.9975,19.2053,2005,10,24,0.0,0.2299328,2.412587404,34.5269165,-4.287247732,-1.463735383,0.458031833,2.516250134,0.0,64.06385040283203,0.0,0.16538429260253906,34.636905670166016,4.159943580627441
62.8357,4.17483,2006,1,21,0.0,0.113079272,8.461610794,35.18099594,30.89313507,14.73590434,0.109219469,8.694060326,0.0,179.49642944335938,0.0,0.0812244564294815,35.20033645629883,8.521210670471191
63.0718,3.65937,2006,1,21,0.0,0.072284035,8.461723328,35.29934311,18.56427938,5.325796828,0.047858078,10.0477705,0.0,249.28579711914065,0.0,0.06722021847963333,35.25398254394531,8.421977043151855
63.1898,3.39268,2006,1,21,0.0,0.074010007,8.272741318,35.24707031,7.751910388,-4.349751025,0.043272898,9.440491676,0.0,141.63711547851562,0.0,0.0717332512140274,35.24618148803711,8.400259971618652
63.3068,3.13388,2006,1,21,0.0,0.075330362,8.358572006,35.2706871,6.160994619,0.4055453,0.050731972,9.365401268,0.0,152.4517364501953,0.0,0.07587865740060806,35.169185638427734,8.241900444030762
63.4305,2.86467,2006,1,21,0.0,0.073988721,7.862445831,35.19141769,-0.070477714,0.795285776,0.057007376,9.441293716,0.0,102.1509017944336,0.0,0.07677560299634933,35.13532257080078,8.049066543579102
63.6638,2.33533,2006,1,21,0.0,0.073493414,7.612504959,35.22483826,9.695824236,4.652323946,0.065398201,9.53543663,0.0,188.3871917724609,0.0,0.07644793391227722,35.03068542480469,7.8824849128723145
63.8972,1.80745,2006,1,22,0.0,0.069037728,6.058528423,35.02783966,22.77242839,7.038529962,0.01597571,9.76270771,0.0,110.35294342041016,0.0,0.0712733045220375,34.96784973144531,6.914798259735107
64.3597,0.723167,2006,1,22,0.0,0.0711082,4.827036858,34.85623169,13.63761872,6.625260413,0.019896381,9.760115623,0.0,77.97128295898438,0.0,0.07764986157417297,34.640628814697266,4.764723300933838
73.4993,19.3422,2006,1,27,0.0,0.035119254,4.29996109,35.09719849,6.968346983,-0.125940493,0.0,7.80222559,0.0,145.97988891601562,0.0,0.033650800585746765,35.002742767333984,5.27847957611084
73.995,19.2177,2006,1,27,0.0,0.037395887,2.969591379,35.01029968,7.601094991,-2.772683464,0.0,8.163627625,0.0,123.04727172851562,0.0,0.03273875266313553,34.94850158691406,3.904499053955078
72.0008,19.6825,2006,1,28,0.0,0.031817369,6.411763668,35.0576973,10.26788279,-2.924826369,5.09e-06,7.374697208,0.0,136.7196807861328,0.0,0.031907472759485245,34.939491271972656,6.53068208694458
72.2367,27.36,2006,2,11,0.0,0.026896629,5.560096741,35.02892685,1.754740626,-8.325341344,0.006390051,8.181939125,0.0,171.3701934814453,0.0,0.027081044390797615,34.87336730957031,5.0679755210876465
72.2383,27.3817,2006,2,11,0.0,0.026665002,5.60243988,35.03512955,3.281968459,-11.13246307,0.005619862,8.304142952,0.0,177.98060607910156,0.0,0.027081044390797615,34.87336730957031,5.0679755210876465
72.2417,27.3617,2006,2,13,0.0,0.026925378,5.548135281,35.04100418,4.175371304,-10.56759134,0.009483306,8.184481621,0.0,186.0316467285156,0.0,0.027479909360408783,34.84917068481445,5.064260005950928
72.2483,27.3767,2006,2,13,0.0,0.026641458,5.57874155,35.04935074,5.18505238,-13.03851604,0.009304333,8.315475464,0.0,187.3917999267578,0.0,0.027479909360408783,34.84917068481445,5.064260005950928
72.2383,27.3567,2006,2,16,0.0,0.026943857,5.504431248,35.05411911,1.952559315,5.196987838,0.009029578,8.225982666,0.0,189.052001953125,0.0,0.02767883613705635,34.862518310546875,5.075324058532715
72.24,27.3783,2006,2,16,0.0,0.026691383,5.5101614,35.06360245,2.749824151,2.694376372,0.009091438,8.348913193,0.0,196.94952392578125,0.0,0.02767883613705635,34.862518310546875,5.075324058532715
72.24,27.3617,2006,2,20,0.0,0.028309856,5.420012474,35.04410553,7.263967395,-0.17311183,0.024495481,8.196020126,0.0,189.11260986328125,0.0,0.030728306621313095,34.853179931640625,5.115521430969238
72.2383,27.36,2006,2,26,0.0,0.031767208,5.345481396,35.03557968,-4.476938769,-11.25722677,0.036216084,8.226890564,0.0,189.97276306152344,0.0,0.03449390083551407,34.86861801147461,5.183039665222168
72.2417,27.3767,2006,2,28,0.0,0.032790191,5.297795773,35.04079056,-4.928424582,-2.699199319,0.042474993,8.346758842,0.0,196.94952392578125,0.0,0.0376046858727932,34.84576416015625,5.053875923156738
72.24,27.36,2006,3,5,0.0,0.041988716,5.469851971,35.02231979,14.4509986,1.023336686,0.102862261,8.243790627,0.0,210.0218811035156,0.0,0.048624105751514435,34.82936477661133,5.274259090423584
72.24,27.3783,2006,3,5,0.0,0.040740803,5.468691826,35.03868484,15.54184556,-2.141145431,0.099443071,8.334104538,0.0,213.2633514404297,0.0,0.048624105751514435,34.82936477661133,5.274259090423584
73.9987,19.1985,2006,3,12,0.0,0.106246069,0.843253195,34.78262711,11.86823323,-2.867809124,0.338686138,8.996450424,0.0,72.69992065429688,0.0,0.06627893447875977,34.95494842529297,4.604216575622559
73.5047,19.3193,2006,3,13,0.0,0.072240092,5.930358887,35.17295837,10.94719619,2.838050388,0.108353883,9.605428696,0.0,139.2494354248047,0.0,0.07150501757860184,35.044403076171875,5.888994216918945
70.5037,20.0058,2006,3,15,0.0,0.287929624,5.700656891,34.76489639,4.515745863,-8.530410379,0.808263302,5.916881561,0.0,160.73870849609375,0.0,0.2689781188964844,33.44149398803711,5.522749900817871
72.2367,27.3633,2006,3,19,0.0,0.090439588,5.056364536,34.99900436,-2.498825639,-5.817367509,0.276674986,8.488488197,0.0,192.45071411132807,0.0,0.10166756808757782,34.917572021484375,5.3065009117126465
72.2417,27.3717,2006,3,19,0.0,0.090439588,5.056364536,34.99900436,-2.498825639,-5.817367509,0.276674986,8.488488197,0.0,192.45071411132807,0.0,0.10166756808757782,34.917572021484375,5.3065009117126465
62.566,5.69983,2006,3,26,0.0,0.404983401,5.035333633,34.54250717,-0.522081275,5.7183709,8.400816917,4.408184528,0.0,45.27560043334961,0.0,0.3820314407348633,32.97066879272461,5.276230335235596
63.0987,6.23083,2006,3,27,0.0,0.51961416,6.31184721,34.81101608,2.49950923,5.591768771,5.700320721,5.283930779,0.0,79.07877349853516,0.0,0.5621058940887451,34.66884231567383,6.423999786376953
63.1002,6.7825,2006,3,27,0.0,0.598551929,6.129597187,34.85754013,2.363458276,6.519395113,14.33903217,4.941302299,0.0,44.049781799316406,0.0,0.5111069679260254,34.45606231689453,6.166421890258789
63.4173,6.60283,2006,3,27,0.0,0.462456465,7.732186794,35.16109848,-7.882900536,6.300062686,2.988735676,7.773703575,0.0,231.0267028808593,0.0,0.42691531777381897,33.78346252441406,7.211464881896973
63.7833,7.8065,2006,3,30,0.0,0.393279552,7.46585083,34.99842072,0.334612955,6.786033511,2.523943901,6.928586006,0.0,204.1105194091797,0.0,0.34789422154426575,34.916805267333984,7.464701175689697
64.0868,7.87717,2006,3,30,0.0,0.49737975,7.683018208,35.02345276,-0.78485962,6.197664514,3.12348485,7.92222023,0.0,234.58425903320312,0.0,0.49517765641212463,34.99000549316406,7.821122169494629
64.0848,8.8005,2006,3,31,0.0,0.412822634,5.664150238,34.58287811,0.368912821,4.85394001,9.456485748,5.686485291,0.0,58.77608871459961,32.00395354,0.36816346645355225,34.440425872802734,6.231537818908691
64.3383,8.6825,2006,3,31,0.0,0.377138287,6.458894253,34.75782013,2.360640839,6.029881164,2.916591644,6.481579304,0.0,98.5781478881836,0.0,0.36758795380592346,34.811058044433594,7.2621564865112305
63.6617,2.33767,2006,4,13,0.0,0.344879836,7.451100826,35.26058578,17.87946075,17.80420095,1.005979419,10.36760998,0.0,162.6821746826172,0.0,0.41456174850463867,35.20018768310547,7.675217151641846
63.9122,1.81217,2006,4,13,0.0,0.461135745,6.581537247,35.21226501,10.09612158,12.01298535,3.919058561,10.33857727,0.0,69.33082580566406,0.0,0.41808846592903137,35.030635833740234,6.827887058258057
64.1353,1.26367,2006,4,13,0.0,0.560512483,5.18565464,35.0157547,7.831766456,-3.853248805,6.232506752,10.09988213,0.0,15.414325714111328,0.0,0.44611236453056335,34.20674133300781,5.5618815422058105
64.666,-0.0666667,2006,4,13,0.0,0.703048766,4.608310699,34.93082047,1.514885388,-3.957667947,8.521162987,9.620092392,0.0,12.903870582580566,0.0,0.599324643611908,33.747928619384766,4.6535749435424805
63.3112,3.1375,2006,4,14,0.0,1.520952821,7.733741283,35.26510239,6.949952245,-5.825650692,10.54043102,7.096323967,0.0,92.63361358642578,0.0,0.9211745262145996,35.100059509277344,7.757116794586182
64.1468,3.704,2006,4,29,0.0,1.53265667,7.864020348,35.27994156,2.260308526,8.962218463,50.55564499,9.026759148,0.0,18.873310089111328,0.0,1.7763751745224,34.32395553588867,7.698289394378662
65.2522,2.99917,2006,4,30,0.0,1.227809906,7.918758392,35.25890732,1.911789551,29.45696115,29.84713364,7.628615856,0.0,13.43854522705078,0.0,1.182069182395935,33.781070709228516,7.152448654174805
65.8418,-0.9975,2006,4,30,0.0,0.351357639,4.633742332,34.97989273,2.37709526,8.218345046,7.729618549,6.80866766,0.0,33.1640510559082,0.0,0.3463042974472046,34.45234298706055,4.543605804443359
66.9163,1.489,2006,5,1,0.0,0.589167178,7.045367241,35.2154274,2.62593478,7.877460867,12.66504192,7.24325943,0.0,29.84406852722168,0.0,0.6112660765647888,34.429203033447266,7.008339881896973
66.9177,-1.00633,2006,5,1,0.0,0.289201558,4.846472263,35.03185654,-1.210460532,2.350883186,5.259031773,7.066540718,0.0,43.1390495300293,0.0,0.3058018386363983,34.5993766784668,4.280730247497559
66.9165,7.49817,2006,5,2,0.0,1.51397121,7.532718182,35.26385117,8.933868259,17.12090522,27.6272583,7.766568184,0.0,59.1080436706543,0.0,1.0737824440002441,35.02610778808594,7.573563575744629
66.9173,6.00083,2006,5,2,0.0,1.267327547,7.231701851,35.24123001,4.881790653,8.207746595,24.89526749,7.560266972,0.0,38.99913787841797,0.0,1.245124101638794,34.67128372192383,7.478193759918213
68.1138,8.91233,2006,5,3,0.0,1.379770041,7.265266418,35.19999695,6.070688367,8.847489953,24.00023842,7.802368164,0.0,33.024070739746094,0.0,1.268905758857727,34.6644172668457,7.12468147277832
62.3673,5.19883,2006,5,4,0.0,0.967557192,7.194155216,34.04813766,16.88425541,29.21332121,20.85124969,0.570472896,0.0,14.750959396362305,64.45586375,1.0829505920410156,33.13043212890625,6.779510974884033
62.4862,4.94517,2006,5,4,0.0,1.496935129,6.831370831,34.32792282,5.555950105,11.36970818,36.66794205,0.757124782,0.0,29.12080192565918,0.0,1.0927883386611938,33.11977767944336,6.678498268127441
62.6035,4.6925,2006,5,4,0.0,1.579036474,6.988379478,34.37494659,4.357140884,9.223682433,39.65458298,0.817767143,0.0,16.629051208496094,0.0,1.506333589553833,33.43302536010742,6.845381736755371
68.0838,3.16833,2006,5,4,0.0,0.836877108,6.470373154,35.13503265,18.75720769,12.60011047,17.25133705,7.708386898,0.0,26.366374969482425,0.0,0.7687198519706726,34.493221282958984,6.211524486541748
68.0907,6.00617,2006,5,4,0.0,0.953508496,6.773729801,35.1809082,11.43553108,5.112637952,18.89255333,7.451289654,0.0,27.256595611572266,0.0,0.9341472387313843,34.535728454589844,6.627984046936035
62.7205,4.43,2006,5,5,0.0,1.776981831,7.931362152,34.7355423,25.89757144,23.4293431,49.56060028,2.310370922,0.0,10.767897605895996,0.0,1.3543815612792969,33.142356872558594,6.978399753570557
62.8377,4.1735,2006,5,5,0.0,1.86782515,8.165820122,34.92287445,29.82299924,22.53410816,51.73576736,3.125897169,0.0,11.182217597961426,96.01186016,1.9172602891921997,33.661380767822266,8.05673599243164
68.078,-2.6705,2006,5,5,0.0,0.331959516,4.448972702,35.05031586,1.064990554,11.31710187,5.7739048,7.155776501,0.0,64.567626953125,0.0,0.288234144449234,34.77729034423828,4.376351833343506
68.0843,-0.00133333,2006,5,5,0.0,0.29723689,5.469127178,35.04229736,9.727908671,8.779307455,5.550309658,7.27373457,0.0,39.87887573242188,0.0,0.2898409068584442,34.60844802856445,5.375669002532959
63.6648,2.33667,2006,5,6,0.0,2.565444231,8.195732117,35.29320908,18.10179502,28.48247588,51.13773346,6.795435429,0.0,25.44220542907715,0.0,2.3285956382751465,34.562400817871094,8.305323600769043
63.8983,1.8015,2006,5,6,0.0,2.384346724,7.790653706,35.22821808,3.009595536,1.859938912,47.83150101,7.404009819,0.0,25.75045394897461,0.0,2.491978168487549,34.583229064941406,7.750988960266113
64.1357,1.26217,2006,5,6,0.0,2.192852974,6.928853512,35.14603424,14.72934484,11.53131351,41.24200821,7.645666122,0.0,28.538780212402344,0.0,2.3169844150543213,34.628021240234375,7.57883358001709
68.0905,-4.9875,2006,5,6,0.0,0.392922133,3.967084885,35.01391602,9.16845575,9.111653268,6.765233994,7.535990715,0.0,46.16912078857422,0.0,0.37377557158470154,34.63577651977539,3.8983471393585205
68.8345,-4.99717,2006,5,6,0.0,0.283659011,3.6375072,35.06661606,7.8898862,10.46587378,4.653785706,7.244658947,0.0,64.8178939819336,0.0,0.25710156559944153,34.79618835449219,3.589674472808838
69.664,-4.9985,2006,5,6,0.0,1.805401564,4.524231911,35.08874893,5.7761278,-0.285952585,19.9271431,7.784088612,0.0,28.61260414123535,0.0,0.8105148673057556,34.60440444946289,3.7244250774383545
69.6753,-2.061,2006,5,6,0.0,0.702033401,4.582766533,35.09944534,10.99754721,3.28537561,9.869044304,7.935678482,0.0,39.653133392333984,0.0,0.4420592486858368,34.71144104003906,4.493616580963135
64.3702,0.728333,2006,5,7,0.0,2.181464434,7.777962208,35.22879791,9.02672112,-0.711314986,51.95241928,7.314386845,0.0,11.47413158416748,0.0,2.0566461086273193,33.65859603881836,7.185669898986816
64.6682,0.00116667,2006,5,7,0.0,1.933952808,5.948796272,34.96111679,1.300606038,1.544314343,44.19178772,6.993534088,0.0,10.999391555786133,0.0,1.9438104629516602,33.421966552734375,5.7542829513549805
69.6288,3.9725,2006,5,7,0.0,0.316910028,6.648783207,35.17457581,19.07097548,-2.017373778,6.999289989,7.500287533,0.0,24.28211212158203,0.0,0.3313957154750824,34.38352584838867,6.556642532348633
69.6573,1.19133,2006,5,7,0.0,0.378544301,6.243341923,35.15414429,3.590610623,5.419292301,7.630908012,7.637257099,0.0,32.73569869995117,0.0,0.3779178261756897,34.58572006225586,6.281472682952881
69.6642,6.99733,2006,5,8,0.0,0.304329127,7.067566872,35.19528198,-11.57981902,-17.92867184,7.565372944,7.229157925,0.0,22.275049209594727,0.0,0.2729739844799042,34.08948516845703,6.869822025299072
69.6673,10.0023,2006,5,8,0.0,1.432545304,7.125449181,35.19023132,12.95871735,-14.86547291,30.41775894,6.71996212,0.0,22.88904190063477,0.0,1.552992820739746,34.32301712036133,7.041552543640137
69.651,12.9907,2006,5,9,0.0,1.219367027,7.559275627,35.16056442,1.500370912,-2.881615981,25.3379364,6.628911495,0.0,19.91482734680176,0.0,0.9288728833198547,34.24068069458008,7.447210311889648
69.6655,15.9995,2006,5,9,0.0,2.679380417,7.614881992,35.03376007,17.68537611,23.69622439,51.1966095,4.664690018,0.0,16.360586166381836,0.0,2.4783310890197754,33.99336624145508,7.280003547668457
70.251,15.9153,2006,5,11,0.0,1.893626094,7.605418682,35.05135727,-5.800640956,12.65110373,23.89674377,6.094618797,0.0,20.34075164794922,0.0,1.887656569480896,34.238014221191406,7.369850158691406
70.8322,13.9357,2006,5,11,0.0,1.343970418,7.282466412,35.1254425,-16.42891616,6.143474579,15.11651421,6.525126457,0.0,30.41643142700196,0.0,1.249409794807434,34.508544921875,7.125332355499268
70.8295,6.00717,2006,5,12,0.0,0.346591502,6.201172829,35.17333221,3.388195857,8.372467011,6.073290825,7.42935276,0.0,43.36845016479492,0.0,0.3267754316329956,34.76768112182617,6.126733303070068
70.841,10.0037,2006,5,12,0.0,0.512729287,7.074671745,35.14126587,-6.913792342,8.751865476,7.795989513,7.32833147,0.0,42.30353927612305,0.0,0.45864856243133545,34.72597885131836,6.98699951171875
70.3323,-4.99617,2006,5,13,0.0,0.789842129,3.851565123,34.92012024,-5.488357693,-18.50736439,9.898493767,6.926860332,0.0,31.03985023498535,0.0,0.7772971987724304,34.36043930053711,3.798696756362915
70.8337,-1.81417,2006,5,13,0.0,0.538194358,4.2105546,34.9155426,0.783430785,-1.930250786,6.960469723,7.278659344,0.0,32.64991760253906,0.0,0.5437552332878113,34.401092529296875,4.188634872436523
70.8368,2.00533,2006,5,13,0.0,0.257217079,6.438185692,35.16397858,-2.772455849,-1.445582509,4.166110039,7.295066357,0.0,47.89848709106445,0.0,0.24891945719718933,34.796749114990234,6.355482578277588
70.334,-8.00167,2006,5,14,0.0,0.343909591,2.190226078,34.84680939,0.051191746,-4.514097422,5.138922691,6.838117599,0.0,36.43171310424805,0.0,0.32471612095832825,34.43391418457031,1.9257856607437134
70.3342,-11.992,2006,5,14,0.0,0.306747347,0.979317069,34.66521072,-6.670369208,-4.464426637,5.731749535,6.833118916,0.0,15.735881805419922,0.0,0.2970450222492218,33.567771911621094,0.9749631881713867
71.3002,-9.8745,2006,5,14,0.0,1.336285353,1.198747516,34.8572464,-4.4695355,-5.809598789,15.82755566,6.139298916,0.0,32.287681579589844,0.0,0.9132130146026611,34.41573715209961,1.1749179363250732
71.4993,-1.99767,2006,5,15,0.0,0.703544378,4.447581768,35.09708405,13.27569485,-7.100974023,8.947116852,6.696224213,0.0,32.464500427246094,0.0,0.3194221556186676,35.0397834777832,5.464467525482178
71.501,-5.005,2006,5,15,0.0,0.791326821,1.63912189,34.85230637,-3.474983945,-4.588538781,9.488097191,6.844058037,0.0,39.310340881347656,0.0,0.6975303888320923,34.431461334228516,1.4889228343963623
71.6698,1.0045,2006,5,16,0.0,0.667784393,4.990640163,35.04251099,-5.431650952,-1.040532533,7.425127983,6.803514481,0.0,38.51085662841797,0.0,0.5967696905136108,34.8003044128418,4.848349571228027
72.5007,1.00083,2006,5,16,0.0,0.644125581,2.947578192,35.00017548,1.182957087,-4.345549271,7.279488564,6.804299355,0.0,40.3317985534668,0.0,0.6053270101547241,34.56766891479492,2.9052345752716064
73.501,2.99983,2006,5,17,0.0,0.818826497,1.967196941,34.89411163,-3.153754398,-6.602310389,8.275668144,6.922832489,0.0,31.94385528564453,0.0,0.8027456998825073,34.33449172973633,1.7461892366409302
73.5013,7.51733,2006,5,17,0.0,0.6513201,4.734414577,35.10189056,-2.77264677,4.374904186,7.909881115,6.921052456,0.0,58.25658416748047,0.0,0.5544079542160034,34.79887771606445,4.668364524841309
74.4985,1.00483,2006,5,17,0.0,1.034231067,0.280655205,34.73445892,-1.761340536,-6.547128409,8.800923347,7.239017487,0.0,33.23696517944336,515.6469098,0.8796730041503906,34.251827239990234,0.42109811305999756
74.4992,0.00466667,2006,5,17,0.0,1.145581365,0.147266656,34.69721603,-2.00927183,-7.643128932,9.917881966,7.269196033,0.0,31.041690826416016,145.0256934,0.8587927222251892,34.272560119628906,0.20714400708675385
74.4993,-1.00183,2006,5,17,0.0,1.074480176,0.072334774,34.75511932,-2.268268354,-3.200128675,9.425713539,7.293386936,0.0,29.50950050354004,0.0,0.8212803602218628,34.412200927734375,0.08659305423498154
72.5003,5.00683,2006,5,18,0.0,0.375929326,3.806284428,34.89089203,3.376191109,-6.095538288,5.59162569,7.194953918,0.0,27.661664962768555,0.0,0.3678385615348816,34.264305114746094,3.741865873336792
72.503,7.496,2006,5,18,0.0,0.351734161,5.448000908,35.21306992,2.848009393,-3.018937446,6.025698185,7.378430843,0.0,200.41189575195312,0.0,0.21313676238059998,35.059200286865234,5.406351089477539
71.5022,11.9818,2006,5,19,0.0,1.450578451,6.651767731,35.18274307,2.409755066,3.194157779,25.6926136,6.116074562,0.0,51.33968734741211,0.0,0.9698570966720581,34.91070556640625,6.426751613616943
71.5023,8.02167,2006,5,19,0.0,0.359084964,5.521291256,35.2191391,-3.357264027,-9.583188593,6.635249138,7.18656826,0.0,67.91498565673828,0.0,0.265137642621994,34.94740295410156,5.3631815910339355
71.5062,4.99983,2006,5,19,0.0,0.260682046,6.369325638,35.18406296,-10.36584228,8.510042727,5.028923988,7.275287151,0.0,56.25569152832031,0.0,0.24715586006641388,34.844566345214844,6.1876540184021
73.4998,19.3335,2006,5,19,0.0,1.923227787,5.812882423,35.0740509,-0.799794123,-2.909999341,31.08805466,4.681615353,0.0,36.96079635620117,64.45586384,1.576512336730957,34.807674407958984,5.901477813720703
74.0003,19.2173,2006,5,19,0.0,1.81181109,3.945111275,34.77670288,5.825494975,2.267411351,29.57973671,4.16296196,0.0,12.34554672241211,3493.8064127,1.7948213815689087,33.46406173706055,3.6651763916015625
70.7497,18.1708,2006,5,20,0.0,1.831935167,6.531373024,34.69791031,-4.598430172,2.170893736,33.30632782,3.00571084,0.0,21.96836471557617,0.0,2.0294721126556396,33.82574462890625,6.363127708435059
71.5015,16.0033,2006,5,20,0.0,2.16375947,6.742399693,34.90032196,-10.42314842,10.05787775,33.5118103,5.5358634,0.0,42.00480270385742,193.3675912,1.8568267822265625,34.48601531982422,6.648639678955078
71.999,19.688,2006,5,20,0.0,1.661164999,6.296548843,35.11982727,-7.01822415,2.163785137,24.86327553,5.226688862,0.0,30.86690902709961,0.0,1.6375292539596558,34.549259185791016,6.382272243499756
72.6658,17.9102,2006,5,23,0.0,1.383488655,6.324429035,35.14062881,-4.585506767,9.433695674,16.11183548,6.026898861,0.0,81.40478515625,0.0,1.3730272054672241,34.54240798950195,6.270690441131592
71.2525,11.0162,2006,5,24,0.0,1.402513623,7.220859528,35.18677139,2.137436345,0.94960751,26.29018974,6.385288239,0.0,10.960018157958984,0.0,1.3417969942092896,33.58148956298828,6.864220142364502
72.6665,12.4883,2006,5,24,0.0,1.504208446,6.668657303,35.12112045,-3.376479447,5.516201258,26.28201294,6.231250763,0.0,10.87176513671875,0.0,1.3377660512924194,33.493797302246094,6.5114030838012695
73.2498,19.0,2006,5,25,0.0,1.752015829,6.419155121,35.17615128,-12.21911684,-0.944500603,19.3143425,5.856226921,0.0,47.19980239868164,0.0,1.657965064048767,34.741615295410156,6.686845302581787
73.2512,15.0005,2006,5,25,0.0,1.60912323,6.621006012,35.01503754,-2.179692313,13.50036114,21.36514664,5.473229408,0.0,33.09264373779297,0.0,1.572529673576355,34.48596954345703,6.512550354003906
73.8357,19.0043,2006,5,25,0.0,1.589997649,5.500754833,35.10190201,8.71251002,9.778730571,15.0970974,4.820031643,0.0,35.41926574707031,0.0,1.5666929483413696,34.606101989746094,5.407649517059326
73.8363,14.9923,2006,5,26,0.0,1.641220808,6.127633095,35.04098892,-6.295555085,4.648794234,17.94989204,5.340865612,0.0,39.42531204223633,0.0,1.5984545946121216,34.51922607421875,6.263343811035156
74.6657,11.9118,2006,5,26,0.0,0.614962935,5.3177495,35.14134216,-6.162426248,13.42214495,8.749881744,7.195502281,0.0,42.61164855957031,0.0,0.6679441332817078,34.64509582519531,5.420827388763428
74.6707,15.011,2006,5,26,0.0,1.308808804,6.039422035,35.14440155,-13.23151439,12.30111569,12.42039108,6.848027706,0.0,79.02322387695312,0.0,1.2383455038070679,34.89708709716797,5.786746501922607
71.998,9.2505,2006,5,27,0.0,0.992442429,6.508570671,35.16963959,16.65800661,-2.803645097,16.83346558,6.457342625,0.0,10.767897605895996,0.0,0.9862329363822937,33.549072265625,6.434140205383301
72.9972,9.24233,2006,5,27,0.0,0.852257788,5.375949383,35.09073639,0.942797959,-15.2794674,13.41041183,6.793273449,0.0,11.018918991088867,0.0,0.734910249710083,33.54808044433594,5.79098653793335
73.8338,11.9242,2006,5,27,0.0,0.906309009,6.033032894,35.13835526,4.083162174,13.013345,14.61294937,6.910716534,0.0,16.67279624938965,0.0,0.8441147208213806,33.9351692199707,5.587575912475586
73.835,9.242,2006,5,27,0.0,0.481729805,5.714864254,35.12559891,0.006893315,8.259278536,8.052425385,7.040507793,0.0,12.164755821228027,0.0,0.3927815854549408,33.622520446777344,5.426819801330566
70.8315,9.238,2006,5,28,0.0,0.591037631,7.450139046,35.15839386,2.379675955,4.695532098,12.73846722,6.711143494,0.0,10.767897605895996,0.0,0.555117666721344,33.53581619262695,6.933311939239502
71.9963,19.6708,2006,6,17,0.0,1.077988148,7.378920078,35.0996933,11.85157076,-7.544183731,21.07411575,3.207161903,0.0,11.51611042022705,0.0,0.8323286771774292,33.69116973876953,7.334156513214111
73.5017,19.332,2006,6,18,0.0,1.388663173,6.868026733,35.06922913,3.322596475,5.60239628,26.53832626,2.879860401,0.0,13.167835235595703,0.0,1.3292860984802246,33.7375602722168,6.586724281311035
73.999,19.2138,2006,6,18,0.0,1.58766818,4.627773762,34.88827515,16.80776775,3.609362617,32.74440384,0.803878963,0.0,19.41004180908203,0.0,1.2549238204956055,34.41558837890625,6.24212121963501
62.3653,5.196,2006,7,22,0.0,0.327982754,15.06020737,32.97828293,-4.723370448,-0.328763528,16.97562218,1.342460155,0.0,10.767897605895996,0.0,0.19386881589889526,31.5257511138916,13.767719268798828
62.9582,3.913,2006,7,23,0.0,0.281069934,13.87983799,35.13400269,6.57440871,6.513042748,16.40149879,0.690202832,0.0,10.767897605895996,0.0,0.28301969170570374,33.33235549926758,13.06838607788086
64.1392,1.25933,2006,7,24,0.0,0.329146832,12.09476089,35.1747551,-2.757753618,16.10076576,11.24183846,2.798164368,0.0,10.767897605895996,0.0,0.30803802609443665,33.56772232055664,11.59736442565918
68.5805,13.5883,2006,8,15,0.0,0.153319404,11.80409431,34.50423813,-3.293729201,4.526220635,2.929553986,0.00565108,0.0,13.140907287597656,0.0,0.1482948362827301,33.19203567504883,11.350695610046387
73.054,16.3843,2006,8,20,0.0,0.291273534,8.343103409,35.07014465,13.89439404,-4.630000517,4.392448425,2.136713028,0.0,24.59598731994629,0.0,0.29152849316596985,34.348243713378906,8.164210319519043
73.7475,17.8508,2006,8,21,0.0,0.269580901,7.396602154,34.74309158,11.851044,-8.073936403,3.914121866,2.004981995,0.0,17.800989151000977,0.0,0.2593661844730377,33.95868682861328,7.862617492675781
71.4165,-156.4941,2006,8,22,0.0,2.329578638,0.075843111,30.98729515,15.98777473,8.489280939,27.96855927,6.459627151,0.0,10.767897605895996,0.0,2.4491660594940186,29.072227478027344,0.14477799832820892
74.3178,17.383,2006,8,22,0.0,0.31346485,7.067758083,34.86045837,4.902554676,-8.617021143,5.88789463,1.107488155,0.0,12.434727668762209,0.0,0.28802940249443054,33.574195861816406,6.938350200653076
71.50248333,-156.8483167,2006,8,24,0.0,2.535522461,0.623097062,31.00053215,22.72011787,19.12191361,36.79055023,5.086969376,0.0,10.767897605895996,1406.1148858,1.897306203842163,29.174211502075195,0.5892754197120667
74.438,19.481,2006,8,27,0.0,0.141712725,5.765267849,34.28313446,-0.186440011,3.160364926,1.247889042,0.012309837,0.0,10.767897605895996,0.0,0.15644390881061554,32.94492721557617,5.8006792068481445
72.0013,19.6818,2006,8,28,0.0,0.267952859,9.478312492,34.97299194,-2.554625832,1.527978946,7.442203045,1.844512224,0.0,24.1787052154541,0.0,0.26825013756752014,34.28251647949219,9.285157203674316
73.498,19.3362,2006,8,28,0.0,0.289203644,7.588245869,34.78033066,4.933767393,3.860716522,6.003495216,0.092128292,0.0,10.83217430114746,0.0,0.31961947679519653,34.044376373291016,8.762054443359375
74.0042,19.2058,2006,8,28,0.0,0.242849663,6.153423786,34.65463257,-1.009289082,1.212854777,4.52853775,0.068520874,0.0,10.822745323181152,0.0,0.2667572498321533,33.135433197021484,6.131932735443115
71.45255,-155.7935833,2006,8,29,0.0,2.474325657,0.253043532,30.70008469,33.00155699,-2.090848982,33.55053711,6.184443474,0.0,10.767897605895996,0.0,2.719822883605957,29.36319351196289,-0.7000466585159302
71.63118333,-155.5421833,2006,8,29,0.0,2.511502981,0.189064592,30.67841911,19.54163313,11.70477122,33.98157501,6.030509472,0.0,10.767897605895996,927.8107869,2.31571626663208,29.383975982666016,-0.0006505743367597461
71.7284,-155.42845,2006,8,29,0.0,2.511502981,0.189064592,30.67841911,19.54163313,11.70477122,33.98157501,6.030509472,0.0,10.767897605895996,968.7854887,2.3744497299194336,29.43755340576172,-0.02028791978955269
61.90753,-71.8584,2006,8,30,0.0,0.110782109,4.359319687,30.64818382,1.883715391,-6.751602143,0.876381457,0.005903569,0.0,10.767897605895996,,0.12317319214344025,28.93610382080078,4.155989170074463
61.98273,-71.64213,2006,8,31,0.0,0.109325118,4.585629463,30.68283081,3.813958541,-5.88459149,0.865649521,0.006052537,0.0,10.767897605895996,1095.6835916,0.11963582038879395,28.960569381713867,4.234596252441406
61.98312,-71.64282,2006,8,31,0.0,0.109325118,4.585629463,30.68283081,3.813958541,-5.88459149,0.865649521,0.006052537,0.0,10.767897605895996,808.39979,0.11963582038879395,28.960569381713867,4.234596252441406
62.438,-70.75445,2006,9,1,0.0,0.273144841,4.26501894,31.49841309,7.238976657,1.877790689,3.115265846,0.032696061,0.0,10.767897605895996,8023.47621,0.13286647200584412,29.634092330932617,4.537006855010986
62.43975,-70.75122,2006,9,1,0.0,0.273144841,4.26501894,31.49841309,7.238976657,1.877790689,3.115265846,0.032696061,0.0,10.767897605895996,1349.5911079,0.13286647200584412,29.634092330932617,4.537006855010986
62.51193,-70.54733,2006,9,1,0.0,0.242495924,4.051883221,31.5887146,5.107923597,1.392223593,2.062343359,0.011318532,0.0,10.767897605895996,15171.89805,0.3169499933719635,30.070478439331055,3.8437469005584717
62.51215,-70.546,2006,9,1,0.0,0.242495924,4.051883221,31.5887146,5.107923597,1.392223593,2.062343359,0.011318532,0.0,10.767897605895996,7234.2085343,0.3169499933719635,30.070478439331055,3.8437469005584717
62.12253,-71.41575,2006,9,2,0.0,0.112578556,4.977971077,30.74417114,12.55733222,-3.670563549,0.737044156,0.004912887,0.0,10.767897605895996,6467.2524,0.11594134569168091,29.357519149780273,4.382252216339111
62.12277,-71.41653,2006,9,2,0.0,0.112578556,4.977971077,30.74417114,12.55733222,-3.670563549,0.737044156,0.004912887,0.0,10.767897605895996,6000.963716,0.11594134569168091,29.357519149780273,4.382252216339111
62.20047,-71.26793,2006,9,2,0.0,0.11049322,5.210951805,31.03381538,10.67163274,-1.818583161,0.706808507,0.005087802,0.0,10.767897605895996,1887.895127,0.11594134569168091,29.357519149780273,4.382252216339111
62.2019,-71.26903,2006,9,2,0.0,0.11049322,5.210951805,31.03381538,10.67163274,-1.818583161,0.706808507,0.005087802,0.0,10.767897605895996,3637.82898,0.11594134569168091,29.357519149780273,4.382252216339111
62.36433,-70.92268,2006,9,3,0.0,0.122408375,5.500946522,31.10510635,8.650708944,-4.150190204,0.739653111,0.004734731,0.0,10.767897605895996,539.3995158,0.12858735024929047,29.69256019592285,5.1207475662231445
62.36613,-70.925,2006,9,3,0.0,0.122408375,5.500946522,31.10510635,8.650708944,-4.150190204,0.739653111,0.004734731,0.0,10.767897605895996,7130.10608,0.12858735024929047,29.69256019592285,5.1207475662231445
71.38395,-156.2658667,2006,9,4,0.0,1.988044739,0.532108366,30.35850525,70.60060501,-0.627527619,27.06093025,5.792730808,0.0,10.767897605895996,10.905271759,2.1631994247436523,29.128469467163086,0.37123048305511475
71.39045,-156.1972167,2006,9,4,0.0,1.988044739,0.532108366,30.35850525,70.60060501,-0.627527619,27.06093025,5.792730808,0.0,10.767897605895996,398.4584138,2.2535455226898193,29.074689865112305,0.31485968828201294
71.39966667,-156.0883,2006,9,4,0.0,1.995182037,0.541470051,30.37434387,64.60697055,-1.996883191,28.64917755,5.712486744,0.0,10.767897605895996,194.3751303,2.2535455226898193,29.074689865112305,0.31485968828201294
71.44021667,-155.8004833,2006,9,4,0.0,1.986703634,0.535553455,30.34248924,57.46865869,-4.192483425,28.6511631,5.666439533,0.0,10.767897605895996,66.94256769,2.370999336242676,29.19618034362793,0.24659864604473114
64.3677,-80.54438,2006,9,5,0.0,0.738461792,5.594316006,31.47196388,8.804692328,-11.92932725,4.435411453,0.074926041,0.0,20.046615600585938,629.3026095,0.7787274718284607,30.654809951782227,5.338002681732178
64.36815,-80.53747,2006,9,5,0.0,0.738461792,5.594316006,31.47196388,8.804692328,-11.92932725,4.435411453,0.074926041,0.0,20.046615600585938,808.39457,0.7787274718284607,30.654809951782227,5.338002681732178
71.38326667,-156.2825833,2006,9,5,0.0,1.892918944,0.514733315,30.18629265,75.27918816,5.192713812,27.55583954,7.00279665,0.0,10.767897605895996,120.67698061,2.0833241939544678,29.099138259887695,0.47564804553985596
71.39368333,-156.3126,2006,9,5,0.0,1.892918944,0.514733315,30.18629265,75.27918816,5.192713812,27.55583954,7.00279665,0.0,10.767897605895996,158.4966859,2.0833241939544678,29.099138259887695,0.47564804553985596
71.40751667,-156.296,2006,9,5,0.0,1.892918944,0.514733315,30.18629265,75.27918816,5.192713812,27.55583954,7.00279665,0.0,10.767897605895996,162.5746498,2.0833241939544678,29.099138259887695,0.47564804553985596
71.30831667,-155.9747667,2006,9,6,0.0,2.296871424,0.869725049,30.23715019,7.44529292,-2.982170135,33.47486496,4.696394444,0.0,10.767897605895996,0.0,2.311999559402466,29.172636032104492,0.4582882523536682
71.3476,-155.8811,2006,9,6,0.0,2.296871424,0.869725049,30.23715019,7.44529292,-2.982170135,33.47486496,4.696394444,0.0,10.767897605895996,66.49373554,2.311999559402466,29.172636032104492,0.4582882523536682
71.38705,-155.8698333,2006,9,6,0.0,1.787685513,0.591537535,29.88510132,64.37625885,-2.96898149,23.3323288,7.258919716,0.0,10.767897605895996,0.0,2.311999559402466,29.172636032104492,0.4582882523536682
71.41288333,-155.84165,2006,9,6,0.0,1.787685513,0.591537535,29.88510132,64.37625885,-2.96898149,23.3323288,7.258919716,0.0,10.767897605895996,0.0,2.311999559402466,29.172636032104492,0.4582882523536682
71.46938333,-155.7812,2006,9,6,0.0,1.787685513,0.591537535,29.88510132,64.37625885,-2.96898149,23.3323288,7.258919716,0.0,10.767897605895996,322.53800831,2.311999559402466,29.172636032104492,0.4582882523536682
60.83782,-89.99987,2006,9,8,0.0,0.204284012,8.264345169,31.46335793,-3.960423544,-9.574475139,1.139153838,0.003195832,0.0,12.845992088317873,809.105414,0.19653896987438202,30.24011993408203,7.942719459533691
60.91385,-91.77662,2006,9,8,0.0,0.353401065,8.03966713,31.07939529,-3.835823387,-6.412444264,1.673481345,0.003050921,0.0,10.767897605895996,,0.3348608911037445,29.764619827270508,7.7285356521606445
60.5079,-84.99937,2006,9,9,0.0,0.149158433,8.419857979,30.85533905,1.947105676,0.629304675,1.46100986,0.014591807,0.0,21.03757095336914,,0.15771394968032837,30.121999740600586,8.219742774963379
60.33565,-82.0179,2006,9,10,0.0,0.191598102,8.238201141,29.44613075,2.545333654,2.404082008,1.126007915,0.00429731,0.0,21.777565002441406,,0.16238796710968018,28.55988883972168,7.939929485321045
71.998,19.6793,2006,10,22,0.0,0.214362025,7.231430531,35.04296875,-4.524199665,-4.049484059,0.818237126,4.206219673,0.0,70.33977508544922,0.0,0.21846438944339752,34.711639404296875,7.311079025268555
73.4997,19.3295,2006,10,23,0.0,0.173118696,5.927519798,34.99358368,-4.243120179,9.585124999,0.412448883,3.293624878,0.0,45.56950759887695,0.0,0.17793086171150208,34.601356506347656,6.101239204406738
73.9967,19.2087,2006,10,23,0.0,0.172771111,3.12962389,34.6533432,-6.481755525,5.014758557,0.365531683,2.670430899,0.0,44.44536209106445,0.0,0.17950785160064697,34.577606201171875,4.737700462341309
62.9617,3.92233,2006,11,22,0.0,0.193575129,9.383563995,35.04966736,9.65487659,7.749517262,0.887716234,6.708944798,0.0,47.291748046875,0.0,0.19882015883922577,34.28411102294922,9.580777168273926
63.0717,3.66283,2006,11,23,0.0,0.200852573,9.236696243,35.04042816,7.802884281,11.29895523,0.608766854,6.744698524,0.0,44.89896011352539,0.0,0.19258230924606323,34.804203033447266,9.127793312072754
63.4273,2.87833,2006,11,23,0.0,0.157101229,9.10278511,34.87726212,-11.19649336,10.09061635,0.208392203,7.913660049,0.0,54.5853271484375,0.0,0.17317023873329163,34.86202621459961,9.101771354675293
64.3722,0.7295,2006,11,24,0.0,0.143382162,7.633090496,34.94661713,13.01517785,19.78871822,0.131110907,7.672826767,0.0,75.40412902832031,0.0,0.14301809668540955,34.72934341430664,7.520835876464844
64.6625,0.00933333,2006,11,24,0.0,0.140595153,7.656017303,35.0014801,-8.394058049,1.22995358,0.137970671,6.472934246,0.0,91.88140869140624,0.0,0.1384090781211853,34.763328552246094,7.5177178382873535
62.8385,4.17933,2007,1,11,0.0,0.227447018,8.728568077,34.47249985,53.35768461,28.13513279,0.198286682,5.569643974,0.0,28.18068122863769,0.0,0.2023710161447525,33.76231002807617,8.54278564453125
62.9578,3.91167,2007,1,12,0.0,0.070901819,8.717645645,35.10334015,30.10416925,10.07883549,0.060728386,9.714338303,0.0,50.96018981933594,0.0,0.13943998515605927,34.18340301513672,8.672548294067383
63.0747,3.65117,2007,1,12,0.0,0.066593617,8.699580193,35.18040466,23.5261932,1.584873162,0.063951418,9.850483894,0.0,72.2047119140625,0.0,0.060859546065330505,34.99135971069336,8.63625717163086
63.4252,2.85517,2007,1,12,0.0,0.074222185,8.362163544,35.23305893,11.02542058,-0.607332168,0.043437652,9.34810257,0.0,102.66189575195312,0.0,0.06464436650276184,35.04716873168945,8.60605525970459
63.8995,1.80383,2007,1,13,0.0,0.071646534,7.425247192,35.21274185,18.71080697,9.739004821,0.060265619,9.806897163,0.0,113.4852294921875,0.0,0.07222901284694672,35.100852966308594,7.807501316070557
71.9988,19.672,2007,1,19,0.0,0.032163311,6.739780903,35.0477066,-7.157557458,0.271884794,0.0,8.856998444,0.0,132.2069091796875,0.0,0.03626006841659546,34.73271179199219,6.753677845001221
73.5015,19.3493,2007,1,20,0.0,0.028938392,6.005158901,35.08644485,-5.278159678,-2.002857439,0.0,9.425517082,0.0,122.24100494384766,0.0,0.02875608205795288,34.94450378417969,5.9872026443481445
73.9947,19.205,2007,1,20,0.0,0.031177733,3.682563782,34.97068405,-0.49214894,-3.889877722,0.0,8.816234589,0.0,98.46326446533205,0.0,0.028719693422317505,34.8767204284668,5.658102035522461
73.4982,19.3203,2007,3,9,0.0,0.032868952,5.405693531,35.13923264,2.470479533,3.302709758,0.09900263,9.595050812,0.0,148.7989044189453,0.0,0.05369584262371063,35.02315139770508,5.318287372589111
74.0012,19.2053,2007,3,9,0.0,0.081080817,2.890132427,34.9441185,9.479291737,-1.370302495,0.201054513,8.952339172,0.0,85.5113296508789,0.0,0.07660715281963348,34.80912780761719,3.26901912689209
72.0033,19.6777,2007,3,10,0.0,0.048364241,5.922714233,35.0802002,6.285709143,-4.514146224,0.121964872,9.605079651,0.0,199.73287963867188,0.0,0.05448072403669357,34.99726486206055,5.982704162597656
62.367,5.20183,2007,3,20,0.0,0.592672348,6.387999535,34.12469101,-27.82407403,-45.80566883,11.95871544,4.741883755,0.0,20.59269523620605,0.0,0.5631306171417236,33.76838684082031,6.574779033660889
62.604,4.69467,2007,3,21,0.0,0.494618922,6.675410748,34.19779968,9.285718948,10.81037298,6.024833679,4.853525162,0.0,40.53464889526367,0.0,0.5083626508712769,33.879940032958984,6.687347888946533
62.8383,4.17367,2007,3,21,0.0,0.773494065,7.046316624,34.73066711,23.06016833,15.25254399,8.323015213,6.263432503,0.0,44.30268859863281,0.0,0.7643212080001831,34.43311309814453,7.052588939666748
70.5042,20.0058,2007,4,21,0.0,1.019049287,5.692862988,34.70124054,3.812350333,-1.013707556,5.995122433,6.284101486,0.0,160.73870849609375,0.0,0.7852737307548523,33.38311767578125,5.497702121734619
69.9467,9.57933,2007,4,22,0.0,0.861005962,5.562158585,35.19639969,4.912170395,3.988225013,2.60646081,9.377729416,0.0,212.97653198242188,0.0,0.6175757050514221,35.10508346557617,6.127166271209717
72.0032,19.6772,2007,4,22,0.0,0.358728886,5.846000671,35.08817673,6.644193083,-5.615640804,1.743083596,9.254660606,0.0,153.77886962890625,0.0,0.39487433433532715,34.96784591674805,5.932265281677246
73.5045,19.3332,2007,4,23,0.0,0.698232114,5.553893566,35.10407639,6.443095207,-4.962096736,3.48623848,9.310176849,0.0,123.83421325683594,0.0,0.6758935451507568,34.96630859375,5.528525352478027
68.4997,13.4993,2007,4,28,0.0,2.07945013,6.165098667,34.53475571,7.774656266,1.831540279,31.21966743,5.201311111,0.0,26.073110580444336,0.0,1.9135420322418213,33.859901428222656,5.9638991355896
65.7488,9.99833,2007,4,29,0.0,2.195099831,7.379889488,34.89614105,-2.242606506,2.203589864,34.03991699,5.34744215,0.0,34.90760803222656,512.0632561,2.107268810272217,34.25053787231445,7.247354030609131
65.7503,3.5005,2007,4,30,0.0,1.926168084,7.428579807,35.21441269,4.434425756,-7.944747806,34.06217575,7.403624058,0.0,28.417842864990234,0.0,1.6836645603179932,34.59453582763672,7.284677982330322
65.7485,-1.98083,2007,5,1,0.0,1.484372735,4.411563396,34.99343109,2.30686795,-0.248751882,28.07497215,7.451692104,0.0,11.685969352722168,0.0,1.371148705482483,33.29843521118164,3.9654226303100586
65.7487,-0.0035,2007,5,1,0.0,1.693483114,5.65119648,35.09153366,-4.06640619,9.337647259,32.09418869,7.450297832,0.0,30.04275131225586,0.0,2.113738536834717,33.72587966918945,4.4001145362854
65.7518,-4.0025,2007,5,1,0.0,0.631143868,4.208227634,34.93134308,3.594407439,1.991934143,12.12812996,6.813583374,0.0,10.767897605895996,0.0,0.5516393780708313,33.30683135986328,3.9226980209350586
65.75,-8.98217,2007,5,2,0.0,1.059581399,3.239561796,34.6650238,8.004559577,3.809570894,19.79884338,5.557934284,0.0,10.767897605895996,0.0,0.9650494456291199,33.04501724243164,3.360527515411377
65.7513,-7.00683,2007,5,2,0.0,1.011593938,3.286228418,34.84481049,7.763008773,-0.079436431,17.20119095,6.657348633,0.0,10.767897605895996,0.0,0.8074242472648621,33.19314193725586,2.706299066543579
66.9952,-3.6645,2007,5,3,0.0,0.423652679,4.554329872,34.99958801,5.96353896,-0.29788604,8.078411102,7.062453747,0.0,10.782984733581545,0.0,0.466848224401474,33.38261795043945,4.239388465881348
66.9972,-5.99983,2007,5,3,0.0,1.478815198,4.365713596,34.9699707,5.02858758,1.789147779,22.03917694,6.985748768,0.0,11.512211799621582,0.0,1.1353858709335327,33.42166519165039,4.275186061859131
66.9993,-8.992,2007,5,3,0.0,0.30989185,2.407125473,34.77088547,6.84408471,-1.846138015,5.721727371,6.607393265,0.0,12.845992088317873,0.0,0.29297521710395813,33.36715316772461,2.701169967651367
66.9983,-0.003,2007,5,4,0.0,0.417569757,5.887780666,35.12627792,8.124047518,8.793337643,8.592601776,6.704363823,0.0,48.63866424560547,0.0,0.49045631289482117,34.61277770996094,5.617666721343994
67.0003,3.99267,2007,5,5,0.0,1.330258131,7.247196198,35.19892883,3.50958854,4.046374559,24.0243721,6.999772072,0.0,43.00676727294922,0.0,1.0619215965270996,34.68811798095703,7.161366939544678
67.0053,6.99767,2007,5,5,0.0,2.179719448,7.350223064,35.23499298,14.67261761,7.759500295,36.69218063,6.756134033,0.0,67.68170928955078,0.0,1.1085748672485352,34.937217712402344,7.142353534698486
68.167,6.99383,2007,5,6,0.0,1.106396317,6.881621838,35.20722961,-5.621438101,14.17817026,22.52711678,6.925732613,0.0,63.48781204223633,0.0,0.8725854754447937,34.91130828857422,6.399845123291016
68.1655,-4.49583,2007,5,7,0.0,0.512005687,5.087100029,35.08182907,-19.91094798,-0.583042158,8.798766136,7.211745262,0.0,41.76832580566406,0.0,0.3362003564834595,34.38041687011719,4.813385486602783
68.1657,-0.000666667,2007,5,7,0.0,0.301103503,6.484665871,35.18098831,-19.36867237,7.04614222,6.137418747,6.542361736,0.0,83.84762573242188,0.0,0.26252710819244385,34.86894607543945,6.076697826385498
68.1663,-8.996,2007,5,8,0.0,0.300978273,1.829934955,34.7832756,-7.719571888,-1.693792641,4.94499445,6.634857655,0.0,28.754961013793945,0.0,0.2743914723396301,34.179832458496094,1.9026442766189575
69.2483,3.49983,2007,5,10,0.0,0.332227677,5.882273674,35.17676163,2.550376393,15.18178284,5.606660366,7.566841125,0.0,56.26438903808594,0.0,0.3621058166027069,34.833160400390625,6.084695816040039
69.2497,6.4955,2007,5,10,0.0,0.755650222,6.489356518,35.17272949,1.223810017,2.116433904,12.62701797,7.230517864,0.0,68.44392395019531,0.0,0.45558401942253113,34.90457534790039,6.481457710266113
69.2482,13.498,2007,5,11,0.0,2.354503155,6.927284241,34.93761826,-7.944392413,17.05643684,45.89863968,5.766136646,0.0,14.157144546508787,0.0,2.854154348373413,33.931514739990234,6.761618614196777
69.25,9.999,2007,5,11,0.0,1.323016047,6.787909985,35.18313217,4.253209755,-0.301969447,26.0916996,7.085748196,0.0,31.664936065673828,0.0,1.3594691753387451,34.69065856933594,6.693989276885986
70.0348,17.8365,2007,5,13,0.0,2.74779582,6.456714153,34.78760529,-0.009801637,3.978938609,38.52108383,4.590073586,0.0,35.24755859375,0.0,2.595585584640503,34.29547882080078,6.364893436431885
71.0032,17.3655,2007,5,13,0.0,2.323307991,6.676813126,34.95292664,-7.838939875,19.64764297,26.15250969,5.863733292,0.0,49.75320053100586,0.0,2.156541109085083,34.603118896484375,6.611930847167969
71.4782,16.1712,2007,5,13,0.0,2.0796206,6.752043724,35.00863266,-9.783525765,10.74662581,22.66601372,6.522540092,0.0,57.06288909912109,1024.126512,1.5474677085876465,34.717010498046875,6.833016872406006
72.164,14.845,2007,5,14,0.0,1.422412992,6.273249626,35.10195923,-12.43470535,10.23444831,13.42837238,7.713443756,0.0,81.61570739746094,0.0,1.563541054725647,34.878143310546875,6.119676113128662
72.1672,9.00417,2007,5,14,0.0,0.893623114,5.167278767,35.13837051,-3.491792455,-3.386897221,11.95121193,7.496888638,0.0,48.55744552612305,0.0,0.7300742268562317,34.851139068603516,5.100135803222656
72.168,12.0117,2007,5,14,0.0,1.201861024,6.312679291,35.18487167,-5.024126545,24.35490638,13.59222698,8.088489532,0.0,60.40697479248047,0.0,1.2909845113754272,34.881141662597656,6.468366622924805
72.1467,1.96617,2007,5,15,0.0,1.984188437,3.446356773,35.07256317,-3.329421952,-8.863148838,14.34283352,7.859322071,0.0,23.0227108001709,0.0,1.8514043092727661,34.33940124511719,3.9974355697631836
72.1702,5.5095,2007,5,15,0.0,0.845062852,5.508091927,35.18030548,-4.574079067,20.5365181,10.81303501,7.844016075,0.0,34.08668899536133,0.0,0.6612780094146729,34.76266098022461,5.4799418449401855
62.3658,5.20133,2007,5,16,0.0,0.879419982,8.32786274,34.14860535,0.886655878,-6.019224599,28.49067497,0.654052198,0.0,13.421042442321776,0.0,0.7177878618240356,32.8175048828125,7.829968452453613
72.7503,5.0025,2007,5,16,0.0,1.872900248,4.626505852,35.12386322,-0.963818748,1.837332547,13.03514957,7.35539484,0.0,17.47287368774414,0.0,1.8181501626968384,34.11933135986328,4.483531475067139
72.7513,8.49433,2007,5,16,0.0,0.830217361,5.393937111,35.11632538,-15.33505172,16.9186309,8.06886673,7.480950832,0.0,24.36115074157715,0.0,0.8510696887969971,34.3952522277832,5.231861114501953
62.7207,4.433,2007,5,17,0.0,0.675117671,8.412842751,34.42599106,14.73128796,13.9406547,13.91829586,0.086242408,0.0,12.845992088317873,0.0,0.4384472668170929,32.86804962158203,7.980253219604492
62.8387,4.17733,2007,5,17,0.0,0.776668906,8.557069778,34.62042618,16.52363539,9.352164716,18.72995949,0.219610319,0.0,13.523228645324709,0.0,1.0209115743637085,33.45003128051758,8.309226036071777
62.9565,3.91567,2007,5,17,0.0,1.849403024,8.845984459,35.09617996,11.76775023,5.151256919,40.39065933,3.455193281,0.0,15.739933967590332,0.0,1.1741621494293213,33.35765838623047,8.318168640136719
63.0728,3.65783,2007,5,17,0.0,1.921209574,8.849030495,35.07640839,11.1962676,6.592835486,41.16777802,4.015576839,0.0,14.847224235534668,0.0,1.9241549968719482,34.03575134277344,8.603431701660156
63.1912,3.397,2007,5,17,0.0,1.891720891,8.808926582,35.22860336,1.854933053,-1.322164107,36.16210556,4.792747498,0.0,17.925540924072266,0.0,1.9232890605926514,34.36212158203125,8.701370239257812
72.7492,14.9977,2007,5,17,0.0,1.12355876,6.583291531,35.08123016,-10.54159999,11.82643771,12.71162987,7.727295399,0.0,31.02727127075196,0.0,1.3886587619781494,34.802574157714844,6.6059112548828125
72.7493,11.9872,2007,5,17,0.0,1.292747259,6.328577995,35.16318893,4.348355532,21.66158855,11.23191357,8.037175179,0.0,23.725133895874023,0.0,1.2119113206863403,34.53725814819336,6.2913737297058105
73.3305,15.0017,2007,5,17,0.0,0.742589593,6.031638145,35.12020111,-2.935018018,6.52763471,7.927553177,8.027134895,0.0,43.5703125,0.0,0.6996921300888062,34.71773147583008,5.959690570831299
63.429,2.868,2007,5,18,0.0,1.563573956,8.878019333,35.21727753,7.830560952,18.19564998,16.83766365,4.644652367,0.0,24.259685516357425,0.0,1.353616714477539,34.76263427734375,8.791036605834961
73.3333,8.019,2007,5,18,0.0,0.899901271,4.60853672,35.08685303,7.565818727,4.705047235,13.35938644,7.481496334,0.0,25.25206756591797,513.8550829000001,0.8696445822715759,34.3921012878418,4.474355220794678
73.3523,11.2403,2007,5,18,0.0,1.783325434,4.935341835,35.1543045,-0.05481366,2.511010692,25.73264694,8.1594944,0.0,22.550004959106445,0.0,1.587765097618103,34.46381759643555,4.738086700439453
73.8335,10.7538,2007,5,19,0.0,2.260265112,5.083091736,35.18241501,-7.992554456,13.03066462,46.36968613,8.707403183,0.0,31.411075592041016,0.0,2.045029640197754,34.619651794433594,4.954615592956543
73.8508,14.0877,2007,5,19,0.0,1.582706094,6.090315342,35.14448166,6.132125109,17.42298454,23.96972847,7.55128336,0.0,18.52305030822754,0.0,1.5350072383880615,34.19570541381836,5.896352767944336
72.393,17.0263,2007,5,20,0.0,2.479855776,6.723367691,35.07076645,1.608424075,-5.684420094,53.83703232,6.099961758,0.0,13.56274127960205,0.0,2.3470406532287598,33.66278076171875,6.578757286071777
73.8352,17.0137,2007,5,20,0.0,2.358067036,5.910711765,35.10923386,-2.410453185,-2.950760163,44.2959137,6.804021358,0.0,31.12289047241211,0.0,1.8753615617752075,34.542396545410156,5.774289131164551
70.5698,15.699,2007,5,23,0.0,1.535887837,7.545031071,34.91674805,12.73441762,6.336534023,27.5414772,3.372911453,0.0,14.21783447265625,0.0,1.5218709707260132,33.741764068603516,7.234695911407471
71.5015,13.6252,2007,5,23,0.0,1.785779476,7.192093372,35.06864548,-3.122313321,13.11433166,27.26475334,4.202999592,0.0,21.60672950744629,0.0,1.5727133750915527,34.42627716064453,6.758347034454346
71.5053,7.26683,2007,5,24,0.0,0.667512417,6.390854836,35.18141174,8.069040626,0.45339847,14.14499378,6.9614048,0.0,10.767897605895996,0.0,0.6358287334442139,33.567806243896484,5.8435797691345215
71.5127,10.4435,2007,5,24,0.0,1.203593135,6.550870419,35.15084457,-0.626751501,10.17946452,22.20037842,5.970502853,0.0,12.008366584777832,0.0,1.0155199766159058,33.62528991699219,6.060980796813965
71.5163,-0.165833,2007,5,25,0.0,0.515645683,5.777704239,35.15864944,0.821666606,10.95270663,6.958148003,7.50086832,0.0,19.344106674194336,0.0,0.5014265775680542,34.25370788574219,5.6240620613098145
71.517,3.66733,2007,5,25,0.0,0.305257499,6.228286266,35.18147659,-18.26121956,9.974072129,5.165741444,7.135156631,0.0,17.430282592773438,0.0,0.2887633442878723,34.18262481689453,5.98494291305542
70.8438,-7.46517,2007,5,26,0.0,0.588966727,3.304557562,34.97498322,-7.264285535,-1.998393238,7.978458405,7.376015186,0.0,37.98877334594727,0.0,0.5347130298614502,34.51484680175781,3.257298707962036
71.4927,-3.941,2007,5,26,0.0,0.525368035,3.303494692,34.91519165,-6.690329313,-1.170022879,6.511096954,7.443411827,0.0,24.925811767578125,0.0,0.5224227905273438,34.43965148925781,3.7329397201538086
69.5028,-7.50683,2007,5,27,0.0,0.556571484,4.051809311,35.08474731,-3.640511259,-5.03164418,8.098386765,7.552596569,0.0,54.32952880859375,0.0,0.5059342384338379,34.545814514160156,3.8111515045166016
69.502,-4.01417,2007,5,28,0.0,0.291504502,5.680597782,35.05947495,0.865067262,-0.219134963,6.106063366,6.742512703,0.0,24.64019012451172,0.0,0.27283117175102234,34.33226776123047,5.406034469604492
70.2485,-0.1235,2007,5,28,0.0,0.275366038,6.101514816,35.14399338,3.076649271,2.914721891,5.817532063,7.688738823,0.0,32.43827819824219,0.0,0.2729043662548065,34.540000915527344,6.043935775756836
70.2507,-3.993,2007,5,28,0.0,0.264984369,5.606906891,35.10003662,4.972440749,3.006084077,5.36362505,7.798178196,0.0,35.503543853759766,0.0,0.2616936266422272,34.60629653930664,5.509225368499756
70.2492,7.00183,2007,5,29,0.0,0.371345609,7.254443169,35.21216583,8.44771564,5.631862208,8.85973835,6.656653404,0.0,24.04471015930176,0.0,0.3316035568714142,34.292579650878906,7.125295162200928
70.2487,10.4913,2007,5,30,0.0,1.220323682,7.555388451,35.17686081,7.00359121,-4.387504235,23.31991768,4.466866016,0.0,18.54612159729004,0.0,1.2679476737976074,34.25415802001953,7.687292098999023
71.9988,19.6825,2007,6,28,0.0,0.950695634,8.028516769,35.02739716,1.810803823,-4.010429978,23.73863983,1.680841804,0.0,13.193496704101562,0.0,0.5713737607002258,33.66252136230469,7.873990535736084
73.4995,19.3313,2007,6,29,0.0,1.157330036,5.546369553,34.83255768,5.031724647,-7.69270286,21.19969177,2.662883997,0.0,11.33989143371582,0.0,1.3082748651504517,33.37053680419922,5.899273872375488
74.0007,19.2113,2007,6,30,0.0,1.237822175,4.522058964,34.79030609,11.72777563,-3.031131253,31.57959938,1.387409329,0.0,16.375656127929688,0.0,1.1684693098068237,33.779415130615234,4.484605312347412
63.078,3.6585,2007,7,24,0.0,0.377234787,13.77566433,32.53905487,-7.172502577,8.843766153,10.78316879,0.343819588,0.0,10.767897605895996,0.0,0.42147985100746155,31.669349670410156,13.116522789001465
73.9998,19.2135,2007,8,16,0.0,0.254447103,7.286977768,34.77698898,2.351247892,2.678757906,4.953736782,0.033094749,0.0,10.767897605895996,0.0,0.3296314477920532,33.64493942260742,8.1840181350708
72.0035,19.6777,2007,8,17,0.0,0.264869303,10.65208721,34.72376633,0.776796648,-9.644164145,4.693783283,0.780364096,0.0,14.682119369506836,0.0,0.2560739815235138,33.52574920654297,10.368350982666016
73.5008,19.3393,2007,8,17,0.0,0.296770662,9.102201462,35.02615738,-7.917415351,-4.326896742,5.923382282,0.94098109,0.0,20.03373908996582,0.0,0.29270315170288086,34.151611328125,8.867734909057617
70.5018,19.998,2007,8,18,0.0,0.20105046,11.93304157,34.42414474,3.911526874,-3.846903145,3.938091755,0.013681441,0.0,12.567912101745604,0.0,0.21283498406410217,33.00896072387695,11.645447731018066
76.53,-77.411,2007,9,30,0.500917137,0.636027038,-1.108854413,29.44219017,3.012371249,4.93395403,0.960750043,0.558549583,1.177592635,10.767897605895996,157371.38618,0.6287498474121094,28.09463882446289,-0.9411696791648865
76.348,-71.265,2007,10,1,0.0,0.574454129,-0.440704346,31.89393425,-6.815518439,4.308314249,2.319346189,0.168778002,0.0,10.767897605895996,101123.26397,0.7781723141670227,30.490741729736328,-0.10885540395975113
76.266,-74.553,2007,10,2,0.028818335,0.87134254,-0.665592611,31.65607643,-3.482628986,-10.40194929,3.436321735,0.894514322,0.437451035,10.940980911254885,24787.399517,0.8241001963615417,30.167985916137695,-0.5097023844718933
74.155,-86.294,2007,10,7,0.167310506,0.770376325,-1.037345052,29.35296822,8.096796274,6.684262305,2.425237656,0.737859905,0.491658717,10.767897605895996,12063.275739,0.7269607782363892,28.240739822387695,-0.4984201192855835
71.288,-127.562,2007,10,22,0.0,0.572023273,-0.807022452,31.52023697,-11.52431518,19.09267157,1.071749687,4.424466133,0.0,27.82184410095215,9629.61945,0.4949014484882355,31.02387237548828,-0.8191268444061279
71.024,-125.994,2007,10,24,0.015346998,0.442347705,-0.794859469,30.94889832,-4.469740391,4.530673847,1.076225519,0.498355895,0.22289215,16.710145950317383,76338.785227,0.4283735752105713,30.04023551940918,-0.6011882424354553
70.661,-123.026,2007,10,25,0.015255149,0.345541924,-1.06406486,30.87154198,10.21318212,0.246337894,0.742900789,0.132206529,0.312476307,11.828794479370115,179170.29084,0.5197301506996155,29.581266403198242,-0.9008331894874573
70.038,-126.301,2007,10,28,0.335572332,0.743667483,-1.287723184,31.64659691,-4.26640138,-0.20007561,1.309664607,5.886382103,0.454270512,18.36130142211914,11111.4830443,0.7029354572296143,30.562393188476562,-1.3272308111190796
71.537,-124.408,2007,10,31,0.26821354,0.312647581,-1.380777836,31.02672577,-0.839620363,6.36458993,0.225537941,0.348823577,0.593001127,34.87077331542969,17535.1296651,0.3071015179157257,30.583866119384766,-1.3359235525131226
70.496,20.0,2007,11,14,0.0,0.117104121,7.977485657,34.48630142,8.539268374,3.848692775,0.052816626,4.141214848,0.0,91.54750061035156,0.0,0.12178924679756165,31.96734619140625,7.447784900665283
71.521,19.7907,2007,11,15,0.0,0.099036977,7.347782135,34.8499527,11.52990982,-3.63654606,5.98e-05,5.205661774,0.0,81.50486755371094,0.0,0.09492741525173187,34.640830993652344,7.322269439697266
71.9997,19.6917,2007,11,15,0.0,0.113833234,6.867297173,34.91858673,7.514313608,-0.661538588,0.0,6.37574625,0.0,64.98460388183594,0.0,0.09843751788139343,34.6098518371582,7.185558795928955
73.5068,19.3425,2007,11,16,0.0,0.102063626,5.233421326,35.00889587,2.838633582,3.154146299,0.0,5.163905621,0.0,84.77558898925781,0.0,0.09122108668088913,34.80398941040039,5.204434394836426
73.9992,19.223,2007,11,16,0.0,0.099409029,2.84455204,34.6804924,-1.03496816,-0.358857098,0.0,4.786487579,0.0,62.0405502319336,0.0,0.08508434891700745,34.695091247558594,4.190145969390869
62.3643,5.20167,2007,11,21,0.0,0.425150335,8.54304409,33.89065933,7.085365057,12.67252415,0.946662605,3.564762831,0.0,16.64000129699707,0.0,0.3610445559024811,33.237586975097656,8.595880508422852
62.8392,4.17533,2007,11,22,0.0,0.298129112,8.871191025,34.15084457,7.677587867,2.996002696,0.474011868,3.847838879,0.0,17.493568420410156,0.0,0.29072216153144836,33.500301361083984,8.71530532836914
63.4223,2.865,2007,11,22,0.0,0.197103336,8.604382515,35.1195488,-10.56958362,-9.833162278,0.213369533,7.277616501,0.0,113.4015884399414,0.0,0.17690344154834747,34.96825408935547,8.544657707214355
63.6675,2.33583,2007,11,22,0.0,0.210920453,8.251180649,35.09418106,-3.314814344,-8.327501267,0.281485409,6.826749325,0.0,105.89632415771484,0.0,0.17571739852428436,34.96537780761719,8.444765090942383
64.1448,1.253,2007,11,23,0.0,0.207475379,7.440013409,34.99682999,15.62423408,-1.586432196,0.345563054,6.799927711,0.0,126.24288177490234,0.0,0.14857140183448792,34.915992736816406,7.6742963790893555
64.3713,0.723167,2007,11,23,0.0,0.21801053,7.395476341,34.99975204,18.56585592,-8.556185663,0.357475311,6.707432747,0.0,130.53623962402344,0.0,0.14727503061294556,34.898712158203125,7.476243019104004
62.839,4.18083,2008,1,27,0.0,0.179273412,8.119954109,34.989151,34.89048779,15.00238925,0.455517083,8.946577072,0.0,135.27638244628906,0.0,0.12429146468639374,35.01092529296875,8.22227668762207
63.0728,3.65833,2008,1,27,0.0,0.080813855,7.98816824,35.22117233,21.39418274,4.822154343,0.107470147,10.06052017,0.0,242.5032653808593,0.0,0.07458443194627762,35.17649841308594,7.894139289855957
63.4262,2.8675,2008,1,27,0.0,0.07519488,7.586297512,35.16939163,2.435673587,-2.118383162,0.04402905,9.945877075,0.0,257.6573486328125,0.0,0.07480644434690475,35.13872146606445,7.706507205963135
63.6622,2.3405,2008,1,28,0.0,0.089873768,7.153529644,35.17087936,19.09487247,0.369420415,0.046859901,9.745235443,0.0,232.6969757080078,0.0,0.06927131861448288,35.116615295410156,7.596900463104248
64.3735,0.7285,2008,4,8,0.0,0.886401057,5.768048763,35.10076141,7.783544809,-10.78829244,7.09474659,9.217403412,0.0,158.93072509765625,0.0,0.5361037850379944,35.02980422973633,6.004056930541992
63.1932,3.39417,2008,4,9,0.0,0.742129028,7.629543304,35.18883514,0.21898984,1.062867232,9.988115311,9.948602676,0.0,65.59912872314453,0.0,0.7599120140075684,34.845550537109375,7.360991477966309
63.31,3.138,2008,4,9,0.0,0.592685997,7.42120266,35.18796539,2.043441497,4.386027157,5.886225224,10.11981106,0.0,64.30813598632812,0.0,0.5641406774520874,34.941368103027344,7.083098888397217
63.6645,2.33483,2008,4,9,0.0,1.211038232,7.181201458,35.20061874,-3.786374256,14.36517686,19.90716934,9.679411888,0.0,70.44965362548828,0.0,0.6734229326248169,34.9690055847168,6.868010997772217
63.8988,1.79783,2008,4,9,0.0,0.695683479,6.951014042,35.22940063,8.812557161,12.22522259,12.21395016,10.02200317,0.0,81.17610931396484,0.0,0.9332810044288635,35.01640319824219,6.947470664978027
62.6003,4.6875,2008,4,10,0.0,1.47046566,6.117067814,33.54345703,1.488622278,3.328893334,22.9020443,2.362302303,0.0,34.946128845214844,0.0,1.6141183376312256,33.048404693603516,6.062314033508301
62.725,4.43467,2008,4,10,0.0,2.170817137,6.481328011,33.91649628,15.44115394,9.509477019,33.01751709,2.202114582,0.0,11.31185817718506,0.0,1.7113969326019287,32.9974250793457,6.054022312164307
62.8432,4.175,2008,4,10,0.0,2.205452442,6.491858959,33.94389343,20.5719009,9.99956429,33.03323364,2.211570978,0.0,10.874424934387209,0.0,2.1217548847198486,32.48143005371094,6.333057403564453
64.6687,9.8515,2008,4,13,0.0,2.138121128,6.788068771,34.26782608,1.955918968,9.587711096,37.45084381,2.846432447,0.0,18.76716423034668,0.0,1.9302222728729248,32.94509506225586,6.358346462249756
64.0855,8.802,2008,4,14,0.0,0.870545864,6.050369263,33.86963654,2.89963875,-1.233375724,21.07637024,3.153906584,0.0,10.80739402770996,0.0,0.8277260065078735,32.318450927734375,5.755585193634033
63.7815,8.1845,2008,4,15,0.0,0.770752609,6.272377968,33.92765427,1.593229733,-4.360726476,19.07666397,3.078748465,0.0,23.562042236328125,0.0,1.3894007205963135,33.1387825012207,6.229252338409424
63.784,6.3665,2008,4,15,0.0,2.24977684,6.553313732,34.02212524,-2.18288824,4.561764747,37.69252014,0.940293968,0.0,19.397071838378903,0.0,2.134307384490967,33.14966583251953,6.397618293762207
63.784,7.31933,2008,4,15,0.0,2.179039717,6.500796795,33.89048767,1.825521328,-0.59297923,34.57172394,1.56400454,0.0,21.170330047607425,0.0,2.090895175933838,33.09075164794922,6.34808874130249
63.1018,6.9535,2008,4,16,0.0,1.389782786,6.089804173,33.87480927,10.76966301,-3.677286208,25.20550346,2.07326746,0.0,17.161542892456055,0.0,1.4909050464630127,32.76335906982422,5.953004837036133
62.5653,5.70617,2008,4,17,0.0,0.541689277,5.837157249,33.58106613,-0.818166789,-2.518938109,18.08289337,2.838203907,0.0,14.488990783691406,0.0,0.7256608605384827,32.647850036621094,5.667662143707275
72.0,19.6667,2008,4,26,0.0,0.317944467,5.444322586,35.10134888,4.58664,-2.792390622,3.528224468,9.407941818,0.0,310.48028564453125,0.0,0.38969096541404724,35.005245208740234,5.633024215698242
73.5,19.3167,2008,4,26,0.0,0.226151213,5.245383739,35.12195587,-1.070360653,2.835154533,0.763954699,9.910024643,0.0,202.5946502685547,0.0,0.22331765294075012,35.060630798339844,5.256816387176514
73.9833,19.2167,2008,4,26,0.0,2.100081444,2.020671129,34.95375824,5.07603772,2.3476284,30.52623177,6.494138241,0.0,113.79109191894533,0.0,0.6364763379096985,34.99235153198242,4.333184719085693
62.5998,4.68783,2008,5,23,0.0,0.332270026,9.092827797,33.17167664,-1.471458562,4.619757459,3.131687403,0.378724009,0.0,10.77352523803711,0.0,0.28937041759490967,31.586339950561523,8.631159782409668
62.9538,3.91567,2008,5,24,0.0,0.677738488,9.68315506,33.08847809,3.437511995,16.91451222,13.27029896,0.341054946,0.0,10.767897605895996,0.0,0.3069992661476135,31.500633239746094,9.104768753051758
63.0745,3.64717,2008,5,24,0.0,0.877325058,9.80030632,33.77745056,1.749189757,9.633680433,29.98755455,0.492980808,0.0,10.767897605895996,0.0,0.9965692758560181,32.80862808227539,9.358827590942383
63.3087,3.13633,2008,5,24,0.0,0.965048552,9.812548637,35.20038986,-2.490253374,-0.69121886,26.50468063,2.777467012,0.0,13.642367362976074,0.0,1.0423091650009155,34.118717193603516,9.446191787719727
63.4267,2.87467,2008,5,24,0.0,1.246859789,9.232348442,35.13552094,-10.20634323,-4.522445798,31.76468468,3.756682873,0.0,23.667341232299805,0.0,1.1036404371261597,34.385902404785156,9.459940910339355
63.6618,2.34167,2008,5,24,0.0,1.243588448,9.159655571,35.14097214,-7.106427848,-2.460917085,29.30818748,3.978813887,0.0,21.27954292297364,0.0,1.2418797016143799,34.336177825927734,9.115337371826172
63.8987,1.80967,2008,5,25,0.0,1.184334397,9.671386719,35.35737228,2.853140607,25.33791661,28.96300125,4.222641468,0.0,14.554265975952148,0.0,1.1538207530975342,34.356475830078125,9.443314552307129
64.1333,1.26117,2008,5,25,0.0,1.117832899,8.885116577,35.28758621,-8.869972825,19.43309158,27.78435516,3.961428165,0.0,12.034759521484377,0.0,1.1515891551971436,34.271240234375,8.506704330444336
64.3687,0.73,2008,5,25,0.0,1.06365788,8.570099831,35.24237442,-4.537473619,-6.717519462,26.44837379,3.976640463,0.0,12.796360969543455,0.0,1.0288259983062744,33.96632385253906,8.31371021270752
64.6663,-0.00233333,2008,5,25,0.0,0.885709107,9.022297859,35.25748444,1.371196844,3.871819377,20.9653492,4.308321953,0.0,17.348962783813477,0.0,0.8793247938156128,34.07093048095703,8.321260452270508
72.0838,2.742,2008,5,26,0.0,0.255580038,5.714334965,35.18365479,14.35657293,-7.603064924,4.757864475,7.527378559,0.0,23.83324432373047,64.00790701,0.34044259786605835,34.68616485595703,5.5688042640686035
72.249,5.16317,2008,5,26,0.0,0.300933838,5.430146217,35.11261749,21.50092274,-3.559444472,6.203870296,7.38094759,0.0,18.87157440185547,0.0,0.2793888747692108,34.35124206542969,5.63677978515625
72.2413,7.6495,2008,5,27,0.0,0.391367376,5.661965847,35.16322708,0.773090543,1.4688286,6.057618618,7.021262169,0.0,25.97475242614746,0.0,0.40826889872550964,34.40896987915039,5.626975059509277
72.2475,12.5383,2008,5,27,0.0,1.823689103,6.000006676,35.06602478,1.853811368,5.027516559,18.30153275,5.158087254,0.0,27.46448135375977,0.0,1.706722617149353,34.522830963134766,5.698914527893066
72.2512,10.0813,2008,5,27,0.0,0.832893789,5.417664528,35.15097046,12.38522753,-3.515017033,9.112801552,6.963185787,0.0,21.23174285888672,0.0,0.8150529265403748,34.32447814941406,5.274753570556641
72.2505,15.0117,2008,5,28,0.0,1.978415012,6.015991688,34.99804306,1.138979476,1.47350505,34.73391342,4.411475182,0.0,17.30833625793457,0.0,1.9067132472991943,33.9869384765625,5.793217182159424
72.7475,9.9425,2008,5,28,0.0,0.968119979,5.41080904,35.139431,3.885022923,-1.423134282,15.81470871,6.8547616,0.0,12.307385444641112,0.0,0.6955621838569641,33.76589584350586,4.986342430114746
72.7523,12.4743,2008,5,28,0.0,1.819672465,5.634091854,35.11294174,7.128338516,-6.235685945,31.99235344,5.285692215,0.0,17.80828285217285,0.0,1.7338935136795044,34.100433349609375,5.4347944259643555
72.7527,15.0073,2008,5,28,0.0,2.595456839,5.896948338,35.06805038,5.498225242,-0.440945895,44.63265991,5.331643105,0.0,17.55139923095703,0.0,2.4825351238250732,34.06932067871094,5.680741310119629
73.2367,9.92983,2008,5,29,0.0,1.702521682,5.633806705,35.14669037,4.958311841,2.013703249,29.03070068,6.129216671,0.0,17.255876541137695,0.0,1.208342432975769,33.852569580078125,5.233311653137207
73.256,12.2907,2008,5,29,0.0,1.941093564,5.527462482,35.11053848,7.084896415,-2.381798625,32.32849884,4.961359501,0.0,14.514693260192873,0.0,1.8733470439910889,33.90106201171875,5.327756881713867
73.5003,19.3322,2008,6,27,0.0,1.279633164,6.557389736,35.02087402,-2.195403166,0.091386703,15.71762657,1.555472851,0.0,14.353812217712402,0.0,1.2225922346115112,33.805171966552734,6.334050178527832
62.719,4.43317,2008,7,9,0.0,0.25032568,13.17276001,33.02740479,0.448445184,6.594824046,2.714907885,0.25166145,0.0,10.767897605895996,0.0,0.18308180570602417,31.496070861816406,12.800145149230957
63.1922,3.39517,2008,7,9,0.0,0.864207506,13.38566113,33.66579437,-2.637537755,5.956664309,28.26087761,0.158477798,0.0,10.767897605895996,0.0,0.8193886280059814,31.833229064941406,12.770611763000488
63.1905,3.40017,2008,11,14,0.0,0.220865831,9.124279976,35.15904999,5.823750049,3.30433175,0.502754211,6.027387142,0.0,79.10026550292969,0.0,0.2026776224374771,34.972267150878906,9.030922889709473
63.3095,3.13283,2008,11,14,0.0,0.215365261,9.112077713,35.15182495,3.300501779,2.508302778,0.453877836,6.161513329,0.0,78.10958862304688,0.0,0.2095557302236557,34.922889709472656,9.044095039367676
63.4273,2.86967,2008,11,15,0.0,0.220155135,8.983002663,35.17434311,-1.347729471,-5.054652318,0.234477028,5.640006065,0.0,88.16974639892578,0.0,0.20178614556789398,34.90011978149414,8.990655899047852
62.8382,4.1785,2009,1,23,0.0,0.171774924,7.790777683,35.06803131,29.62920964,20.19597739,0.392804533,7.858308315,0.0,115.02989959716795,0.0,0.11874081194400787,35.036964416503906,7.871063709259033
63.192,3.39517,2009,1,24,0.0,0.059941914,7.902047634,35.27876282,-8.433932811,4.427977651,0.029643791,10.388134,0.0,348.6319580078125,0.0,0.06615003198385239,35.22055435180664,7.587075233459473
64.668,0.00333333,2009,1,25,0.0,0.094506532,5.24211216,35.03586578,4.468759149,11.87904105,0.167149559,8.854966164,0.0,112.47093200683594,0.0,0.09426180273294449,34.930206298828125,5.51815128326416
74.0033,19.2275,2009,3,6,0.0,0.098694049,2.311542988,34.9045372,13.33420724,2.908246405,0.631930351,6.925971985,0.0,95.70950317382812,0.0,0.06276924908161163,34.74135208129883,2.4483156204223633
64.6658,0.00516667,2009,4,8,0.0,0.515303552,5.859173775,35.05712891,5.833211914,12.78836578,9.783777237,7.334755898,0.0,23.34969711303711,0.0,0.5161622166633606,34.247642517089844,5.413082122802734
63.6587,2.34133,2009,4,9,0.0,1.348519564,7.514485836,35.24195862,8.266715705,11.52636334,23.93121529,9.299165726,0.0,29.59627914428711,0.0,1.366634726524353,34.90202713012695,7.619177341461182
62.6077,4.69267,2009,4,10,0.0,1.494973421,6.325440407,34.03054047,10.93644649,11.94950566,19.39430046,3.750834465,0.0,29.57904052734375,0.0,1.4027327299118042,33.440914154052734,6.187638759613037
62.7187,4.43467,2009,4,10,0.0,1.636021733,7.051321983,34.53034592,31.60449266,29.84962761,18.63950539,4.625161171,0.0,24.901142120361328,0.0,1.4213556051254272,33.454345703125,6.182102680206299
62.3685,5.1975,2009,4,11,0.0,1.497311592,6.202644825,33.77787018,18.80366802,37.05235422,21.46585274,2.47909832,0.0,30.90823554992676,0.0,1.0932968854904175,33.632713317871094,6.09152364730835
62.2988,4.9065,2009,4,12,0.0,1.271003723,6.117979527,33.84763718,13.17262948,16.31112844,19.06021309,2.678909779,0.0,50.29609298706055,0.0,0.9775370359420776,33.34636688232422,6.0962233543396
63.0947,6.66117,2009,4,13,0.0,0.987190843,6.562172413,33.93996429,13.57701868,0.905878842,24.95933914,3.499716759,0.0,17.761165618896484,0.0,0.9360302090644836,33.57332229614258,6.162199020385742
66.2038,11.3225,2009,4,20,0.0,1.131835818,6.531085014,34.76664352,2.346399054,10.48276573,17.12984276,6.379491806,0.0,90.1939926147461,0.0,0.43469637632369995,34.51607131958008,6.447474956512451
69.0545,15.086,2009,4,23,0.0,0.762723863,5.748402119,34.74116898,13.56838644,13.38212341,10.19319916,6.104100704,0.0,50.264404296875,0.0,0.6646063923835754,31.269392013549805,5.175522327423096
69.5342,16.9273,2009,4,24,0.0,0.565511703,5.326480865,34.83575821,12.17649132,7.486227155,6.132918835,6.810332298,0.0,75.78657531738281,0.0,0.4803793132305145,34.69077682495117,5.527501583099365
70.2667,18.4762,2009,4,24,0.0,0.367329836,4.890309811,34.8200531,10.02049148,3.958583623,2.140067577,6.776401997,0.0,127.88521575927734,0.0,0.36374056339263916,34.71005630493164,5.002321720123291
62.3675,5.20717,2009,4,30,0.0,0.572224498,8.023836136,33.00944519,9.540554136,9.417950362,9.226695061,0.463680267,0.0,10.767897605895996,0.0,0.582045316696167,31.60430335998535,7.398041725158691
62.4838,4.9415,2009,4,30,0.0,0.928291678,7.846413612,33.67581177,14.29156661,9.263108671,18.30506706,0.323551059,0.0,10.767897605895996,0.0,0.6199734210968018,31.759540557861328,7.343534469604492
62.603,4.70167,2009,5,1,0.0,0.906190395,7.956207275,33.8499794,17.6229015,12.53373772,18.22673798,0.222541913,0.0,11.158761024475098,0.0,0.9566348195075989,32.4730339050293,7.583440780639648
62.7173,4.44717,2009,5,1,0.0,1.50178051,8.344575882,34.43983841,27.01307535,14.35726732,40.18730927,0.996583164,0.0,11.140871047973633,0.0,0.9657521843910217,32.53860855102539,7.723365783691406
62.8402,4.17517,2009,5,1,0.0,1.65114212,8.285904884,34.42848969,30.83426058,12.60335594,44.19535065,1.633294344,0.0,11.041236877441406,0.0,1.759672999382019,32.933895111083984,7.918371677398682
62.9548,3.9205,2009,5,1,0.0,2.100981951,9.03476429,35.20785141,19.99980211,12.67275512,45.96138763,5.961308002,0.0,16.567996978759766,0.0,1.9265838861465454,33.399600982666016,8.20869255065918
63.0708,3.66,2009,5,1,0.0,2.158100367,9.165569305,35.32464981,18.66746545,7.397298515,43.97160339,6.079744339,0.0,16.32692527770996,0.0,2.1219191551208496,34.41670608520508,8.87424087524414
63.1898,3.39567,2009,5,1,0.0,2.164224386,8.909963608,35.30537033,9.348576516,2.828270197,42.51277924,5.890179634,0.0,20.901939392089844,0.0,2.148296356201172,34.5034065246582,8.820014953613281
63.3087,3.13217,2009,5,2,0.0,2.067879438,8.913363457,35.33987045,11.22039482,-0.725185359,36.83649826,5.668942451,0.0,31.46444320678711,0.0,1.8503446578979492,34.80086898803711,8.860466003417969
63.4245,2.872,2009,5,2,0.0,1.890549302,8.84011364,35.29222107,11.20637879,5.071949214,36.65213394,5.087689877,0.0,32.26605987548828,0.0,1.899794340133667,34.77933120727539,8.952592849731445
63.6615,2.338,2009,5,2,0.0,2.026393175,8.412965775,35.28264999,19.08032596,29.23343778,33.58003616,6.270590305,0.0,35.748409271240234,0.0,1.7954204082489014,34.78580856323242,8.622875213623047
63.8928,1.80483,2009,5,2,0.0,1.974793553,7.997903347,35.2912178,15.87611884,-1.94600895,31.91395187,6.34494257,0.0,28.34768295288086,0.0,1.8717797994613647,34.687435150146484,7.770953178405762
64.1353,1.25583,2009,5,3,0.0,1.699430227,7.925086021,35.26743698,20.7127437,-19.82671767,25.90215302,6.204006672,0.0,37.93180465698242,0.0,1.4393495321273804,34.84159851074219,7.936690330505371
64.3695,0.730667,2009,5,3,0.0,1.649094343,7.823095798,35.26697159,22.14471549,2.999510244,24.78772926,6.215628147,0.0,40.94679641723633,0.0,1.3302876949310303,34.83134841918945,7.647472381591797
64.6625,0.0065,2009,5,3,0.0,0.97317642,7.045421124,35.07352448,10.78077033,2.026583254,16.11156654,5.805799484,0.0,33.36954879760742,0.0,0.8364303708076477,34.80073547363281,7.479269981384277
66.207,6.7735,2009,5,6,0.0,1.811286926,8.375172615,35.10948181,10.52006707,10.71212441,26.46882057,5.363910675,0.0,24.618350982666016,0.0,1.7995429039001465,34.35872268676758,8.137099266052246
66.2312,3.53483,2009,5,6,0.0,1.120085716,7.922923088,35.25307083,3.308298066,12.63621747,14.65925598,6.006108761,0.0,36.20117950439453,0.0,0.9688183069229126,34.730377197265625,7.9086174964904785
66.2468,1.04367,2009,5,7,0.0,0.54415822,7.522076607,35.24894333,2.350392938,9.276554734,10.22152805,6.028473377,0.0,38.02895736694336,0.0,0.5357804894447327,34.77753448486328,7.6170806884765625
66.2695,-1.6155,2009,5,8,0.0,0.354549795,6.942791462,35.12564087,1.601339318,0.841864385,7.736174583,5.844293118,0.0,25.86610984802246,0.0,0.34944209456443787,34.32997512817383,6.484527111053467
66.2902,-2.5275,2009,5,8,0.0,0.367556125,6.112442017,35.0212822,-0.48792311,6.946324557,7.802006245,5.734668255,0.0,18.88304901123047,0.0,0.3479646146297455,33.99404525756836,5.870655059814453
68.7127,10.7945,2009,5,11,0.0,1.217773318,7.520657539,34.9649086,-4.142760485,-15.25692791,19.55461311,6.458678246,0.0,24.720441818237305,512.0632561,1.3288689851760864,34.462791442871094,7.594073295593262
68.89,14.268,2009,5,12,0.0,1.640700698,7.334069252,34.68745041,11.27005965,6.631504744,31.56793404,5.350700378,0.0,28.64965057373047,0.0,1.7832704782485962,33.81404495239258,6.658227443695068
69.0978,13.5047,2009,5,12,0.0,1.518886566,7.553679466,34.78918076,10.78605503,1.798121259,30.7588768,5.740366459,0.0,24.92400360107422,0.0,1.4066869020462036,34.090450286865234,7.3783040046691895
70.0193,15.9672,2009,5,16,0.0,1.43913281,7.733386517,35.03897476,12.88902164,5.679772049,31.43359566,5.030669689,0.0,10.767897605895996,0.0,1.385331630706787,33.417598724365234,7.251096725463867
69.9878,5.11967,2009,5,18,0.0,0.351913035,6.838820457,35.17073822,3.432073072,8.533068001,6.568254471,6.37871027,0.0,14.67025089263916,0.0,0.2696561813354492,34.20708084106445,7.208724498748779
74.0033,19.2257,2009,6,26,0.0,0.978844762,3.191717386,34.39668274,12.84920424,-7.241854072,15.35792923,0.314770222,0.0,14.094663619995115,88.01087218,0.9788088202476501,33.30289077758789,3.2028348445892334
74.0042,19.2085,2009,8,17,0.0,0.518106937,5.552227974,34.6385231,-9.443810582,-9.182885289,6.484241486,0.261960685,0.0,20.602840423583984,768.0948841,0.5457481145858765,33.689598083496094,5.470076560974121
73.5,19.3167,2009,10,16,0.0,0.28586036,5.652395248,34.91765976,6.119290739,-8.838184178,1.14342618,2.088387012,0.0,60.76974105834961,0.0,0.2519773244857788,34.689029693603516,5.80430269241333
73.9833,19.2167,2009,10,16,0.0,0.298333198,2.802491188,34.42559433,5.00889197,-9.291936457,0.961527467,2.083639383,0.0,38.38710021972656,0.0,0.26250189542770386,34.50416946411133,4.448357582092285
72.0,19.6833,2009,10,17,0.0,0.256919622,7.509112358,34.7565155,7.690317929,-2.178710699,0.53785044,3.883113146,0.0,51.45161437988281,0.0,0.24637925624847412,34.39802169799805,7.888777256011963
63.8998,1.80167,2009,11,24,0.0,0.194333628,8.673389435,35.16210556,12.7927348,21.7600435,0.341430962,5.470422745,0.0,107.55545043945312,0.0,0.13462147116661072,35.099571228027344,9.077637672424316
64.3687,0.728667,2009,11,24,0.0,0.191081271,8.110927582,35.06759644,10.29809415,-5.896108598,0.277018428,5.924104691,0.0,70.92533874511719,0.0,0.18888422846794128,34.84050369262695,8.180939674377441
62.9563,3.951,2009,11,25,0.0,0.184612021,9.634337425,35.14149475,11.97660044,20.38884312,0.32972759,6.876974106,0.0,77.58968353271484,0.0,0.19847215712070465,34.72991180419922,9.731578826904297
62.8375,4.17867,2010,1,19,0.0,0.168518275,8.037526131,34.76420975,43.51047873,26.82574093,0.418790817,7.898304939,0.0,43.18954849243164,0.0,0.11134517937898636,35.059974670410156,8.330041885375977
63.3082,3.13733,2010,1,20,0.0,0.084338605,8.228704453,34.8012886,-23.46093804,6.496908516,0.180621162,10.04280376,0.0,29.511966705322266,0.0,0.07329284399747849,34.296974182128906,8.047761917114258
64.3685,0.733,2010,1,21,0.0,0.080610774,6.791287422,35.21966171,9.797847271,16.37611836,0.054322127,10.00037193,0.0,183.55113220214844,0.0,0.08369613438844681,35.106788635253906,6.579222202301025
70.4978,20.0042,2010,1,25,0.0,0.037962724,6.126494408,34.53432846,4.499843344,5.121793598,0.010524087,5.595398903,0.0,134.73692321777344,0.0,0.0363592654466629,32.07473373413086,5.098321437835693
73.4972,19.3408,2010,1,28,0.0,0.033775363,5.682647228,35.02892303,10.94460636,5.050930381,0.0,8.113413811,0.0,113.91191864013672,0.0,0.03308454900979996,34.88166427612305,5.722873687744141
73.9983,19.2177,2010,1,29,0.0,0.038100444,2.651471138,34.77469635,7.220121473,8.625286818,0.0,7.270551205,0.0,65.2083511352539,0.0,0.03442328795790672,34.81058120727539,4.531008720397949
64.6687,0.00416667,2010,2,27,0.0,0.40055576,6.08869648,35.20182419,-0.269631948,-2.466740273,1.40536797,9.543280602,0.0,172.4301300048828,0.0,0.40680447220802307,35.11049270629883,5.903850078582764
63.6633,2.3415,2010,2,28,0.0,0.152430862,7.215864658,35.24288559,-1.772447303,1.560522337,0.439882845,10.39850044,0.0,231.41297912597656,0.0,0.1380607634782791,35.18808364868164,7.325168132781982
64.1348,1.2645,2010,2,28,0.0,0.298601717,5.831884384,35.1803093,10.03515869,-9.152567387,0.95230937,10.15701389,0.0,169.45021057128906,0.0,0.16312634944915771,35.0752067565918,6.385441303253174
73.998,19.21,2010,3,10,0.0,0.081674561,2.322825432,34.94340515,11.07444987,-6.903794408,0.244722798,9.057470322,0.0,126.92900848388672,0.0,0.03830382972955704,34.96469497680664,3.544036388397217
72.0012,19.6808,2010,3,11,0.0,0.044130482,5.277972221,35.16097641,2.63184309,-9.976067394,0.095643185,9.190144539,0.0,295.202392578125,0.0,0.04893524944782257,35.10142135620117,5.353280544281006
62.3665,5.20183,2010,5,7,0.0,0.785399735,6.397584915,33.41600037,-5.606833845,-4.17118445,26.40379715,0.438452303,0.0,12.012499809265137,0.0,0.6884058117866516,32.00571823120117,6.024734973907471
62.4858,4.94833,2010,5,7,0.0,0.714959323,6.640288353,33.51318741,0.882782973,1.023622882,20.21342087,0.304435939,0.0,12.165305137634276,0.0,0.6812503337860107,32.045318603515625,6.137767791748047
62.6018,4.68933,2010,5,7,0.0,0.754403055,6.824018478,33.58529282,3.404087201,1.681254618,15.96504021,0.195627317,0.0,12.097209930419922,0.0,0.7512776255607605,32.26768493652344,6.649386405944824
62.7202,4.4335,2010,5,7,0.0,0.837239861,7.379010201,33.97375107,14.89951313,1.055492274,11.87387371,0.139110252,0.0,10.815378189086914,0.0,0.7217875123023987,32.37068557739258,6.809144496917725
62.9572,3.9165,2010,5,8,0.0,2.02833271,8.243114471,34.95648193,13.98851275,9.139166772,54.1664772,2.501479387,0.0,10.767897605895996,0.0,1.0854909420013428,32.50666427612305,7.1670732498168945
63.0758,3.65567,2010,5,8,0.0,2.08695364,8.422324181,35.22070694,12.51252592,-0.753387948,54.7003746,3.903867245,0.0,13.820184707641602,0.0,2.1220691204071045,34.16572189331055,8.197836875915527
63.1923,3.395,2010,5,8,0.0,2.29789257,8.234065056,35.19219971,-8.124855906,-3.316683695,53.42712784,7.157871246,0.0,15.359403610229492,0.0,2.092989683151245,34.064395904541016,8.128925323486328
63.4272,2.86983,2010,5,9,0.0,2.185973883,8.301136017,35.27772903,-3.253843263,-12.0851256,37.37563324,7.132854939,0.0,25.28354263305664,0.0,2.076437473297119,34.43101501464844,8.018584251403809
63.6623,2.34,2010,5,9,0.0,1.969062805,7.776854515,35.28646851,6.303614378,-2.078908309,32.9748764,7.192221642,0.0,45.308841705322266,0.0,1.9457781314849854,34.69197082519531,7.857715129852295
63.9002,1.80833,2010,5,9,0.0,1.675716281,7.701836109,35.29448318,3.998595104,-17.03998446,24.80204964,7.736029148,0.0,48.51287841796875,0.0,1.562630534172058,34.84650421142578,7.462282180786133
64.1343,1.26467,2010,5,9,0.0,1.518495321,7.379132271,35.24975967,14.3614471,-11.45406887,20.7477932,6.682460308,0.0,72.89588928222656,0.0,1.1986316442489624,35.0359992980957,7.511091709136963
64.3698,0.7265,2010,5,10,0.0,1.436649561,7.396924019,35.2476387,15.45971334,-4.22187224,17.11127281,7.050541878,0.0,118.72252655029295,0.0,0.8909333348274231,35.074310302734375,7.1394572257995605
64.6667,0.00383333,2010,5,10,0.0,1.118309259,6.438089371,35.18301773,-7.276878506,-2.953555621,13.88965607,6.185227394,0.0,62.035831451416016,0.0,0.8059567809104919,34.92896270751953,6.402588844299316
71.9998,19.6825,2010,6,19,0.0,1.337634206,6.923989773,35.11294937,-3.647458926,-2.883803099,25.80694962,2.678460598,0.0,11.79676628112793,1024.126512,1.570303201675415,33.75823974609375,6.856801986694336
73.5,19.3293,2010,6,20,0.0,1.127440572,5.713093281,35.01245499,-4.44428809,-4.694559053,12.69516277,2.119144201,0.0,14.59575080871582,0.0,1.2170761823654175,34.19757080078125,6.134069442749023
74.0015,19.2218,2010,6,20,0.0,1.258604169,4.584379196,34.74953842,-1.386994682,4.546823725,16.08843613,0.751484036,0.0,12.97668170928955,0.0,1.1048870086669922,33.39623260498047,4.295429706573486
63.8952,1.80533,2010,8,5,0.0,0.299721152,12.68338394,35.11826324,-5.683854222,2.022971772,9.830451965,2.402135611,0.0,10.767897605895996,0.0,0.28414320945739746,33.45280838012695,12.13624095916748
71.4331,-156.5657,2010,8,21,0.0,2.446733713,4.215549946,31.28035355,20.06794661,14.91516083,42.57867432,1.96325016,0.0,11.60257053375244,213.74428279,2.3195762634277344,29.830127716064453,4.602423667907715
71.4492,-156.6376,2010,8,21,0.0,2.406834602,4.26424551,31.33068466,25.70190728,29.8198849,42.10449219,2.008885145,0.0,11.003169059753418,5840.207317,2.3195762634277344,29.830127716064453,4.602423667907715
71.514,-156.8731,2010,8,21,0.0,2.406834602,4.26424551,31.33068466,25.70190728,29.8198849,42.10449219,2.008885145,0.0,11.003169059753418,17357.427934,2.211956024169922,29.91360092163086,3.492772340774536
71.5747,-157.1002,2010,8,21,0.0,2.332494974,3.674346685,31.22024918,19.29444373,22.26826698,38.83120346,2.210999012,0.0,11.905560493469238,163143.64565,2.1950600147247314,29.832778930664062,3.2646615505218506
71.6331,-157.3373,2010,8,21,0.0,2.37701726,2.548875809,31.10803413,-7.743187249,2.625832334,35.52573395,2.161493301,0.0,10.767897605895996,75312.78031999999,2.187727928161621,29.7121524810791,3.225193500518799
71.3524,-155.9211,2010,8,23,0.0,1.547130346,3.055038214,30.70815659,-2.044880018,2.827098779,18.99112511,0.212279737,0.0,10.802739143371582,56.5914287,2.1577837467193604,28.65374755859375,2.989729404449463
71.4685,-155.7601,2010,8,23,0.0,2.517175198,3.284607649,31.30065536,8.038445562,4.088191688,44.8027916,1.790595174,0.0,16.40826988220215,157.86026091,2.1577837467193604,28.65374755859375,2.989729404449463
71.5021,-155.7668,2010,8,23,0.0,2.517175198,3.284607649,31.30065536,8.038445562,4.088191688,44.8027916,1.790595174,0.0,16.40826988220215,968.800429,2.2180306911468506,30.393564224243164,3.2175509929656982
71.6021,-155.9935,2010,8,23,0.0,2.532145977,3.310312986,31.3380146,11.19999066,5.123830214,47.32621384,1.681357384,0.0,16.494224548339844,4738.335899,2.2180306911468506,30.393564224243164,3.2175509929656982
71.6912,-156.2182,2010,8,23,0.0,2.359677792,2.839925766,31.29000282,7.817910612,10.39043069,42.33433151,1.794628143,0.0,12.038528442382812,32787.61967,2.2677557468414307,30.041839599609375,3.2499184608459473
71.2055,-157.0724,2010,8,24,0.0,2.44581604,3.732606649,31.41814423,17.80637205,16.90864414,52.29191589,1.181019664,0.0,17.370168685913086,571.5967003000001,2.2163400650024414,28.900930404663086,3.686561346054077
71.2489,-157.1686,2010,8,24,0.0,2.395962,3.8540833,31.44199371,18.07177961,15.95303714,52.27026749,1.280355692,0.0,16.848312377929688,115.198653,2.2163400650024414,28.900930404663086,3.686561346054077
71.4004,-157.4882,2010,8,24,0.0,2.090241194,2.110739231,31.19675636,14.84254897,6.731445342,40.85618973,1.541671634,0.0,10.876086235046388,11876.249679,2.0758399963378906,30.392581939697266,3.876448392868042
71.4976,-157.6679,2010,8,24,0.0,2.08310914,2.296522856,31.22537231,11.55373901,4.590307176,41.75585938,1.567158461,0.0,11.853561401367188,45047.759470000005,2.0079734325408936,30.2991943359375,3.7685983180999756
71.6224,-155.9269,2010,8,24,0.0,2.492203712,2.888978958,31.3636055,14.15859312,6.202683598,51.10555649,1.341070294,0.0,14.574673652648926,25396.83213,2.250976800918579,30.290712356567383,2.8027782440185547
71.9993,19.6815,2010,8,24,0.0,0.313176274,8.314825058,35.01306534,-0.752818491,-3.193473071,6.390301704,2.132283449,0.0,33.23696517944336,0.0,0.3238680362701416,34.3542594909668,8.2274808883667
73.4992,19.3265,2010,8,24,0.0,0.434807509,7.48740387,35.05316925,1.07209729,1.858482137,8.912746429,1.385658622,0.0,24.59598731994629,0.0,0.5082089900970459,34.463592529296875,7.707517623901367
73.9988,19.2172,2010,8,25,0.0,0.366338968,5.115070343,34.91764832,-1.0702339,-2.41855029,7.409210682,0.872781754,0.0,24.59598731994629,0.0,0.4683137834072113,34.24175262451172,5.932643890380859
71.4158,-156.4805,2010,8,29,0.0,1.832430005,4.144261837,31.21120071,56.46756887,18.91144663,22.33233452,1.832267404,0.0,10.915701866149902,217.23306034,1.872495174407959,29.541942596435547,3.4133903980255127
71.4374,-156.5461,2010,8,29,0.0,1.832430005,4.144261837,31.21120071,56.46756887,18.91144663,22.33233452,1.832267404,0.0,10.915701866149902,799.7610847999999,1.7908282279968262,29.77530288696289,3.9385790824890137
71.5277,-156.9147,2010,8,29,0.0,1.786081553,3.862023115,31.2702179,43.87999475,30.24869561,23.33736229,1.646582723,0.0,10.977867126464844,12662.83116,1.6960245370864868,29.850543975830078,3.5477495193481445
71.6309,-157.3397,2010,8,29,0.0,1.847625256,2.516121387,31.16730499,-0.370358699,-3.374434635,21.67975044,1.141074061,0.0,10.767897605895996,10962.380346000002,1.6892236471176147,29.924320220947266,3.475043535232544
71.362,-155.2094,2010,8,30,0.0,1.524384379,3.490941286,30.9839592,9.683744609,-6.516003609,15.85039616,0.220073894,0.0,10.767897605895996,248.6447657,1.8895777463912964,29.5677433013916,3.2377328872680664
71.4475,-155.0829,2010,8,30,0.0,2.000192642,4.173285484,31.35690308,14.93167132,-7.420646399,28.65983009,1.844582915,0.0,10.767897605895996,465.99902692,1.8895777463912964,29.5677433013916,3.2377328872680664
71.5419,-154.943,2010,8,30,0.0,2.000192642,4.173285484,31.35690308,14.93167132,-7.420646399,28.65983009,1.844582915,0.0,10.767897605895996,336.0355143,1.892217993736267,29.91254997253418,3.89082407951355
71.566,-154.9078,2010,8,30,0.0,2.000192642,4.173285484,31.35690308,14.93167132,-7.420646399,28.65983009,1.844582915,0.0,10.767897605895996,501.9163778,1.892217993736267,29.91254997253418,3.89082407951355
71.7333,-154.6599,2010,8,30,0.0,2.008614063,4.07248497,31.38674545,9.688021243,1.669058017,27.29551506,1.503010988,0.0,10.767897605895996,637.8969845,1.9886112213134766,29.93816375732422,3.8021695613861084
71.212,-155.4305,2010,8,31,0.0,2.001019001,3.759271383,31.08073616,4.225258529,-4.353513196,29.35901642,1.148396254,0.0,10.767897605895996,0.0,0.0,0.0,0.0
80.5355,25.9738,2010,8,31,0.823465705,0.101189315,-0.909862041,31.413414,9.075067192,-13.37121874,0.056854591,7.574275494,1.639098406,11.202301025390623,128.9117275,0.08574285358190536,29.876184463500977,-0.8142985105514526
79.891,30.342,2010,9,1,0.353722841,0.299835622,-0.343197197,31.93800163,-3.800142929,-20.60186416,0.161724776,8.502474785,1.178361177,10.767897605895996,2050.044851,0.30230680108070374,31.094125747680664,0.5658339262008667
79.9877,32.9925,2010,9,1,0.160474718,0.402663231,-0.714102268,31.98781204,-3.723070398,-15.40794522,0.242020532,8.627160072,0.947095871,10.767897605895996,0.0,0.36420294642448425,31.947975158691406,0.8836018443107605
80.5912,33.1752,2010,9,1,0.730455935,0.39528352,-1.336088896,32.05544662,-3.489799425,-11.16411239,0.240628943,8.872529984,1.392231345,11.608351707458496,769.886711,0.36770200729370117,30.686771392822266,-1.2489289045333862
79.335,27.5583,2010,9,2,0.012344221,0.393089682,-0.067983642,32.10020447,-0.273715402,-8.734507859,3.418532848,6.261739731,0.26638484,10.767897605895996,385.8392689,0.37273427844047546,30.79500389099121,0.36324819922447205
71.3265,-155.9521,2010,9,8,0.0,2.339182377,5.650205612,30.87939835,-0.375710055,0.948882569,34.50313568,0.337589324,0.0,11.523756980895996,38.045541285,2.1112427711486816,27.570619583129883,5.050783157348633
71.4318,-155.8521,2010,9,8,0.0,1.953312993,5.716042042,31.32976151,31.12038374,6.274351478,39.52944565,3.060664415,0.0,11.328744888305664,0.0,2.1112427711486816,27.570619583129883,5.050783157348633
71.4643,-155.7652,2010,9,8,0.0,1.953312993,5.716042042,31.32976151,31.12038374,6.274351478,39.52944565,3.060664415,0.0,11.328744888305664,28.324134573,2.1112427711486816,27.570619583129883,5.050783157348633
71.4841,-155.7358,2010,9,8,0.0,1.953312993,5.716042042,31.32976151,31.12038374,6.274351478,39.52944565,3.060664415,0.0,11.328744888305664,53.894165462,2.0882885456085205,29.590553283691406,5.036835670471191
71.5504,-155.8789,2010,9,8,0.0,1.867460012,5.732426167,31.33578491,38.74197304,7.001496106,38.72040558,3.135938168,0.0,10.812748908996582,574.102499,1.768340826034546,29.890371322631836,5.435093402862549
71.5968,-155.9476,2010,9,8,0.0,1.867460012,5.732426167,31.33578491,38.74197304,7.001496106,38.72040558,3.135938168,0.0,10.812748908996582,1886.6417402,1.768340826034546,29.890371322631836,5.435093402862549
71.2499,-155.3724,2010,9,10,0.0,1.778672576,5.518463135,31.00697327,7.038921863,-3.766945377,23.92190933,0.162801355,0.0,12.591002464294434,219.487908846,0.0,0.0,0.0
71.2912,-155.3667,2010,9,10,0.0,1.778672576,5.518463135,31.00697327,7.038921863,-3.766945377,23.92190933,0.162801355,0.0,12.591002464294434,150.17516068999998,2.0496981143951416,29.70924949645996,5.684603691101074
71.3364,-155.3669,2010,9,10,0.0,1.778672576,5.518463135,31.00697327,7.038921863,-3.766945377,23.92190933,0.162801355,0.0,12.591002464294434,400.8831953,2.0496981143951416,29.70924949645996,5.684603691101074
71.3774,-155.3675,2010,9,10,0.0,2.066590548,5.891073227,31.37571335,11.56186759,-2.823152952,31.87287331,2.914506435,0.0,11.260416984558104,102.8404357,2.0496981143951416,29.70924949645996,5.684603691101074
71.4196,-155.3686,2010,9,10,0.0,2.066590548,5.891073227,31.37571335,11.56186759,-2.823152952,31.87287331,2.914506435,0.0,11.260416984558104,205.92900955,2.0496981143951416,29.70924949645996,5.684603691101074
71.4628,-155.3608,2010,9,10,0.0,2.066590548,5.891073227,31.37571335,11.56186759,-2.823152952,31.87287331,2.914506435,0.0,11.260416984558104,38.59213294,2.0496981143951416,29.70924949645996,5.684603691101074
71.5045,-155.3585,2010,9,10,0.0,2.066590548,5.891073227,31.37571335,11.56186759,-2.823152952,31.87287331,2.914506435,0.0,11.260416984558104,0.0,1.9037444591522217,29.943300247192383,5.412238121032715
79.392,32.731,2010,9,22,0.0,0.248407379,-1.023326039,32.72569656,4.920930043,5.508093163,0.177704498,8.264378548,0.0,11.556601524353027,722.1047590999999,0.2436077743768692,31.901090621948242,-0.5127078294754028
72.0002,19.6667,2010,10,15,0.0,0.277738661,7.433971882,34.8416481,-3.645296767,-7.689216733,1.829940081,3.094578743,0.0,42.104766845703125,0.0,0.2712935209274292,34.372642517089844,7.393758296966553
73.4988,19.3258,2010,10,15,0.0,0.272621214,5.415632248,34.98315811,-2.954846434,-5.287430435,1.317770958,3.266468763,0.0,54.32785415649414,0.0,0.25528761744499207,34.61750030517578,5.777887344360352
73.999,19.2028,2010,10,16,0.0,0.261374891,3.287922382,34.66498947,-0.584959425,1.100203115,0.996991932,2.306455135,0.0,35.18645477294922,0.0,0.2574930191040039,34.4454231262207,4.375337600708008
63.0738,3.65667,2010,11,8,0.0,0.31012553,9.217760086,35.04779434,17.83947051,16.23001248,1.662224054,5.039794922,0.0,58.08690643310547,0.0,0.27331069111824036,34.941287994384766,9.224431991577148
73.4962,19.3492,2011,1,22,0.0,0.030367281,4.388409615,35.14680481,8.199734241,-13.41839582,0.0,9.27402401,0.0,141.80059814453125,0.0,0.029290316626429558,34.99015808105469,4.8774590492248535
73.9968,19.2247,2011,1,22,0.0,0.035363253,2.508504152,35.030159,8.380376548,-8.924095333,0.0,8.358843803,0.0,126.92900848388672,0.0,0.031574565917253494,35.016902923583984,3.864812135696411
71.9987,19.6828,2011,3,4,0.0,0.031984583,5.272770882,35.11281967,2.424061112,-11.75168902,0.043407839,9.599308014,0.0,246.7410430908203,0.0,0.04008902609348297,34.985721588134766,5.664618492126465
73.4992,19.3323,2011,3,5,0.0,0.042565361,4.918678761,35.14726257,2.251597308,-4.633077234,0.064105831,9.041736603,0.0,142.50946044921875,0.0,0.03769771009683609,35.055198669433594,5.218262672424316
74.0007,19.2205,2011,3,6,0.0,0.061175562,3.842542171,35.09495163,13.28977942,-1.707047783,0.161358073,8.450678825,0.0,122.9970932006836,0.0,0.05814550817012787,34.94126892089844,3.737959623336792
62.4853,4.946,2011,3,16,0.0,0.728995204,5.224745274,34.15376663,8.126711845,12.79583126,6.495640278,5.586664677,0.0,52.71630096435547,0.0,0.7272659540176392,33.638816833496094,5.11625337600708
62.722,4.43917,2011,3,16,0.0,0.886395872,6.37923336,34.76176453,31.02622628,18.56032014,9.124313354,6.635566235,0.0,42.3320198059082,0.0,0.909309983253479,34.09661102294922,5.824957370758057
63.663,2.34917,2011,3,18,0.0,0.915075898,7.011656761,35.26300049,3.246072307,9.908170253,9.379303932,6.750554085,0.0,232.1055145263672,0.0,0.36443933844566345,35.221031188964844,7.002971649169922
74.0,19.2,2011,4,13,0.0,1.538842797,3.211880207,34.99076843,14.05361742,0.170636293,23.04833984,6.677328587,0.0,80.81716918945312,0.0,0.6247483491897583,34.93378829956055,4.593609809875488
62.6037,4.69017,2011,5,13,0.0,0.397769213,9.517558098,33.61373901,2.472865768,6.49767071,8.745614052,0.04284158,0.0,10.767897605895996,0.0,0.41326430439949036,32.13873291015625,8.745648384094238
62.7227,4.436,2011,5,13,0.0,0.603567362,9.419445992,33.98490524,16.70986712,17.19494015,12.05666733,0.070217416,0.0,10.767897605895996,0.0,0.36969250440597534,32.14753341674805,8.766366958618164
62.8383,4.17683,2011,5,13,0.0,0.764951587,9.528728485,34.298069,19.55109239,16.28996432,19.46225357,0.234915182,0.0,10.767897605895996,0.0,0.9081385731697083,33.129058837890625,9.222570419311523
62.9562,3.91633,2011,5,13,0.0,0.975128114,10.36788082,35.38367844,23.18555415,12.77297735,21.72609901,2.942186594,0.0,10.767897605895996,0.0,1.0250157117843628,33.4749641418457,9.545868873596191
63.0747,3.65733,2011,5,13,0.0,0.972817421,10.21350288,35.33230591,23.19275737,5.62902987,21.9764061,3.138028145,0.0,10.767897605895996,0.0,0.9189799427986145,33.65809631347656,9.665279388427734
63.1923,3.39617,2011,5,13,0.0,0.86227268,10.24726772,35.21380234,-0.684094662,-2.126602083,19.65997696,3.405212164,0.0,10.767897605895996,0.0,0.8938880562782288,33.684261322021484,9.765946388244629
63.3103,3.13433,2011,5,13,0.0,0.877428234,10.19850445,35.16693497,3.005373478,-2.110746689,19.96964836,3.314234257,0.0,10.767897605895996,0.0,0.8501735329627991,33.607948303222656,9.60655403137207
63.428,2.866,2011,5,13,0.0,0.880439162,10.08537483,35.07221603,-8.829990029,9.239543229,19.58237648,3.33285737,0.0,10.767897605895996,0.0,0.8445491194725037,33.70787048339844,9.565572738647461
63.6653,2.331,2011,5,13,0.0,0.977416813,9.896297455,35.34422684,-2.711762488,15.13168365,20.85459709,3.261488914,0.0,10.767897605895996,0.0,0.9010779857635498,33.740482330322266,9.390369415283203
63.9012,1.79817,2011,5,13,0.0,0.90984112,9.187026978,35.28608704,3.376730904,9.772477299,19.13002586,3.067174196,0.0,10.767897605895996,0.0,0.9450733065605164,33.71080017089844,8.966409683227539
64.1347,1.26067,2011,5,14,0.0,0.749444783,9.086117744,35.26861572,8.553357422,6.936632097,16.8195343,3.459994555,0.0,10.767897605895996,0.0,0.8097487092018127,33.66934585571289,8.984281539916992
64.3693,0.725833,2011,5,14,0.0,0.775096476,8.932599068,35.23083496,9.470724314,22.22204357,17.15123367,3.327710867,0.0,10.767897605895996,0.0,0.7478538751602173,33.5388298034668,8.09359073638916
64.666,0.0035,2011,5,14,0.0,0.488329649,8.34239769,35.1268158,-5.199017003,3.931455314,11.75623035,4.216492653,0.0,10.767897605895996,0.0,0.6279187202453613,33.45076370239258,7.3790693283081055
74.0,19.2,2011,6,8,0.0,1.294422865,4.472547531,34.48548889,4.764882103,-1.7901605,23.36558342,1.348017931,0.0,10.767897605895996,0.0,1.3083199262619019,33.26731872558594,5.700199127197266
71.9833,19.6833,2011,6,9,0.0,2.082456589,6.858752728,35.1035614,-6.344218552,-0.402004551,40.77781677,3.720722198,0.0,16.908559799194336,0.0,1.8318746089935303,34.027645111083984,6.781500339508057
73.4833,19.3167,2011,6,9,0.0,1.384357691,6.389279366,35.09423828,-6.79006502,-3.766308725,28.34209824,1.693525076,0.0,11.644294738769531,0.0,1.3758176565170288,33.836246490478516,6.233521938323975
80.8203,25.0715,2011,8,15,0.479966551,0.258130014,-2.066387653,31.92074013,4.693189636,0.466930261,2.246040583,5.49256897,1.022549272,10.767897605895996,321.83136203000004,0.26547935605049133,30.800146102905273,-1.5053561925888062
81.1813,32.9252,2011,8,16,0.602646589,0.60143739,-1.671521544,32.52393341,8.513732255,6.806414574,2.058297873,8.114606857,0.534783661,10.767897605895996,9499.151726,0.49646592140197754,30.820518493652344,-1.5033981800079346
63.0708,3.66023,2011,8,20,0.0,0.343631774,13.94353008,33.83782196,11.30501106,14.55403417,14.34028149,0.192373767,0.0,10.767897605895996,0.0,0.34311574697494507,33.00483703613281,13.238289833068848
71.309,-155.9807,2011,8,22,0.0,1.198390007,4.222557068,30.4985733,-1.615155116,-3.134790435,19.6818943,0.009376062,0.0,12.0,1.125343065,1.040402889251709,26.435232162475586,3.673316240310669
71.3972,-155.8641,2011,8,22,0.0,1.793000579,2.78837657,31.06099319,-3.536859527,-5.768403783,29.35260773,0.495454997,0.0,15.478569984436035,20.391893916,1.040402889251709,26.435232162475586,3.673316240310669
71.4882,-155.7381,2011,8,22,0.0,1.793000579,2.78837657,31.06099319,-3.536859527,-5.768403783,29.35260773,0.495454997,0.0,15.478569984436035,11.162911577,1.0776699781417847,29.3032169342041,4.23958683013916
71.5238,-155.8464,2011,8,22,0.0,1.793000579,2.78837657,31.06099319,-3.536859527,-5.768403783,29.35260773,0.495454997,0.0,15.478569984436035,3489.2708230000003,1.8388625383377075,30.265539169311523,2.5168333053588867
71.3083,-155.9827,2011,8,23,0.0,1.136362314,3.935257196,30.48355865,-3.49355042,-1.548989303,18.87740135,0.00945468,0.0,12.0,0.0,0.9877142310142517,26.422849655151367,3.42983078956604
71.4463,-156.6254,2011,8,23,0.0,1.658074975,1.88286829,31.08257675,-5.3044945,-1.265658345,26.57126999,0.388093024,0.0,15.73769474029541,356344.9163,1.4408540725708008,29.915802001953125,2.7959177494049072
71.4483,-156.6322,2011,8,23,0.0,1.658074975,1.88286829,31.08257675,-5.3044945,-1.265658345,26.57126999,0.388093024,0.0,15.73769474029541,2964.6197814,1.4408540725708008,29.915802001953125,2.7959177494049072
71.5076,-156.8937,2011,8,23,0.0,1.589047313,1.921941638,31.11756706,-1.82560496,-0.028356837,24.50054359,0.373758912,0.0,15.35576057434082,472607.0103,1.5833557844161987,30.106496810913086,1.8709871768951416
71.5092,-156.8873,2011,8,23,0.0,1.589047313,1.921941638,31.11756706,-1.82560496,-0.028356837,24.50054359,0.373758912,0.0,15.35576057434082,16988.03681,1.5833557844161987,30.106496810913086,1.8709871768951416
71.5107,-156.8797,2011,8,23,0.0,1.589047313,1.921941638,31.11756706,-1.82560496,-0.028356837,24.50054359,0.373758912,0.0,15.35576057434082,5487.513884,1.5833557844161987,30.106496810913086,1.8709871768951416
71.5726,-157.1383,2011,8,23,0.0,1.544298887,1.895184875,31.15625763,0.704382081,-1.060490962,23.67823792,0.360754669,0.0,15.87248420715332,259666.8326,1.5717765092849731,30.17860984802246,1.8550665378570557
71.5745,-157.1101,2011,8,23,0.0,1.589047313,1.921941638,31.11756706,-1.82560496,-0.028356837,24.50054359,0.373758912,0.0,15.35576057434082,3233.678087,1.5717765092849731,30.17860984802246,1.8550665378570557
71.6302,-157.3485,2011,8,23,0.0,1.512773871,1.078748465,31.26783371,1.57746058,2.114542574,23.19287682,0.35696727,0.0,14.872687339782717,126846.0926,1.4916439056396484,30.162864685058594,1.6809430122375488
71.3091,-155.9849,2011,8,25,0.0,1.021413088,4.213189125,30.36609268,-3.878061101,4.101230577,15.85266018,0.010349267,0.0,10.825658798217772,75.87294967,0.9706683158874512,28.303680419921875,3.818127155303955
71.4442,-155.8043,2011,8,25,0.0,1.301137567,2.98463726,31.01045418,1.624807343,1.79478731,17.80012131,0.164971054,0.0,11.124492645263672,22.127214697,0.9706683158874512,28.303680419921875,3.818127155303955
71.4457,-155.802,2011,8,25,0.0,1.301137567,2.98463726,31.01045418,1.624807343,1.79478731,17.80012131,0.164971054,0.0,11.124492645263672,,0.9706683158874512,28.303680419921875,3.818127155303955
71.4933,-155.7527,2011,8,25,0.0,1.301137567,2.98463726,31.01045418,1.624807343,1.79478731,17.80012131,0.164971054,0.0,11.124492645263672,529.9642158,0.9706683158874512,28.303680419921875,3.818127155303955
71.4941,-155.7542,2011,8,25,0.0,1.301137567,2.98463726,31.01045418,1.624807343,1.79478731,17.80012131,0.164971054,0.0,11.124492645263672,831.684256,0.9706683158874512,28.303680419921875,3.818127155303955
71.5717,-155.9301,2011,8,25,0.0,1.387908936,2.495130777,30.99612045,0.836787,3.038072772,19.10670662,0.181525558,0.0,10.850135803222656,53736.39128,1.3365479707717896,29.578420639038086,2.2515475749969482
71.5718,-155.9377,2011,8,25,0.0,1.387908936,2.495130777,30.99612045,0.836787,3.038072772,19.10670662,0.181525558,0.0,10.850135803222656,1128999.566,1.3365479707717896,29.578420639038086,2.2515475749969482
71.5725,-155.9315,2011,8,25,0.0,1.387908936,2.495130777,30.99612045,0.836787,3.038072772,19.10670662,0.181525558,0.0,10.850135803222656,3631.516531,1.3365479707717896,29.578420639038086,2.2515475749969482
71.6887,-156.2195,2011,8,25,0.0,1.611056447,1.953527331,31.15112877,7.937306911,5.294742435,24.41426659,0.347402871,0.0,12.725727081298828,18105.63424,1.5131316184997559,29.55325698852539,1.9920097589492798
71.6899,-156.225,2011,8,25,0.0,1.611056447,1.953527331,31.15112877,7.937306911,5.294742435,24.41426659,0.347402871,0.0,12.725727081298828,464091.2792,1.5131316184997559,29.55325698852539,1.9920097589492798
71.6909,-156.2242,2011,8,25,0.0,1.611056447,1.953527331,31.15112877,7.937306911,5.294742435,24.41426659,0.347402871,0.0,12.725727081298828,5677.85792,1.5131316184997559,29.55325698852539,1.9920097589492798
73.5017,19.3248,2011,8,25,0.0,0.258097112,8.751936913,35.07778549,-0.111501652,-3.556220978,6.188733101,0.855803132,0.0,10.767897605895996,0.0,0.24574033915996552,33.452579498291016,8.348428726196289
73.999,19.2182,2011,8,25,0.0,0.318109423,6.635887623,34.27316284,7.027667761,-2.548922412,7.84515667,0.320798725,0.0,10.767897605895996,0.0,0.277218222618103,33.00466537475586,7.259138107299805
71.2146,-155.4303,2011,8,29,0.0,0.893170953,5.383080959,30.51051331,3.940190375,3.776077926,11.49706268,0.016856533,0.0,10.767897605895996,894.2169068,0.0,0.0,0.0
71.3465,-155.2368,2011,8,29,0.0,0.964326859,5.30152607,30.60066414,4.084411263,3.092971072,14.37918758,0.018173983,0.0,10.767897605895996,3507.749146,0.9394899606704712,29.19505500793457,4.968360900878906
71.3489,-155.233,2011,8,29,0.0,0.964326859,5.30152607,30.60066414,4.084411263,3.092971072,14.37918758,0.018173983,0.0,10.767897605895996,5158.943693,0.9394899606704712,29.19505500793457,4.968360900878906
71.349,-155.2345,2011,8,29,0.0,0.964326859,5.30152607,30.60066414,4.084411263,3.092971072,14.37918758,0.018173983,0.0,10.767897605895996,2524.755777,0.9394899606704712,29.19505500793457,4.968360900878906
71.4826,-155.041,2011,8,29,0.0,1.145751238,4.101956367,30.96784782,18.37879717,-0.501454435,16.01190186,0.231617868,0.0,10.767897605895996,745.0752680999999,0.9394899606704712,29.19505500793457,4.968360900878906
71.4839,-155.0338,2011,8,29,0.0,1.145751238,4.101956367,30.96784782,18.37879717,-0.501454435,16.01190186,0.231617868,0.0,10.767897605895996,3362.867,0.9394899606704712,29.19505500793457,4.968360900878906
71.4841,-155.0361,2011,8,29,0.0,1.145751238,4.101956367,30.96784782,18.37879717,-0.501454435,16.01190186,0.231617868,0.0,10.767897605895996,5755.783105,0.9394899606704712,29.19505500793457,4.968360900878906
71.6198,-154.8269,2011,8,29,0.0,0.995684981,4.490694523,30.9857254,13.63080889,-0.637946278,13.05213642,0.144637376,0.0,10.771519660949709,567.9313974,1.1097246408462524,29.543088912963867,3.763380765914917
71.6211,-154.8196,2011,8,29,0.0,0.995684981,4.490694523,30.9857254,13.63080889,-0.637946278,13.05213642,0.144637376,0.0,10.771519660949709,,1.1097246408462524,29.543088912963867,3.763380765914917
71.7106,-154.6943,2011,8,29,0.0,1.093650937,4.043980598,31.01471138,11.89134344,9.931689501,14.43968296,0.1759644,0.0,10.767897605895996,98.75909701,0.9626983404159546,29.554256439208984,4.187952518463135
71.7163,-154.6899,2011,8,29,0.0,1.093650937,4.043980598,31.01471138,11.89134344,9.931689501,14.43968296,0.1759644,0.0,10.767897605895996,0.0,0.9626983404159546,29.554256439208984,4.187952518463135
71.2146,-155.4181,2011,8,31,0.0,0.875353873,5.771364689,30.46638107,7.891499996,-0.491435034,12.03678799,0.069877662,0.0,10.767897605895996,96.30028228,0.0,0.0,0.0
71.2445,-155.7006,2011,8,31,0.0,0.984587312,5.73583889,30.40963936,6.771674752,-0.660498859,15.34856129,0.175624579,0.0,10.767897605895996,214.6954345,0.0,0.0,0.0
71.3073,-155.9793,2011,8,31,0.0,0.886265934,5.757563591,30.29660797,4.767059162,-1.071150973,12.64134216,0.111114927,0.0,10.767897605895996,78.37425571,1.299709439277649,29.146665573120117,5.048395156860352
71.2484,-157.1618,2011,9,1,0.0,1.871033669,6.881588936,30.89049721,36.62030995,23.41742516,39.90996552,1.016739964,0.0,10.767897605895996,52.11054236,1.996301293373108,29.433242797851562,6.7956953048706055
71.2486,-157.1611,2011,9,1,0.0,1.871033669,6.881588936,30.89049721,36.62030995,23.41742516,39.90996552,1.016739964,0.0,10.767897605895996,630.5375625,1.996301293373108,29.433242797851562,6.7956953048706055
71.2491,-157.1627,2011,9,1,0.0,1.871033669,6.881588936,30.89049721,36.62030995,23.41742516,39.90996552,1.016739964,0.0,10.767897605895996,115.08803151,1.996301293373108,29.433242797851562,6.7956953048706055
71.3314,-157.3276,2011,9,1,0.0,1.871033669,6.881588936,30.89049721,36.62030995,23.41742516,39.90996552,1.016739964,0.0,10.767897605895996,20.6400711,1.5779681205749512,29.513254165649414,6.381561756134033
71.3368,-157.3081,2011,9,1,0.0,1.871033669,6.881588936,30.89049721,36.62030995,23.41742516,39.90996552,1.016739964,0.0,10.767897605895996,1335.419499,1.5779681205749512,29.513254165649414,6.381561756134033
71.3372,-157.3072,2011,9,1,0.0,1.871033669,6.881588936,30.89049721,36.62030995,23.41742516,39.90996552,1.016739964,0.0,10.767897605895996,1072.956067,1.5779681205749512,29.513254165649414,6.381561756134033
71.4083,-157.4988,2011,9,1,0.0,1.217357397,6.323162556,31.03364944,16.95381999,4.921631142,19.74686241,0.340164334,0.0,10.767897605895996,129227.197,1.5779681205749512,29.513254165649414,6.381561756134033
71.41,-157.4956,2011,9,1,0.0,1.217357397,6.323162556,31.03364944,16.95381999,4.921631142,19.74686241,0.340164334,0.0,10.767897605895996,84970.75556,1.5779681205749512,29.513254165649414,6.381561756134033
71.415,-157.4885,2011,9,1,0.0,1.217357397,6.323162556,31.03364944,16.95381999,4.921631142,19.74686241,0.340164334,0.0,10.767897605895996,1835.3542874,1.5779681205749512,29.513254165649414,6.381561756134033
71.4512,-156.1403,2011,9,1,0.0,1.826388836,6.493302822,30.94224358,29.3725282,2.702880464,36.12478256,0.91789633,0.0,10.767897605895996,18595.64704,1.3897963762283325,29.115795135498047,5.002103805541992
71.4515,-156.1388,2011,9,1,0.0,1.826388836,6.493302822,30.94224358,29.3725282,2.702880464,36.12478256,0.91789633,0.0,10.767897605895996,24618.06242,1.3897963762283325,29.115795135498047,5.002103805541992
71.4942,-157.6635,2011,9,1,0.0,1.237088919,6.338259697,31.06223106,13.11818063,5.743183568,20.13571548,0.357828647,0.0,10.767897605895996,21937.66982,1.420944094657898,29.5306396484375,6.133331775665283
71.4955,-157.6683,2011,9,1,0.0,1.237088919,6.338259697,31.06223106,13.11818063,5.743183568,20.13571548,0.357828647,0.0,10.767897605895996,89653.06149,1.420944094657898,29.5306396484375,6.133331775665283
71.4956,-157.6662,2011,9,1,0.0,1.237088919,6.338259697,31.06223106,13.11818063,5.743183568,20.13571548,0.357828647,0.0,10.767897605895996,909.5696758,1.420944094657898,29.5306396484375,6.133331775665283
71.5773,-157.8401,2011,9,1,0.0,1.237088919,6.338259697,31.06223106,13.11818063,5.743183568,20.13571548,0.357828647,0.0,10.767897605895996,4782.744985,1.207080364227295,29.66080665588379,5.9471869468688965
71.3494,-155.9268,2011,9,3,0.0,0.948490381,4.968997478,30.21234894,1.880363375,-3.264178708,12.68678665,0.187192336,0.0,10.767897605895996,50.33878392,1.6594263315200806,29.260501861572266,4.605762481689453
71.3509,-155.9237,2011,9,3,0.0,0.948490381,4.968997478,30.21234894,1.880363375,-3.264178708,12.68678665,0.187192336,0.0,10.767897605895996,0.800002756,1.6594263315200806,29.260501861572266,4.605762481689453
71.444,-155.8109,2011,9,3,0.0,2.051998138,5.847434044,30.9273262,14.90851343,-0.71826037,33.69464874,0.855026841,0.0,10.767897605895996,2151.470592,1.6594263315200806,29.260501861572266,4.605762481689453
71.4444,-155.8102,2011,9,3,0.0,2.051998138,5.847434044,30.9273262,14.90851343,-0.71826037,33.69464874,0.855026841,0.0,10.767897605895996,19.8020061,1.6594263315200806,29.260501861572266,4.605762481689453
71.4454,-155.8022,2011,9,3,0.0,2.051998138,5.847434044,30.9273262,14.90851343,-0.71826037,33.69464874,0.855026841,0.0,10.767897605895996,179.22573063000002,1.6594263315200806,29.260501861572266,4.605762481689453
71.5272,-155.8334,2011,9,3,0.0,2.051998138,5.847434044,30.9273262,14.90851343,-0.71826037,33.69464874,0.855026841,0.0,10.767897605895996,61.14303637,1.906180500984192,29.475852966308594,5.572327136993408
71.5275,-155.8286,2011,9,3,0.0,2.051998138,5.847434044,30.9273262,14.90851343,-0.71826037,33.69464874,0.855026841,0.0,10.767897605895996,21862.10954,1.906180500984192,29.475852966308594,5.572327136993408
71.5298,-155.8361,2011,9,3,0.0,2.051998138,5.847434044,30.9273262,14.90851343,-0.71826037,33.69464874,0.855026841,0.0,10.767897605895996,239.94845277,1.906180500984192,29.475852966308594,5.572327136993408
71.611,-156.0352,2011,9,3,0.0,1.980788589,5.87080574,30.86374092,20.759359,0.185669295,33.04442215,0.857927084,0.0,10.767897605895996,298966.5192,1.8008586168289185,29.455108642578125,5.634597301483154
71.6112,-156.03,2011,9,3,0.0,1.980788589,5.87080574,30.86374092,20.759359,0.185669295,33.04442215,0.857927084,0.0,10.767897605895996,288.0009921,1.8008586168289185,29.455108642578125,5.634597301483154
71.6122,-156.031,2011,9,3,0.0,1.980788589,5.87080574,30.86374092,20.759359,0.185669295,33.04442215,0.857927084,0.0,10.767897605895996,1433.908424,1.8008586168289185,29.455108642578125,5.634597301483154
71.6888,-156.2335,2011,9,3,0.0,1.396928906,5.848117352,31.00989151,13.90284151,16.77124947,23.04051971,0.509665668,0.0,10.767897605895996,69974.73108,1.8008586168289185,29.455108642578125,5.634597301483154
71.6907,-156.2286,2011,9,3,0.0,1.396928906,5.848117352,31.00989151,13.90284151,16.77124947,23.04051971,0.509665668,0.0,10.767897605895996,2937.7018137,1.8008586168289185,29.455108642578125,5.634597301483154
71.6907,-156.2276,2011,9,3,0.0,1.396928906,5.848117352,31.00989151,13.90284151,16.77124947,23.04051971,0.509665668,0.0,10.767897605895996,4228.944214,1.8008586168289185,29.455108642578125,5.634597301483154
71.4947,-156.8305,2011,9,5,0.0,1.989749551,5.116500854,30.81072426,19.01303828,21.35400176,37.34228134,1.057077765,0.0,10.767897605895996,43510.21845,2.0966625213623047,29.40531349182129,5.180440902709961
71.4961,-156.8262,2011,9,5,0.0,1.989749551,5.116500854,30.81072426,19.01303828,21.35400176,37.34228134,1.057077765,0.0,10.767897605895996,13713.41033,2.0966625213623047,29.40531349182129,5.180440902709961
71.5315,-156.9805,2011,9,5,0.0,1.578817487,5.025104046,30.8868103,17.14458168,19.08618957,29.41809464,0.772580802,0.0,10.791767120361328,76554.90297,1.506047010421753,29.464954376220703,4.798492908477783
71.5328,-156.9734,2011,9,5,0.0,1.578817487,5.025104046,30.8868103,17.14458168,19.08618957,29.41809464,0.772580802,0.0,10.791767120361328,0.0,1.506047010421753,29.464954376220703,4.798492908477783
71.5661,-157.075,2011,9,5,0.0,1.578817487,5.025104046,30.8868103,17.14458168,19.08618957,29.41809464,0.772580802,0.0,10.791767120361328,0.0,1.3345667123794556,29.523685455322266,4.74098539352417
71.5687,-157.0601,2011,9,5,0.0,1.578817487,5.025104046,30.8868103,17.14458168,19.08618957,29.41809464,0.772580802,0.0,10.791767120361328,57493.56138,1.3345667123794556,29.523685455322266,4.74098539352417
71.2128,-155.4104,2011,9,8,0.0,1.478457928,3.466697931,30.70444679,-5.351401865,-2.835138515,21.19121933,0.070467286,0.0,11.737944602966309,22.92863864,0.0,0.0,0.0
71.2144,-155.4113,2011,9,12,0.0,1.574820757,5.212983131,30.72665215,17.32208133,-4.316025227,28.69338036,0.317030251,0.0,11.805383682250977,910.6838382,0.0,0.0,0.0
71.3021,-155.319,2011,9,12,0.0,1.389511585,5.085997581,30.74839592,22.73525596,-3.083772585,24.37974358,0.090547368,0.0,12.630661010742188,8442.498448,1.508719801902771,29.429319381713867,4.984714508056641
71.3101,-155.98,2011,9,13,0.0,1.615421653,5.957746029,30.43614388,1.167846005,2.125229873,26.62373161,0.498860717,0.0,10.914328575134276,38.56180134,1.5366257429122925,28.331695556640625,5.403604984283447
71.3111,-155.9858,2011,9,13,0.0,1.615421653,5.957746029,30.43614388,1.167846005,2.125229873,26.62373161,0.498860717,0.0,10.914328575134276,6.650355446,1.5366257429122925,28.331695556640625,5.403604984283447
71.3975,-155.8677,2011,9,13,0.0,1.923125029,6.739117622,30.99016571,60.44172049,0.210144348,34.07181168,2.658860445,0.0,10.767897605895996,25.353891568,1.5366257429122925,28.331695556640625,5.403604984283447
71.3978,-155.87,2011,9,13,0.0,1.923125029,6.739117622,30.99016571,60.44172049,0.210144348,34.07181168,2.658860445,0.0,10.767897605895996,507.2092789,1.5366257429122925,28.331695556640625,5.403604984283447
71.3981,-155.8682,2011,9,13,0.0,1.923125029,6.739117622,30.99016571,60.44172049,0.210144348,34.07181168,2.658860445,0.0,10.767897605895996,276.1858745,1.5366257429122925,28.331695556640625,5.403604984283447
71.4886,-155.7369,2011,9,13,0.0,1.923125029,6.739117622,30.99016571,60.44172049,0.210144348,34.07181168,2.658860445,0.0,10.767897605895996,216.43669237,1.66367769241333,29.32284927368164,5.504166603088379
71.4889,-155.742,2011,9,13,0.0,1.923125029,6.739117622,30.99016571,60.44172049,0.210144348,34.07181168,2.658860445,0.0,10.767897605895996,1748.134994,1.66367769241333,29.32284927368164,5.504166603088379
71.4891,-155.7405,2011,9,13,0.0,1.923125029,6.739117622,30.99016571,60.44172049,0.210144348,34.07181168,2.658860445,0.0,10.767897605895996,1940.249194,1.66367769241333,29.32284927368164,5.504166603088379
71.5193,-155.8637,2011,9,13,0.0,1.923125029,6.739117622,30.99016571,60.44172049,0.210144348,34.07181168,2.658860445,0.0,10.767897605895996,19593.21652,1.8148075342178345,29.552698135375977,6.464735984802246
71.5246,-155.8521,2011,9,13,0.0,1.923125029,6.739117622,30.99016571,60.44172049,0.210144348,34.07181168,2.658860445,0.0,10.767897605895996,72.76926465,1.8148075342178345,29.552698135375977,6.464735984802246
71.3009,-155.3082,2011,9,14,0.0,1.456466436,5.854925156,30.75242805,-1.997550763,2.178947441,16.58453369,0.158342302,0.0,10.77865982055664,5878.069178,1.8189924955368042,29.32585906982422,5.759241104125977
79.2755,33.1437,2011,9,27,0.0,0.264093995,1.641559124,32.83852386,2.567179687,3.445154801,0.516340494,5.415686607,0.0,10.767897605895996,64.00790701,0.2520335614681244,31.326244354248047,1.5331494808197021
79.6363,32.933,2011,9,27,0.0,0.235805184,1.252280951,32.58338928,5.519143865,4.128184542,0.257322848,5.05656147,0.0,11.100386619567873,0.0,0.21999303996562958,31.277082443237305,1.3491055965423584
73.4995,19.3313,2011,10,14,0.0,0.28929022,5.812526226,34.63117599,7.50894621,1.752382144,0.594950914,2.095707893,0.0,31.88603401184082,0.0,0.2965998649597168,34.268043518066406,6.346681594848633
74.0008,19.2232,2011,10,14,0.0,0.281331241,4.160511971,34.30646515,13.65781873,3.201417625,0.561498821,1.909753084,0.0,26.65048599243164,0.0,0.27686089277267456,33.67292022705078,4.057590961456299
70.198,-8.87133,2011,10,25,0.0,0.345335037,4.739211082,34.98245621,-4.01622802,3.215837479,0.50058949,5.113142014,0.0,54.48996353149414,0.0,0.329348623752594,34.55819320678711,4.5142951011657715
70.2048,-8.31467,2011,10,26,0.0,0.330848575,4.681005955,34.94898224,2.43087057,9.833179414,0.763527513,5.150150299,0.0,60.43367004394531,0.0,0.3162849247455597,34.546878814697266,4.418577671051025
69.92,-7.32783,2011,10,27,0.0,0.324577332,4.675077438,34.93695831,-2.022344805,4.489975795,0.746810019,5.778903961,0.0,50.91987991333008,0.0,0.2942347824573517,34.55473709106445,4.686941146850586
70.0695,-8.3565,2011,10,27,0.0,0.331423491,4.407061577,34.89230728,-2.583233267,4.93246913,0.666000783,5.567754745,0.0,48.31401824951172,0.0,0.31009137630462646,34.52617263793945,4.39365291595459
69.4953,-8.09833,2011,10,29,0.0,0.316303074,5.131904602,34.95724487,-4.661170393,2.017799392,0.469175726,5.950452328,0.0,37.73134231567383,0.0,0.3132004141807556,34.06186294555664,4.514920711517334
64.77873333,-170.44005,2011,11,13,0.002223461,0.577378809,0.875585973,32.52511597,-9.236036986,-6.163937598,0.627400517,14.71052933,0.00670524,36.16380310058594,337.8620758,0.5693935751914978,32.07820129394531,0.8744714260101318
71.20233333,-164.3391667,2011,11,15,0.392669976,0.190747082,-0.76611197,31.78759384,-12.78201342,-4.522425309,0.000338351,5.155692577,0.594228625,41.949851989746094,15.405429532,0.2056640088558197,30.099613189697266,-0.5521540641784668
70.86983333,-159.6445,2011,11,16,0.670864165,0.230395243,-1.161376357,31.86453819,-37.16516793,-23.03001434,0.002218189,7.234254837,0.571787119,33.097190856933594,0.0,0.2244255095720291,31.382078170776367,-1.0982987880706787
71.022,-160.1726667,2011,11,16,0.617438674,0.218143418,-0.854367912,31.81353378,-35.87779999,-22.55277783,0.001974525,7.502381325,0.498590082,57.61772155761719,760.7890064,0.2126641720533371,31.014118194580078,-0.7628879547119141
71.1515,-160.7593333,2011,11,16,0.463740975,0.226323798,-0.961874008,31.77880859,11.91365197,-0.204721326,0.002623014,6.388813972,0.51359272,29.93939971923828,60.15589971,0.22268959879875183,31.442726135253906,-0.8329920172691345
71.2599,-161.3297,2011,11,17,0.561577022,0.189917207,-1.073943496,31.87143326,19.95208114,5.75455986,0.000895131,6.293410778,0.498392433,35.019168853759766,0.0,0.18654987215995789,31.500818252563477,-0.9998136758804321
71.39,-161.8483167,2011,11,17,0.522921145,0.151601002,-1.043074846,31.98107719,11.14273146,-5.189771205,0.000308728,6.618162632,0.467165112,46.90703201293945,23.75316036,0.15033234655857086,29.39670181274414,-0.9887011647224426
71.61,-161.2213333,2011,11,17,0.558078825,0.158913314,-1.064889789,31.97652626,15.58625996,-2.375286631,0.000428798,6.789223671,0.4602229,42.493309020996094,0.0,0.1571265012025833,31.60445213317871,-1.0008761882781982
71.75515,-161.4671333,2011,11,17,0.583646178,0.173289865,-1.186615467,31.99477959,3.739962354,-6.133143231,0.000108867,6.493450642,0.495043457,43.31364059448242,0.0,0.1710488498210907,31.62553596496582,-1.1723344326019287
71.896,-159.7045833,2011,11,18,0.784258246,0.1774728,-1.093759656,31.75216675,2.778328583,-7.522615045,0.0,7.434015274,0.545206308,10.880959510803224,0.0,0.16266928613185883,30.791095733642578,-1.002233624458313
72.03766667,-158.9688333,2011,11,18,0.872824013,0.171943903,-1.191526532,31.75734901,4.554434866,-4.196566716,0.0,7.48512888,0.57045728,10.767897605895996,7.428348903,0.16394127905368805,30.302574157714844,-0.9759194850921631
72.134,-158.4886667,2011,11,18,0.910180688,0.169362739,-1.356278419,31.71058846,4.335540533,-1.433380321,0.0,7.475854397,0.783608019,10.767897605895996,16.05345008,0.16331544518470764,30.30369758605957,-1.086715579032898
72.23263333,-157.9829333,2011,11,18,0.937456965,0.185529456,-1.420104265,31.63613129,2.668423392,1.524003688,0.0,7.142024994,0.756823838,10.767897605895996,27.89360233,0.17920555174350739,30.37822914123535,-1.2515381574630737
72.33376667,-157.4560667,2011,11,19,0.960330248,0.195992664,-1.437854886,31.52664375,-4.991836846,0.8249145,0.0,6.794638634,0.678410947,10.878952026367188,47.42516329,0.18698325753211975,30.08070945739746,-1.3416846990585327
72.33493333,-157.4516333,2011,11,19,0.960330248,0.195992664,-1.437854886,31.52664375,-4.991836846,0.8249145,0.0,6.794638634,0.678410947,10.878952026367188,140.94242498,0.18698325753211975,30.08070945739746,-1.3416846990585327
72.41166667,-157.0445,2011,11,19,0.93922013,0.19763568,-1.668095112,30.95643997,-12.96574771,7.756067067,0.0,5.519264221,0.675611317,10.767897605895996,12.73447011,0.18691366910934448,30.085556030273438,-1.3776944875717163
72.41316667,-157.055,2011,11,19,0.93922013,0.19763568,-1.668095112,30.95643997,-12.96574771,7.756067067,0.0,5.519264221,0.675611317,10.767897605895996,28.00719062,0.18691366910934448,30.085556030273438,-1.3776944875717163
72.51433333,-156.528,2011,11,19,0.938010871,0.192155659,-1.682117105,30.04890251,-16.88695848,10.50013602,0.0,5.27682972,0.652767241,10.767897605895996,0.0,0.18584053218364716,29.148305892944336,-1.5934046506881714
72.51716667,-156.5512333,2011,11,19,0.938010871,0.192155659,-1.682117105,30.04890251,-16.88695848,10.50013602,0.0,5.27682972,0.652767241,10.767897605895996,8.000027544,0.18584053218364716,29.148305892944336,-1.5934046506881714
72.4165,-157.0078333,2011,11,20,0.931887627,0.191719428,-1.700645089,30.63210487,-18.26727837,6.399607658,0.0,5.577404976,0.657010734,10.767897605895996,36.003671086000004,0.1814996749162674,30.10307502746582,-1.4375114440917969
72.61853333,-156.1120333,2011,11,20,0.91769135,0.186403513,-1.696293712,29.03476334,-21.84200585,4.079253227,0.0,5.544414043,0.797006488,10.767897605895996,0.0,0.17804153263568878,27.94482421875,-1.5929819345474243
72.61893333,-156.1284167,2011,11,20,0.915959954,0.186648771,-1.694458485,29.25466728,-23.13601226,7.200090587,0.0,5.353342533,0.711999178,10.767897605895996,7.111135556,0.17804153263568878,27.94482421875,-1.5929819345474243
72.10171667,-155.4073333,2011,11,21,0.976665616,0.18971695,-1.605511427,30.03701782,-17.29365438,-0.549136288,0.0,7.371613026,0.680703402,10.767897605895996,40.0001378,0.18092167377471924,28.7315673828125,-1.4878020286560059
72.10261667,-155.38975,2011,11,21,0.976665616,0.18971695,-1.605511427,30.03701782,-17.29365438,-0.549136288,0.0,7.371613026,0.680703402,10.767897605895996,0.0,0.18092167377471924,28.7315673828125,-1.4878020286560059
72.244,-155.8061667,2011,11,21,0.966932237,0.187110603,-1.654152989,29.25285912,-18.20441484,3.028664552,0.0,7.832597733,0.678675354,11.56431484222412,0.0,0.1800765097141266,28.995731353759766,-1.4579647779464722
72.36,-156.2564333,2011,11,21,0.951193333,0.184991091,-1.652971387,29.56255531,-21.07054889,5.816531181,0.0,8.101910591,0.664000213,10.767897605895996,0.0,0.1760440617799759,28.72844123840332,-1.5589309930801392
72.3685,-156.184,2011,11,21,0.951193333,0.184991091,-1.652971387,29.56255531,-21.07054889,5.816531181,0.0,8.101910591,0.664000213,10.767897605895996,285.7152698,0.17639462649822235,28.322650909423828,-1.5443624258041382
71.75816667,-154.416,2011,11,22,0.972838819,0.19423379,-1.600799918,31.29776764,-10.6766969,1.629658788,4.36e-05,7.416043758,0.62709415,10.767897605895996,0.0,0.18522118031978607,29.84967041015625,-1.5112781524658203
71.83683333,-154.6268333,2011,11,22,0.971218884,0.192325383,-1.551440716,31.38526726,-12.32526675,-0.08301005,5.46e-05,7.681281567,0.628281593,10.768808364868164,84.01447765,0.18333402276039124,29.935773849487305,-1.4463121891021729
71.83916667,-154.6118333,2011,11,22,0.972838819,0.19423379,-1.600799918,31.29776764,-10.6766969,1.629658788,4.36e-05,7.416043758,0.62709415,10.767897605895996,0.0,0.18333402276039124,29.935773849487305,-1.4463121891021729
71.95966667,-155.0037,2011,11,22,0.961566985,0.185922086,-1.621822834,30.34636307,-12.23120391,-0.655501615,5.98e-08,7.26695013,0.697698832,10.796581268310549,34.06529195,0.17795264720916748,30.16103172302246,-1.3600480556488037
71.23966667,-157.2195,2011,11,23,0.718478978,0.179716647,-1.373874068,31.8052845,-28.03218067,-17.42075533,0.001032731,7.614691734,0.635421395,14.572335243225098,0.0,0.17389413714408875,30.37790298461914,-1.3901320695877075
71.32366667,-157.3676667,2011,11,23,0.718478978,0.179716647,-1.373874068,31.8052845,-28.03218067,-17.42075533,0.001032731,7.614691734,0.635421395,14.572335243225098,0.0,0.17481105029582977,30.838441848754883,-1.2853857278823853
71.40616667,-157.5271667,2011,11,23,0.851237774,0.176073983,-1.418290615,31.68309784,-13.0911395,-12.41863519,0.000311318,7.756765842,0.529671609,11.759346961975098,144.02887267,0.17386505007743835,30.597963333129883,-1.276388168334961
71.40983333,-157.5051667,2011,11,23,0.851237774,0.176073983,-1.418290615,31.68309784,-13.0911395,-12.41863519,0.000311318,7.756765842,0.529671609,11.759346961975098,0.0,0.17386505007743835,30.597963333129883,-1.276388168334961
71.49683333,-157.6788333,2011,11,23,0.868933678,0.174847737,-1.452176571,31.71477318,-10.61044857,-10.16998813,0.000300858,7.736084461,0.532043219,11.479307174682615,409.7023886,0.17386505007743835,30.597963333129883,-1.276388168334961
71.21275,-164.3478667,2011,11,24,0.616983354,0.131903887,-1.084402919,31.98074722,-10.6919162,8.033965528,0.0,5.542805672,0.575555682,41.949851989746094,21.403920904,0.14621412754058838,30.244001388549805,-0.9616085886955261
71.58016667,-157.8335,2011,11,24,0.827598214,0.169489041,-1.49108386,31.69373322,-11.27944812,-6.120618805,0.000305149,7.945795536,0.534628749,13.378813743591309,0.0,0.162408709526062,30.614057540893555,-1.4029241800308228
70.30933333,-163.3571667,2011,11,25,0.482869148,0.203756303,-1.383343339,31.77050972,-5.80234006,-1.312712859,0.000492356,5.393919945,0.554690003,29.058727264404297,0.0,0.19642432034015656,29.901872634887695,-1.2490357160568237
70.3935,-164.0925,2011,11,25,0.537496746,0.221135095,-1.043263197,31.66618347,-8.391400427,-3.87502946,9.65e-06,6.169873238,0.509582818,43.09185409545898,0.0,0.23071445524692535,31.255420684814453,-1.129482626914978
70.47885,-164.8582167,2011,11,25,0.41421181,0.230620921,-0.854676008,31.73239326,-10.60197279,-0.325747579,1.73e-06,7.062700272,0.513714254,42.311988830566406,0.0,0.22717194259166718,29.93878746032715,-0.7622954845428467
70.5665,-165.6145,2011,11,26,0.416270643,0.212230399,-0.819621623,31.77671623,-5.497408658,6.252665818,0.0,7.437520027,0.515646219,41.99190902709961,0.0,0.1964036077260971,29.50784683227539,-0.7074662446975708
70.65433333,-166.3626667,2011,11,26,0.423466325,0.186849654,-0.826423287,31.64698029,0.825274456,10.3554219,0.0,5.335031033,0.480852425,40.06905364990234,0.0,0.19879037141799927,31.252750396728516,-0.6146736145019531
70.74083333,-167.1013333,2011,11,26,0.478312463,0.190689385,-0.811191738,31.65591049,-0.987635273,0.243465439,0.0,5.875655651,0.47308284,39.310150146484375,0.0,0.19852091372013092,31.11028289794922,-0.666328489780426
70.82433333,-167.8516667,2011,11,26,0.35520336,0.19252421,-0.802932799,31.79216957,-4.400210828,-10.56385636,0.0,6.721278191,0.461601853,20.3548583984375,0.0,0.1856541484594345,31.06755256652832,-0.8048246502876282
70.90821667,-168.6506,2011,11,26,0.205224365,0.201634347,-0.900074661,32.16937637,-2.896027267,-4.305765405,0.0,8.225755692,0.49801904,38.13739013671875,0.0,0.18762017786502838,31.044363021850586,-0.899864137172699
70.95,-168.9666667,2011,11,26,0.178664178,0.206257865,-0.871792972,32.15480423,-3.924041241,-0.979387108,0.0,8.035657883,0.498972833,42.07445526123047,2.243020693,0.18270359933376312,30.236827850341797,-0.8920958042144775
68.54566667,-168.7733,2011,11,27,0.419829816,0.287554592,-0.959792256,32.3985939,-8.19273442,8.410897106,0.000512806,15.13059235,0.562624156,30.92145538330078,0.0,0.2754153609275818,31.958454132080078,-0.8625521063804626
68.54583333,-168.9561667,2011,11,27,0.370431215,0.279926151,-0.904291391,32.45329666,-9.061793983,7.387744635,0.000472777,15.74917126,0.537531912,32.66738510131836,0.0,0.2754153609275818,31.958454132080078,-0.8625521063804626
68.58361667,-168.2887333,2011,11,28,0.549817502,0.28926897,-1.001957774,32.28928757,-8.253867179,11.4692539,0.000377253,14.26842594,0.622463703,29.791061401367188,0.0,0.27818942070007324,31.842987060546875,-0.9333893060684204
68.61783333,-167.791,2011,11,28,0.482360363,0.298682183,-1.218116999,32.11450577,-8.372789621,13.91692162,0.000712601,11.00401497,0.644953132,22.15278434753418,0.0,0.2904631495475769,31.632431030273438,-1.0476154088974
68.64513333,-167.33295,2011,11,28,0.63244015,0.284083873,-1.512897134,31.73565292,-5.24616614,14.3396005,0.000594709,4.662818909,0.667508483,18.36997413635254,0.0,0.2914072573184967,31.17704963684082,-1.2808425426483154
65.77446667,-168.8078167,2011,11,29,0.548760235,0.393749595,-0.680694044,32.50282288,-1.703209244,14.88557309,0.103598811,15.83143044,0.567929089,22.566665649414062,0.0,0.3839406371116638,31.72473907470703,-0.444579541683197
65.80115,-168.7991667,2011,11,29,0.548760235,0.393749595,-0.680694044,32.50282288,-1.703209244,14.88557309,0.103598811,15.83143044,0.567929089,22.566665649414062,0.0,0.3839406371116638,31.72473907470703,-0.444579541683197
68.68426667,-166.8264,2011,11,29,0.371595889,0.273447543,-1.514271975,31.69499969,-4.76074703,6.259616464,0.000832963,3.280602217,0.662672818,24.48666381835937,0.0,0.281413733959198,31.345857620239258,-1.3262066841125488
64.8075,-170.3368333,2011,11,30,0.053260278,0.401546776,-0.995022357,32.62381363,5.488496646,2.148618549,0.138592139,16.06661797,0.417898715,33.24650192260742,0.0,0.4284994602203369,32.21164321899414,-1.0749231576919556
65.7035,-168.3021667,2011,11,30,0.293511719,0.375076622,-0.809188008,32.44549179,-2.984629013,22.39387482,0.084007524,14.71785259,0.594481707,31.048141479492188,0.0,0.357540488243103,32.21889114379883,-0.8241798281669617
65.70783333,-168.379,2011,11,30,0.257907808,0.374962837,-0.841604471,32.54597855,-3.218055144,20.07124871,0.096413389,15.4624691,0.572812676,29.46054077148437,0.0,0.357540488243103,32.21889114379883,-0.8241798281669617
65.74171667,-168.5766333,2011,11,30,0.257907808,0.374962837,-0.841604471,32.54597855,-3.218055144,20.07124871,0.096413389,15.4624691,0.572812676,29.46054077148437,0.0,0.3564913272857666,32.218727111816406,-0.828143298625946
63.45183333,-167.8011667,2011,12,1,0.759313583,0.473789126,-1.272919178,30.78259468,-6.610631198,-3.771633655,0.173956186,2.766007423,0.617726624,10.767897605895996,0.0,0.4739089906215668,29.20586395263672,-1.2559973001480103
64.47233333,-168.4835,2011,12,1,0.285728723,0.313113242,-1.053360701,32.36594772,5.662226304,-8.113718033,0.127998248,11.84606361,0.53567183,37.60673522949219,0.0,0.30286872386932373,30.133317947387695,-0.9475606083869934
61.70706667,-167.8315,2011,12,2,0.835627913,0.634028792,-1.104364872,28.6451931,-4.627578706,13.93792331,0.464865029,0.167025834,0.616897106,10.767897605895996,0.0,0.5095128417015076,28.05091094970703,-0.938474178314209
61.79693333,-169.1807,2011,12,2,0.671454966,0.362520754,-0.939374208,30.73930931,-3.423968703,5.395868048,0.253726453,1.716920495,0.527111769,29.87856101989746,0.0,0.3562504053115845,30.22821044921875,-0.9181539416313171
61.89586667,-170.5472333,2011,12,3,0.542110085,0.347786069,-1.044185996,31.12683868,-10.28219461,9.857422113,0.137615785,3.238642931,0.521380067,46.65439224243164,0.0,0.3118324279785156,30.581544876098633,-1.063240647315979
62.02666667,-171.9838333,2011,12,3,0.227908745,0.284444034,-1.00861609,31.00758171,-12.88267076,10.55347547,0.122505918,4.125649452,0.479561061,50.8442268371582,0.0,0.27578940987586975,30.099647521972656,-0.9685078263282776
60.72116667,-173.6698333,2011,12,5,0.003806626,0.242981076,0.205229744,31.74709702,-2.460186556,-9.945520014,0.378753394,7.148872375,0.015998511,44.19720458984375,3.319477617,0.2415347397327423,31.421730041503906,0.34570780396461487
62.0935,-173.257,2011,12,5,0.016676264,0.257989764,-0.81217438,31.32647705,21.08786851,0.215884089,0.282981247,5.603127956,0.358020097,43.85696792602539,0.0,0.25152209401130676,31.0596923828125,-0.6481627821922302
59.98323333,-172.7431667,2011,12,6,0.0,0.262640744,0.411992371,31.41759109,-7.017541677,14.69969749,0.238633931,6.9341712,0.0,37.50516891479492,0.0,0.25610649585723877,31.337011337280273,0.7633950710296631
60.01616667,-178.1781667,2011,12,9,0.0,0.202597395,1.76760304,32.87250519,0.613637967,-8.110051602,0.135925204,16.13316917,0.0,64.0922622680664,0.0,0.20069657266139984,32.61659622192383,1.7498087882995605
60.01881667,-174.0084,2011,12,9,0.0,0.222498626,1.340845108,32.14432144,8.260299265,6.633229554,0.124520466,11.66481113,0.0,49.665618896484375,0.0,0.21962593495845795,31.928510665893555,1.4581562280654907
60.03033333,-175.1831667,2011,12,9,0.0,0.228601441,2.09653306,32.51685333,8.51451233,8.410862088,0.122028276,13.93649483,0.0,57.402565002441406,0.0,0.22654388844966888,32.23418045043945,2.0791451930999756
60.02028333,-172.78845,2011,12,10,0.0,0.22198081,0.956344783,31.64677429,3.671683371,10.00155136,0.309796035,7.738204479,0.0,48.68527221679688,0.0,0.21936921775341034,31.379613876342773,0.9679977893829346
63.52875,-166.9087167,2011,12,11,0.895152807,0.288819432,-1.502734542,30.940979,10.29587016,35.1797998,0.117997088,2.661291599,0.50767982,26.73138236999512,0.0,0.28347402811050415,30.365886688232422,-1.4725325107574463
63.59493333,-166.4994,2011,12,11,0.897011161,0.290740401,-1.417854309,30.66318893,6.683915854,38.78629208,0.115915604,1.967702985,0.541428089,25.132719039916992,0.0,0.2766796350479126,29.18321418762207,-1.3471729755401611
63.62228333,-166.13025,2011,12,11,0.884321272,0.29970175,-1.367487192,30.35014343,4.040464014,42.33155549,0.124718942,1.444955468,0.562594652,24.151491165161133,0.0,0.29347655177116394,29.724977493286133,-1.337271809577942
63.63936667,-165.7844333,2011,12,12,0.843251169,0.379811257,-1.227025032,28.65371895,-1.263821963,28.51340175,0.221342042,0.561261237,0.581683278,21.61305427551269,0.0,0.32342928647994995,29.075895309448242,-1.317134141921997
63.6815,-165.4143333,2011,12,12,0.705389023,0.41565454,-1.138193727,27.55384064,-0.763579132,24.66003597,0.29967621,0.56853652,0.579654932,18.916580200195312,0.0,0.4380857050418854,26.55898094177246,-1.1241060495376587
58.60133333,-168.4596667,2011,12,13,0.0,0.282083213,1.696960092,31.74279404,-6.480793655,11.82703897,0.450445503,6.745798111,0.0,54.81648254394531,0.0,0.27950993180274963,31.454572677612305,1.6841545104980469
59.0489,-167.8958333,2011,12,13,0.0,0.347705543,1.206745863,31.0107193,-5.902390182,10.96895412,0.568524361,4.566328049,0.0,45.98338317871094,0.0,0.32936373353004456,29.38799285888672,1.1450623273849487
60.00033333,-167.9927667,2011,12,13,0.00016251,0.419253469,0.26298824,30.00355911,-4.850878567,11.16961539,0.646951556,1.395478964,0.00022716,37.658504486083984,0.0,0.41358083486557007,29.605472564697266,0.2616330683231354
73.5,19.3333,2012,3,8,0.0,0.111881413,6.047595978,35.11711121,8.367408067,6.330598891,0.60789305,7.84139967,0.0,175.1350555419922,0.0,0.08431696146726608,34.90341567993164,5.998091697692871
74.0,19.2167,2012,3,8,0.0,0.10503497,2.976549149,34.85791016,5.973181874,5.996160582,0.422292411,6.867063046,0.0,75.08853912353516,0.0,0.07498206198215485,34.988712310791016,5.4429030418396
63.9982,1.8045,2012,3,20,0.0,0.787399411,5.587168217,35.05907059,26.78827047,11.07142568,2.838141918,8.931270599,0.0,147.6088409423828,0.0,0.45462629199028015,35.14353561401367,7.30761194229126
64.1348,1.25933,2012,3,20,0.0,1.064622998,6.266035557,35.17741013,11.22566611,-4.424818978,4.847726345,7.7747612,0.0,112.76429748535156,0.0,0.568706750869751,34.86667251586914,5.3307390213012695
62.366,5.2045,2012,3,22,0.0,0.535085261,6.333083153,34.18865585,17.25465059,11.61743701,8.18194294,4.139616013,0.0,38.50423049926758,0.0,0.4221709966659546,34.10365295410156,6.367240905761719
62.4853,4.94533,2012,3,22,0.0,0.415911496,6.524887085,34.46561813,9.821790457,2.484350279,3.293292999,4.926258564,0.0,105.86358642578124,0.0,0.3790491223335266,34.19483184814453,6.486741065979004
62.603,4.69,2012,3,22,0.0,0.465412617,6.710589886,34.57388687,12.22455353,2.789013088,3.411222696,5.203530312,0.0,101.00933837890624,0.0,0.5134181976318359,34.40935134887695,6.8393025398254395
62.8382,4.17933,2012,3,22,0.0,0.607095718,7.662826538,34.99380112,40.21660686,10.23247018,3.33861661,8.484163284,0.0,56.5910758972168,0.0,0.5863799452781677,34.661712646484375,7.628549098968506
61.5005,4.43633,2012,3,29,0.0,0.670037031,5.933111191,33.84011078,-1.442445815,-13.71293962,9.771737099,3.302485704,0.0,24.746309280395508,0.0,0.8896018266677856,33.03532028198242,5.941714286804199
62.5668,5.69633,2012,3,30,0.0,0.526627541,6.171045303,34.26197433,-5.671921,-13.64914775,9.334086418,3.957383394,0.0,44.89318084716797,0.0,0.34644660353660583,34.03493881225586,6.28427791595459
62.834,5.95317,2012,3,30,0.0,0.600955069,6.400579453,34.45246887,-5.949333683,-9.494059533,9.594117165,4.454894543,0.0,41.25386047363281,32.00395354,0.4623376429080963,34.34968566894531,6.782596111297607
63.0997,6.7845,2012,3,31,0.0,0.628920496,6.750570774,34.73607635,-18.94712895,-19.93554682,13.98855114,5.446810722,0.0,44.049781799316406,128.9117274,0.5970572233200073,34.344730377197266,6.663242816925049
63.417,6.59933,2012,3,31,0.0,0.673696637,7.309822083,34.92311096,-1.427659299,-5.212407932,7.08868742,7.438141346,0.0,72.5233154296875,32.22793186,0.5776600241661072,34.77106475830078,7.482729434967041
64.667,8.84983,2012,4,5,0.0,0.532181859,7.004793167,34.86791229,-2.787770703,-10.30872688,3.540647507,6.118221283,0.0,151.29661560058594,32.00395355,0.55275958776474,34.68700408935547,7.106428623199463
70.5005,20.0028,2012,4,19,0.0,0.837491989,5.572694302,34.68641663,3.452758491,0.961127691,15.00219822,3.214107037,0.0,132.5556640625,64.00790701,0.39148133993148804,34.56556701660156,5.582920551300049
71.9998,19.6833,2012,4,20,0.0,0.346679747,6.12155962,35.13357544,0.749412412,-4.997389764,1.257717013,9.117321014,0.0,305.9239196777344,0.0,0.4223620295524597,35.044071197509766,6.365248203277588
73.5,19.3327,2012,4,21,0.0,0.832122922,5.777135849,35.16225052,-0.024834473,3.718442842,4.374152184,8.288906097,0.0,234.60821533203125,0.0,0.48362234234809875,35.0959587097168,5.683190822601318
73.9988,19.2267,2012,4,21,0.0,2.338898182,2.969236612,34.95467758,3.528894857,3.172440827,23.92020416,6.078654766,0.0,126.92900848388672,0.0,0.8004916310310364,35.00637435913086,4.753696918487549
62.3673,5.20017,2012,5,6,0.0,0.390896618,7.13840723,34.39527893,7.013426721,2.00392548,17.34528351,3.120779991,0.0,19.432559967041016,0.0,0.3859193027019501,33.73000717163086,7.060186386108398
62.6043,4.69333,2012,5,6,0.0,1.434338689,6.890208721,34.04161453,6.892949343,-3.221047297,28.2817421,1.093870997,0.0,24.614696502685547,0.0,1.6114561557769775,33.317935943603516,6.7181549072265625
62.9565,3.91783,2012,5,7,0.0,1.257020831,7.685896873,34.98552322,10.07352248,16.31994396,22.44003677,0.209158391,0.0,14.472508430480955,0.0,1.023706078529358,34.62179183959961,7.7893385887146
63.0752,3.65633,2012,5,7,0.0,1.252929926,7.975718975,35.21007538,11.60890982,8.114157617,23.00234795,0.205282167,0.0,30.071563720703125,0.0,0.6915073394775391,35.02212142944336,7.994524955749512
63.1918,3.39567,2012,5,7,0.0,1.582955003,7.725170135,34.69010162,-11.32548377,4.485245794,37.78414154,0.892279863,0.0,10.767897605895996,0.0,0.571334183216095,35.065345764160156,7.862022876739502
63.3095,3.13183,2012,5,7,0.0,1.499427915,7.593740463,34.76107025,-5.82793802,-0.445963023,35.24549103,0.690397024,0.0,12.340932846069336,0.0,1.6372027397155762,33.536067962646484,7.143145561218262
63.4265,2.86883,2012,5,7,0.0,2.108356953,7.125047684,34.83935928,-1.782651059,-6.9074139,45.53005219,3.275255442,0.0,17.750452041625977,0.0,1.8502284288406372,33.95349884033203,7.162479877471924
63.6633,2.3385,2012,5,8,0.0,1.699708343,7.736814499,35.17967606,-3.665380925,-1.614056341,31.37709808,7.454954147,0.0,33.33589553833008,0.0,2.0228514671325684,34.292449951171875,7.240492820739746
63.8985,1.80167,2012,5,8,0.0,1.258695245,7.810770512,35.30780029,23.10035378,14.13320452,9.967648506,8.506859779,0.0,57.32963562011719,0.0,1.1223180294036865,34.834835052490234,7.746349811553955
64.37,0.728667,2012,5,8,0.0,1.360859632,6.66202879,35.19263077,3.965184093,-5.834492669,18.53429031,7.90961647,0.0,57.829063415527344,0.0,1.2754590511322021,34.84361267089844,6.687293529510498
64.6525,0.013,2012,5,8,0.0,0.565082788,6.441357613,35.1773262,-3.456092998,8.48235935,10.77541828,5.758882046,0.0,78.19277954101562,0.0,0.6570309400558472,34.89408493041992,6.16149377822876
62.4833,4.94617,2012,8,1,0.0,0.140796199,13.66458416,31.78154945,13.01900595,-2.430833876,1.676540732,0.795696318,0.0,10.767897605895996,0.0,0.13023684918880463,29.534563064575195,13.115241050720215
62.835,4.1805,2012,8,2,0.0,0.384282827,13.76242542,32.56405258,26.63195729,19.25419122,17.23297501,0.699159563,0.0,10.767897605895996,0.0,0.46887409687042236,31.858165740966797,12.816648483276367
63.1923,3.39067,2012,8,2,0.0,0.284689575,12.93597984,34.77206039,-7.051359862,-6.482393295,12.80045509,1.278269887,0.0,10.767897605895996,0.0,0.32107436656951904,33.35212707519531,12.46289348602295
64.1335,1.26483,2012,8,2,0.0,0.302087277,11.2762413,35.13553619,2.864515223,16.41911566,8.619263649,3.086562872,0.0,12.45665168762207,0.0,0.3078283667564392,33.773746490478516,10.895061492919922
70.5,19.9833,2012,8,6,0.0,0.285006702,9.858178139,34.41960526,6.279415637,-3.313200176,6.841598988,0.027979752,0.0,14.445955276489258,0.0,0.30236050486564636,33.07057571411133,9.628052711486816
72.0,19.6833,2012,8,7,0.0,0.317067683,8.599938393,34.94138336,-0.124229759,-5.113427341,9.530847549,1.517182589,0.0,24.322534561157227,0.0,0.3037019670009613,34.08766555786133,8.647605895996094
73.5008,19.3332,2012,8,7,0.0,0.409948081,7.693844795,35.11805725,3.855543584,0.523742847,11.56106281,0.237453088,0.0,25.4875717163086,0.0,0.5557082295417786,34.42780685424805,7.526802062988281
74.0005,19.2113,2012,8,8,0.0,0.344792008,5.895222187,34.56746674,8.233294636,-1.087664627,6.940767288,0.052668869,0.0,12.059368133544922,0.0,0.3366827368736267,33.02037048339844,5.564047813415527
80.9193,29.9967,2012,8,8,0.0,0.168713897,0.90252012,32.68074799,1.81105081,-7.492978871,0.575650811,8.778432846,0.0,10.767897605895996,2048.253024,0.15014803409576416,31.46170997619629,1.0886058807373047
81.4145,29.9822,2012,8,8,0.0,0.157557949,0.062700048,32.56510544,5.261489376,-6.635163724,0.533308864,8.829117775,0.0,10.767897605895996,384.9433555,0.15794947743415833,31.108848571777344,0.5790770053863525
71.62743333,-165.8038833,2012,8,13,0.0,1.813390493,2.451468945,29.95788765,9.051228315,8.655460179,13.3420496,9.423274994,0.0,10.767897605895996,6514.843975,2.1687612533569336,28.71993637084961,1.9599573612213135
72.16506667,-165.43845,2012,8,13,0.055430915,0.679993629,-0.217139214,29.17821503,21.03517205,9.581521153,4.53990221,14.34825802,0.378484458,10.767897605895996,4116.582883,1.2417768239974976,28.936677932739258,2.7935378551483154
72.52445,-164.7065667,2012,8,14,0.359748781,0.643532753,-1.511321545,29.25671768,23.77240956,11.5531899,3.13322258,13.32444954,1.03947866,10.767897605895996,31180.979984,0.6026740074157715,28.609989166259766,-0.34285154938697815
72.70261667,-164.5275,2012,8,15,0.608456731,0.604275465,-1.410245419,29.07965851,23.52131605,10.86536795,1.582367659,12.49119091,1.41433537,10.767897605895996,9480.627551,0.6272916197776794,28.54900360107422,-0.23082031309604645
72.74896667,-163.6743833,2012,8,15,0.514701247,0.590730608,-1.352914214,29.17217636,27.83437669,10.3675127,1.452243567,12.65800571,1.339874268,10.767897605895996,23839.91366,0.5696824789047241,28.56648063659668,-0.0756368339061737
72.1653,-163.5658333,2012,8,16,0.0,0.526177943,0.906428874,29.92650986,17.87859052,6.772494316,2.015240669,14.41689587,0.0,10.767897605895996,67840.51419,0.45457738637924194,28.936559677124023,1.2640665769577026
72.38788333,-163.0428,2012,8,16,0.000303569,0.584724963,-0.30563724,29.63702011,28.92200351,6.284422427,2.405035019,13.76511669,0.005487803,10.767897605895996,121027.80385,0.45293617248535156,28.730377197265625,0.40709182620048523
72.41031667,-161.2237167,2012,8,17,0.021618841,0.635469437,-0.852833688,29.74854851,17.17443466,-0.312794582,3.205460787,12.92710018,0.170727536,10.767897605895996,4552.240953,0.5301570296287537,28.817968368530273,-0.5389204025268555
72.53681667,-162.2208667,2012,8,17,0.0,0.624066472,-0.27141881,29.7268486,18.43563318,-1.933343709,3.54224515,13.39846897,0.0,10.767897605895996,36516.715502,0.5883461236953735,28.542205810546875,-0.21554891765117645
72.66341667,-161.7087,2012,8,17,0.07065846,0.588811576,-0.662161708,29.62425232,12.62072921,1.220565382,2.907381058,12.75043869,0.46462661,10.767897605895996,8261.2169595,0.5940720438957214,28.537376403808594,-0.5462472438812256
72.09033333,-161.7448667,2012,8,18,0.0,0.485102296,0.593999624,30.51536751,-0.504759699,0.07398586,2.400580883,13.72757816,0.0,10.767897605895996,29493.72594,0.46663594245910645,29.126724243164062,0.5258232951164246
72.22823333,-162.1050167,2012,8,18,0.0,0.552300572,-0.310026109,29.9310379,7.975560427,-0.319879968,3.685731649,13.83808231,0.0,10.767897605895996,14054.127415,0.4533523619174957,29.087430953979492,0.4748583734035492
71.65533333,-162.6175167,2012,8,19,0.0,0.441771001,0.746727705,30.62742233,-4.184212908,-4.747286811,2.353752613,13.81919098,0.0,10.767897605895996,14412.496155,0.3959047198295593,29.199695587158203,0.8495023846626282
71.71391667,-161.5725333,2012,8,19,0.0,0.480054379,0.867809832,30.58342361,-7.930250466,2.370673791,2.215531349,13.40265751,0.0,10.767897605895996,29640.48113,0.4408873915672302,29.3715877532959,0.6204758286476135
71.9197,-160.92775,2012,8,20,0.0,0.567288756,0.575052083,29.99915886,-5.313173309,5.403035879,3.961075306,13.37987709,0.0,10.767897605895996,16538.634145,0.4908892512321472,28.826831817626953,0.5783212184906006
72.1502,-159.9296667,2012,8,20,0.0,0.667181969,0.380707055,29.89897346,1.613885351,0.959323719,5.137177944,12.9293232,0.0,10.767897605895996,7713.208701,0.5528757572174072,28.450048446655273,-0.05864463001489639
71.79025,-158.9924833,2012,8,21,0.0,0.551538467,1.828193903,30.03231239,1.579324529,1.803054288,4.170073986,12.45652485,0.0,10.767897605895996,29449.245881,0.5362212061882019,28.686153411865234,1.4664818048477173
72.18225,-158.5649167,2012,8,21,0.001966764,0.510380447,1.517275929,29.38763237,5.924265459,-0.78653032,3.366481066,12.83623886,0.051852517,10.767897605895996,31975.26164,0.5091052055358887,28.379512786865234,1.412035584449768
71.26551667,-157.1541833,2012,8,22,0.0,1.966187716,2.673010826,31.2155838,44.83864009,33.74717236,39.83892059,5.195141315,0.0,10.767897605895996,151.69875163,1.8607115745544434,29.780981063842773,2.5182011127471924
71.31595,-157.34935,2012,8,22,0.0,1.966187716,2.673010826,31.2155838,44.83864009,33.74717236,39.83892059,5.195141315,0.0,10.767897605895996,270.4593726,1.7360249757766724,29.746124267578125,2.2670319080352783
71.41018333,-157.4781667,2012,8,22,0.0,1.532294154,2.122838497,30.22624969,30.36378622,12.65712827,23.41273499,9.423611641,0.0,10.767897605895996,21151.593366,1.7360249757766724,29.746124267578125,2.2670319080352783
71.3787,-159.4333,2012,8,23,0.0,1.07354033,1.432006001,30.36805725,1.160751749,-2.640148252,12.36820984,11.81560135,0.0,10.767897605895996,8609.909936,1.1936678886413574,29.07592010498047,1.0278582572937012
71.4989,-157.66645,2012,8,23,0.0,1.832467794,1.856241345,30.71018982,25.87432265,9.606123716,31.59741592,8.715236664,0.0,10.767897605895996,18316.016666000003,1.7013753652572632,29.635112762451172,2.526376962661743
71.57796667,-157.84915,2012,8,23,0.0,1.832467794,1.856241345,30.71018982,25.87432265,9.606123716,31.59741592,8.715236664,0.0,10.767897605895996,23943.254323,1.729655385017395,29.33974838256836,1.5736335515975952
71.612,-158.6567,2012,8,23,0.0,1.625677943,1.13252759,30.58768272,3.44764106,11.73574552,25.00661469,9.985944748,0.0,10.767897605895996,88332.48506,1.5730994939804077,29.189624786376953,0.9930218458175659
71.61315,-159.3722167,2012,8,23,0.0,1.33890605,1.298004866,30.41372681,-1.198252477,-0.872370508,16.47922516,11.10135841,0.0,10.767897605895996,69766.08398,1.0258992910385132,28.991580963134766,1.2462588548660278
71.4441,-156.585,2012,8,29,0.0,2.001229763,4.897725105,31.12001228,52.04629302,18.19876134,27.32078934,6.604626179,0.0,11.339814186096191,1229.8088,2.086266279220581,29.808639526367188,5.72923469543457
71.446,-156.5779,2012,8,29,0.0,2.001229763,4.897725105,31.12001228,52.04629302,18.19876134,27.32078934,6.604626179,0.0,11.339814186096191,904.4653135,2.086266279220581,29.808639526367188,5.72923469543457
71.4669,-156.588,2012,8,29,0.0,2.001229763,4.897725105,31.12001228,52.04629302,18.19876134,27.32078934,6.604626179,0.0,11.339814186096191,1418.7866741,2.086266279220581,29.808639526367188,5.72923469543457
71.5095,-156.8164,2012,8,29,0.0,2.047211409,4.839759827,31.07801819,59.34610367,48.22140932,32.29241562,6.503806591,0.0,10.767897605895996,5014.415693999999,1.954557180404663,29.423282623291016,3.832383394241333
71.5121,-156.8231,2012,8,29,0.0,2.047211409,4.839759827,31.07801819,59.34610367,48.22140932,32.29241562,6.503806591,0.0,10.767897605895996,6178.225902,1.954557180404663,29.423282623291016,3.832383394241333
71.5667,-157.0956,2012,8,29,0.0,2.08929491,4.014992237,30.81824684,40.39839506,32.30900764,29.85623169,7.613812447,0.0,10.767897605895996,32825.435320000004,1.9801995754241943,29.23576545715332,3.355776071548462
71.5708,-157.0972,2012,8,29,0.0,2.08929491,4.014992237,30.81824684,40.39839506,32.30900764,29.85623169,7.613812447,0.0,10.767897605895996,175.0914223,1.9801995754241943,29.23576545715332,3.355776071548462
71.5722,-157.0962,2012,8,29,0.0,2.08929491,4.014992237,30.81824684,40.39839506,32.30900764,29.85623169,7.613812447,0.0,10.767897605895996,11643.57958,1.9801995754241943,29.23576545715332,3.355776071548462
71.6288,-157.3443,2012,8,29,0.0,2.465581417,3.644482374,30.1547451,-5.689073727,-5.19378297,31.79059982,7.265758514,0.0,10.767897605895996,7894.541505,2.016484022140503,29.150310516357422,3.295685052871704
71.6345,-157.3497,2012,8,29,0.0,2.465581417,3.644482374,30.1547451,-5.689073727,-5.19378297,31.79059982,7.265758514,0.0,10.767897605895996,510.6833151,2.016484022140503,29.150310516357422,3.295685052871704
71.6371,-157.3533,2012,8,29,0.0,2.465581417,3.644482374,30.1547451,-5.689073727,-5.19378297,31.79059982,7.265758514,0.0,10.767897605895996,4328.649052,2.016484022140503,29.150310516357422,3.295685052871704
71.4177,-156.4872,2012,8,30,0.0,2.060895205,4.888128757,31.14676857,47.68100381,14.47337866,29.02362633,6.128625393,0.0,10.767897605895996,34.40898619,2.545395612716675,29.6619815826416,5.408902645111084
71.4186,-156.492,2012,8,30,0.0,2.060895205,4.888128757,31.14676857,47.68100381,14.47337866,29.02362633,6.128625393,0.0,10.767897605895996,10.9432139,2.545395612716675,29.6619815826416,5.408902645111084
71.2614,-155.249,2012,9,1,0.0,3.184957504,5.074924946,31.06378746,-13.40476573,-0.720321527,47.32992172,3.897068501,0.0,12.646926879882812,0.0,3.0606789588928223,29.835670471191406,4.87428617477417
71.3404,-155.2168,2012,9,1,0.0,3.184957504,5.074924946,31.06378746,-13.40476573,-0.720321527,47.32992172,3.897068501,0.0,12.646926879882812,1.520005236,3.0606789588928223,29.835670471191406,4.87428617477417
71.3451,-155.2464,2012,9,1,0.0,3.184957504,5.074924946,31.06378746,-13.40476573,-0.720321527,47.32992172,3.897068501,0.0,12.646926879882812,,3.0606789588928223,29.835670471191406,4.87428617477417
71.4816,-155.0482,2012,9,1,0.0,2.557347059,4.399703026,31.24092674,-7.707048953,0.786965247,40.47835922,5.973729134,0.0,14.81020736694336,77.12360269,3.0606789588928223,29.835670471191406,4.87428617477417
71.4819,-155.0433,2012,9,1,0.0,2.557347059,4.399703026,31.24092674,-7.707048953,0.786965247,40.47835922,5.973729134,0.0,14.81020736694336,85.11388585,3.0606789588928223,29.835670471191406,4.87428617477417
71.4823,-155.0406,2012,9,1,0.0,2.557347059,4.399703026,31.24092674,-7.707048953,0.786965247,40.47835922,5.973729134,0.0,14.81020736694336,106.07455912,3.0606789588928223,29.835670471191406,4.87428617477417
71.6178,-154.841,2012,9,1,0.0,2.652986526,4.436311722,31.22267342,-7.368956506,4.442872852,41.55776215,5.825198174,0.0,13.99799919128418,243.66787889,2.429591655731201,30.189382553100586,4.252528667449951
71.6191,-154.8453,2012,9,1,0.0,2.652986526,4.436311722,31.22267342,-7.368956506,4.442872852,41.55776215,5.825198174,0.0,13.99799919128418,163.2796994,2.429591655731201,30.189382553100586,4.252528667449951
71.7486,-154.6574,2012,9,1,0.0,2.791041851,4.315210342,30.81104469,-22.49388248,-0.865199137,41.79838181,5.611824036,0.0,10.767897605895996,1166.3565075,2.518336296081543,30.112220764160156,4.277652263641357
71.7564,-154.6329,2012,9,1,0.0,2.791041851,4.315210342,30.81104469,-22.49388248,-0.865199137,41.79838181,5.611824036,0.0,10.767897605895996,819.3514277,2.64689302444458,29.398557662963867,4.114585876464844
71.758,-154.628,2012,9,1,0.0,2.791041851,4.315210342,30.81104469,-22.49388248,-0.865199137,41.79838181,5.611824036,0.0,10.767897605895996,2256.03908,2.64689302444458,29.398557662963867,4.114585876464844
71.8871,-154.4384,2012,9,1,0.0,2.738533497,4.445896149,29.32627296,-22.65497595,6.941904128,37.97431946,4.646038532,0.0,10.767897605895996,5639.923999,2.6981918811798096,29.263330459594727,4.345792770385742
71.8914,-154.4267,2012,9,1,0.0,2.738533497,4.445896149,29.32627296,-22.65497595,6.941904128,37.97431946,4.646038532,0.0,10.767897605895996,18424.925145,2.6981918811798096,29.263330459594727,4.345792770385742
71.8981,-154.4103,2012,9,1,0.0,2.738533497,4.445896149,29.32627296,-22.65497595,6.941904128,37.97431946,4.646038532,0.0,10.767897605895996,,2.6981918811798096,29.263330459594727,4.345792770385742
71.3993,-155.8587,2012,9,9,0.0,1.940039873,2.137186289,31.56314468,13.79423589,-4.619667679,24.5702858,5.869007587,0.0,15.053542137145996,109.23921668,2.168750286102295,26.69506072998047,1.9503834247589111
71.4497,-155.7937,2012,9,9,0.0,1.940039873,2.137186289,31.56314468,13.79423589,-4.619667679,24.5702858,5.869007587,0.0,15.053542137145996,319.5757765,2.168750286102295,26.69506072998047,1.9503834247589111
71.4508,-155.7971,2012,9,9,0.0,1.940039873,2.137186289,31.56314468,13.79423589,-4.619667679,24.5702858,5.869007587,0.0,15.053542137145996,210.804514,2.168750286102295,26.69506072998047,1.9503834247589111
71.4896,-155.7424,2012,9,9,0.0,1.940039873,2.137186289,31.56314468,13.79423589,-4.619667679,24.5702858,5.869007587,0.0,15.053542137145996,898.3874533999999,2.2942593097686768,29.57806968688965,2.1807632446289062
71.4947,-155.7391,2012,9,9,0.0,1.940039873,2.137186289,31.56314468,13.79423589,-4.619667679,24.5702858,5.869007587,0.0,15.053542137145996,462.7416161,2.2942593097686768,29.57806968688965,2.1807632446289062
71.5178,-155.8169,2012,9,9,0.0,1.940039873,2.137186289,31.56314468,13.79423589,-4.619667679,24.5702858,5.869007587,0.0,15.053542137145996,991.4571636,1.869195818901062,30.55183982849121,2.341719388961792
71.5218,-155.8093,2012,9,9,0.0,1.940039873,2.137186289,31.56314468,13.79423589,-4.619667679,24.5702858,5.869007587,0.0,15.053542137145996,59.05861467,1.869195818901062,30.55183982849121,2.341719388961792
71.5248,-155.8004,2012,9,9,0.0,1.940039873,2.137186289,31.56314468,13.79423589,-4.619667679,24.5702858,5.869007587,0.0,15.053542137145996,854.6128947,1.869195818901062,30.55183982849121,2.341719388961792
71.5719,-155.9536,2012,9,9,0.0,1.945884705,2.415315628,31.62129593,19.34666038,-6.546139717,26.08434486,5.963139057,0.0,14.746261596679688,10976.21724,1.869195818901062,30.55183982849121,2.341719388961792
71.5724,-155.9452,2012,9,9,0.0,1.945884705,2.415315628,31.62129593,19.34666038,-6.546139717,26.08434486,5.963139057,0.0,14.746261596679688,8189.818354,1.869195818901062,30.55183982849121,2.341719388961792
71.5763,-155.9401,2012,9,9,0.0,1.945884705,2.415315628,31.62129593,19.34666038,-6.546139717,26.08434486,5.963139057,0.0,14.746261596679688,247.5250762,1.869195818901062,30.55183982849121,2.341719388961792
71.6473,-156.1331,2012,9,9,0.0,1.99244523,2.101855993,31.46802139,-1.048668195,2.557607181,24.76533318,5.933703899,0.0,15.889851570129396,11266.729902,1.8769245147705078,30.274953842163086,2.6033077239990234
71.6501,-156.1172,2012,9,9,0.0,1.971185803,1.988845468,31.49612236,-0.615096698,1.251879893,22.61022186,5.910036564,0.0,18.877117156982425,5927.053088,1.8769245147705078,30.274953842163086,2.6033077239990234
71.6867,-156.2237,2012,9,9,0.0,1.99244523,2.101855993,31.46802139,-1.048668195,2.557607181,24.76533318,5.933703899,0.0,15.889851570129396,5144.014561,1.8769245147705078,30.274953842163086,2.6033077239990234
71.6881,-156.2231,2012,9,9,0.0,1.99244523,2.101855993,31.46802139,-1.048668195,2.557607181,24.76533318,5.933703899,0.0,15.889851570129396,4689.948812,1.8769245147705078,30.274953842163086,2.6033077239990234
71.6912,-156.2162,2012,9,9,0.0,1.99244523,2.101855993,31.46802139,-1.048668195,2.557607181,24.76533318,5.933703899,0.0,15.889851570129396,792.0802438,1.8769245147705078,30.274953842163086,2.6033077239990234
71.3075,-155.9774,2012,9,10,0.0,2.552854538,1.954268575,30.81453705,-2.342896909,-0.516680907,31.14066887,2.427142859,0.0,11.276318550109863,22.5117543,2.3164286613464355,27.97385597229004,1.8205807209014893
71.3084,-155.978,2012,9,10,0.0,2.552854538,1.954268575,30.81453705,-2.342896909,-0.516680907,31.14066887,2.427142859,0.0,11.276318550109863,100.83985281,2.3164286613464355,27.97385597229004,1.8205807209014893
79.2667,26.7667,2012,9,22,0.0,0.476479918,2.122086763,33.64610672,-0.580607681,-2.516151592,1.869116187,3.604543447,0.0,17.1058349609375,0.0,0.45337608456611633,32.66504669189453,2.070526123046875
80.9833,34.0,2012,9,23,0.0,0.621334851,0.967682242,33.41498184,-2.636483125,-1.72040835,2.417117119,8.455657005,0.0,15.215269088745115,0.0,0.6702624559402466,32.51300811767578,1.0059343576431274
79.999,33.9948,2012,9,24,0.0,0.891123474,1.721637964,33.83202362,4.302773625,1.596724056,2.976343632,7.077316284,0.0,21.03757095336914,768.0948841,0.705297589302063,33.00434112548828,1.7085611820220947
63.8963,1.81383,2012,11,1,0.0,0.316167116,8.723896027,35.17554092,5.980049446,14.61531371,0.577847838,4.873121738,0.0,64.86487579345703,0.0,0.2873477637767792,34.91121292114258,8.825901985168457
62.602,4.6925,2013,1,6,0.0,0.223628059,7.401553154,33.90870667,9.191651642,6.995866448,0.26318112,4.930650711,0.0,44.7747917175293,0.0,0.21634040772914886,33.625328063964844,7.5008769035339355
64.1338,1.27283,2013,1,7,0.0,0.116409197,7.297887802,35.18450546,26.60572231,11.08837053,0.058086358,7.597685814,0.0,117.07251739501952,0.0,0.07734829932451248,35.14689254760742,7.695764064788818
64.6673,-0.002,2013,1,7,0.0,0.100023173,6.078356266,35.09146881,2.836052887,0.423008809,0.037369233,6.73902607,0.0,99.9809799194336,0.0,0.09992523491382599,34.70816421508789,5.71889066696167
71.9997,19.6775,2013,3,5,0.0,0.033257078,5.514389515,35.11041641,-9.105218947,-4.804120213,0.053557776,9.44373703,0.0,271.58349609375,0.0,0.05204274132847786,34.992835998535156,5.582179546356201
73.5018,19.3405,2013,3,7,0.0,0.023432296,5.194307327,35.17500687,-4.057498276,-1.12199178,0.013279149,9.455067635,0.0,303.5999755859375,0.0,0.023430611938238144,35.115684509277344,5.169825077056885
64.6658,-0.0005,2013,3,13,0.0,0.99608922,5.601680279,35.08403397,-5.687842146,-6.380350888,5.280213833,7.023118973,0.0,155.0950469970703,0.0,0.5824708342552185,35.02389144897461,5.81021785736084
62.5995,4.68417,2013,3,15,0.0,1.408113718,5.300147533,33.54277039,6.223754585,6.635413319,13.2985239,3.329591513,0.0,39.872684478759766,0.0,1.2941256761550903,33.04758071899414,5.21580696105957
62.7197,4.43517,2013,3,15,0.0,2.116654873,5.087011337,33.64357758,36.10048592,26.24949515,26.81157494,2.577311754,0.0,13.931892395019531,0.0,1.6275746822357178,32.78852462768555,5.004788875579834
62.8955,4.04867,2013,3,15,0.0,2.449691772,7.406286716,35.21501923,26.87419057,4.740551859,35.46043396,4.275856972,0.0,196.8631134033203,0.0,1.1324961185455322,34.4681396484375,6.940423011779785
62.5673,5.69929,2013,4,4,0.0,1.533131242,4.237389565,32.77511597,-2.21537035,-4.769649357,24.67200089,0.705648184,0.0,19.02819061279297,0.0,1.3448930978775024,32.12272262573242,4.186361312866211
62.8358,5.95146,2013,4,4,0.0,1.563248873,4.441809177,33.12857437,-1.950562559,-4.42336984,24.45517349,0.719867885,0.0,24.273351669311523,0.0,1.3338510990142822,32.450252532958984,4.512848854064941
63.7833,7.80246,2013,4,7,0.0,1.751121879,5.017457485,33.8492012,4.969160631,4.085892439,32.46340561,1.70803237,0.0,18.50064468383789,0.0,1.710569143295288,32.945777893066406,4.927431583404541
64.6664,10.1772,2013,4,10,0.0,1.044195771,4.906965256,34.22270203,10.12972072,10.39392576,17.73768997,3.450545073,0.0,24.73886108398437,0.0,1.0576449632644653,33.31877899169922,5.176519870758057
65.5823,10.4994,2013,4,13,0.0,2.266808271,6.219364166,34.81056213,11.60185114,15.18610269,35.53375244,4.483724117,0.0,48.217323303222656,0.0,1.3301329612731934,34.60438919067383,6.435983180999756
62.3685,5.20033,2013,5,2,0.0,1.377637863,6.051098347,33.1808548,19.81721818,5.982182175,29.45607948,1.07444489,0.0,25.57754707336425,0.0,1.2618484497070312,32.93895721435547,5.847629547119141
63.192,3.39417,2013,5,3,0.0,1.834647179,7.584867954,35.18563461,-1.036248915,-2.492157742,21.9411068,7.858469963,0.0,81.32970428466797,0.0,0.5088831782341003,35.195343017578125,7.642498970031738
63.3087,3.134,2013,5,3,0.0,1.914850473,7.567667484,35.20756149,-1.936192252,-2.361902222,22.02515602,7.60749054,0.0,86.6971206665039,0.0,1.350699543952942,35.03647232055664,7.514228820800781
63.4287,2.87133,2013,5,3,0.0,1.919707894,7.617203236,35.23776627,-6.916796416,-4.287198558,23.83621216,7.348099232,0.0,91.4719696044922,0.0,1.3197346925735474,35.053916931152344,7.487850189208984
63.6622,2.3405,2013,5,4,0.0,1.349178672,7.410504818,35.23205566,2.333235554,10.25093049,14.43853283,8.51735878,0.0,126.11637878417967,0.0,1.0504121780395508,35.10213851928711,7.485215663909912
63.9005,1.80017,2013,5,4,0.0,1.071319222,7.379689693,35.31778717,17.05489457,6.15176633,12.140378,7.65486002,0.0,132.85926818847656,0.0,0.5488315224647522,35.21308898925781,7.416391372680664
64.1363,1.26133,2013,5,4,0.0,0.923421502,6.843699455,35.27757645,16.61084145,0.054589682,11.12229061,7.176421165,0.0,84.71000671386719,0.0,0.8387647271156311,35.18775939941406,7.486749172210693
64.37,0.7265,2013,5,4,0.0,0.945065558,7.157608509,35.2968483,13.63737881,3.664353862,8.95553875,7.54825592,0.0,75.50634002685547,0.0,0.9050752520561218,35.00456619262695,7.027323246002197
64.6658,0.00183333,2013,5,4,0.0,0.487026066,6.503879547,35.26545715,-0.186821725,11.12234592,7.619400501,6.066892624,0.0,76.72919464111328,0.0,0.44686004519462585,34.97493362426758,6.475429058074951
72.10711667,-165.4886833,2013,8,2,0.0,1.106159568,4.038322449,30.5473423,3.299000114,4.663766176,8.010139465,13.69918442,0.0,10.767897605895996,19512.001278,1.0766767263412476,29.38091278076172,3.458183765411377
72.79768333,-164.8882833,2013,8,2,0.0,0.309851021,1.281913519,29.95974159,-4.561943561,0.82921423,1.853365302,12.04618835,0.0,10.767897605895996,41131.77607,0.2920242249965668,28.831382751464844,0.8133588433265686
72.27026667,-163.5694167,2013,8,3,0.0,0.637029052,1.510421753,30.13711739,-11.86690107,-3.021755256,4.838730812,13.86703491,0.0,10.767897605895996,10858.59961,0.6834627389907837,28.842695236206055,1.2370212078094482
72.68083333,-164.55145,2013,8,3,0.0,0.344297737,1.556108356,30.34051704,-7.088336349,0.213392987,2.312597752,12.39321804,0.0,10.767897605895996,6239.922071,0.5274973511695862,29.179615020751953,1.5535483360290527
72.95915,-164.1648,2013,8,3,0.727852345,0.201403722,-0.235745728,29.49652481,-17.15489924,-0.109151739,1.30791235,10.70595741,0.814404726,10.767897605895996,32814.05278,0.34239575266838074,28.99091339111328,1.2451210021972656
71.98571667,-163.4052333,2013,8,4,0.0,0.489812493,1.748212337,29.85606575,-18.45897138,-6.683649868,3.236400127,11.91719723,0.0,10.767897605895996,14499.34609,0.3873460590839386,28.54432487487793,1.964551568031311
72.11348333,-162.7744833,2013,8,4,0.0,0.408695132,1.641881227,29.66274452,-21.43058777,-3.127939999,2.521021843,11.23152637,0.0,10.767897605895996,25027.140167,0.4185851514339447,28.33122444152832,1.5327659845352173
71.45935,-162.6154333,2013,8,5,0.0,0.800885081,2.481336117,29.85862541,-13.2860899,-1.735490747,5.461799145,10.72584057,0.0,10.767897605895996,8954.697001,1.6699748039245605,28.654003143310547,3.1484012603759766
71.94256667,-162.6992833,2013,8,5,0.0,0.417811573,1.519543767,29.67127037,-17.22104996,-3.771332279,3.576996326,10.98662186,0.0,10.767897605895996,34983.82213,0.28965243697166443,28.332822799682617,1.502227783203125
71.3024,-161.6873833,2013,8,6,0.0,2.276926517,3.370631456,29.99604797,-5.932491273,-1.549029257,34.20205307,9.887687683,0.0,10.767897605895996,37919.50967,2.053983449935913,28.624921798706055,3.0689399242401123
71.52716667,-161.82965,2013,8,6,0.0,1.080809832,2.084667921,29.81091499,-14.98845369,0.105036539,8.830217361,10.31165695,0.0,10.767897605895996,5688.059738,0.8530045747756958,28.456125259399414,1.9497230052947998
62.4847,4.9455,2013,8,7,0.0,0.197680816,14.1147728,32.69298935,10.42246372,10.38896814,3.839529514,0.026841331,0.0,13.588582992553713,0.0,0.20381751656532288,31.713083267211914,13.635063171386719
71.18731667,-158.65115,2013,8,7,0.0,1.905081034,3.260959148,30.78946114,11.59122214,16.44990295,26.39777756,5.531317711,0.0,11.47036075592041,16644.852972,1.8095964193344116,30.170536041259766,3.4066379070281982
71.24755,-158.8971333,2013,8,7,0.0,1.876701474,3.082570076,30.51457024,7.774630934,17.36059785,25.62387848,6.480425358,0.0,11.306713104248049,6351.980759,1.756571650505066,30.028886795043945,3.967924118041992
71.37958333,-159.47148,2013,8,7,0.0,1.845213413,1.233674407,29.70499611,-12.4701336,-0.88117104,21.1694603,8.059159279,0.0,10.767897605895996,14691.51897,1.635608434677124,28.523916244506836,1.504683256149292
71.61101667,-159.3889,2013,8,7,0.0,1.845213413,1.233674407,29.70499611,-12.4701336,-0.88117104,21.1694603,8.059159279,0.0,10.767897605895996,7747.931933,1.5717411041259766,28.34804344177246,1.0784281492233276
63.6628,2.33867,2013,8,8,0.0,0.280421674,12.7121439,35.25278473,-2.752198279,-2.598277479,9.605665207,2.254515171,0.0,21.3486557006836,0.0,0.2427869588136673,34.32877731323242,12.415997505187988
63.8987,1.80067,2013,8,8,0.0,0.302546293,12.53453636,35.13466644,15.85469544,7.220459729,10.14713573,2.163794756,0.0,18.7264461517334,0.0,0.2830790877342224,34.33979797363281,12.468804359436035
71.2504,-157.2168833,2013,8,8,0.0,2.256299973,1.949813247,31.0014782,15.49356729,11.23735681,33.0343399,5.137019157,0.0,11.253376960754396,2960.168764,2.121321201324463,29.65129280090332,1.8594224452972412
71.3347,-157.32295,2013,8,8,0.0,2.256299973,1.949813247,31.0014782,15.49356729,11.23735681,33.0343399,5.137019157,0.0,11.253376960754396,6431.901028,1.996842861175537,29.81590461730957,2.1784160137176514
71.4236,-157.5438333,2013,8,8,0.0,1.796423912,1.069234371,30.0248661,7.358331233,0.369850709,22.7297287,7.295917511,0.0,10.776355743408203,10519.070173,1.9107413291931152,29.69538116455078,2.4703845977783203
71.5066,-157.6885667,2013,8,8,0.0,1.691844225,1.230086207,30.05821228,3.224882483,-1.409322489,21.6696949,7.582098007,0.0,10.767897605895996,15780.080651,1.5017004013061523,28.678356170654297,1.1102467775344849
71.57778333,-157.8584167,2013,8,8,0.0,1.691844225,1.230086207,30.05821228,3.224882483,-1.409322489,21.6696949,7.582098007,0.0,10.767897605895996,4381.210049,1.398105502128601,28.694717407226562,1.2652121782302856
71.77791667,-159.0177,2013,8,9,0.0,1.057173014,0.982327163,29.13157272,-15.21358937,2.194497176,7.312000751,8.964022636,0.0,10.767897605895996,21491.829752,1.015589714050293,27.928312301635742,0.9136751294136047
71.91221667,-157.8169,2013,8,9,0.0,0.709386706,1.320564866,29.53237724,-13.76324743,1.896872371,8.361180305,9.212133408,0.0,10.767897605895996,5766.794766999999,0.7252976894378662,28.13102912902832,0.9219788908958435
72.83545,-161.2052833,2013,8,11,0.009083349,0.473187983,0.132184446,30.21404457,-2.000576258,2.587135322,1.189024687,12.84599781,0.017411157,10.767897605895996,26062.92921,0.4510173201560974,28.82110595703125,0.11993667483329773
71.98335,-160.41275,2013,8,12,0.0,0.430485755,1.284587622,30.16136742,-1.606899872,1.440596301,5.639635563,10.88613319,0.0,10.767897605895996,26191.102402,0.8675503134727478,28.6008358001709,1.4695146083831787
72.15286667,-159.9237,2013,8,12,0.0,0.476550758,0.980227172,30.23334312,-2.612456493,-0.198662933,5.309570789,10.92566967,0.0,10.767897605895996,25026.807193,0.3947625458240509,28.797164916992188,1.3953295946121216
72.21788333,-160.86665,2013,8,12,0.0,0.600960016,0.478325874,29.82800293,0.977371819,7.386956364,5.527874947,11.64908504,0.0,10.767897605895996,41520.43671,0.48170608282089233,28.67784881591797,1.0301918983459473
72.43065,-160.992,2013,8,12,0.0,0.619129658,0.449246585,29.85712051,-3.230522573,8.831108361,3.261861324,12.92078876,0.0,10.767897605895996,44487.14578,0.5678429007530212,28.356460571289062,0.27692195773124695
72.62916667,-161.1081833,2013,8,12,0.0,0.473383605,0.435670853,30.13822365,-1.758959331,6.978441775,1.738328934,12.50398827,0.0,10.767897605895996,37219.135082,0.5864294767379761,28.535043716430664,0.3384817838668823
72.2022,-158.4206833,2013,8,13,0.0,1.019923925,1.946600795,29.07701683,0.661388971,5.415716022,17.91215706,9.285783768,0.0,10.767897605895996,9806.972894,0.8946852684020996,27.859663009643555,1.5471367835998535
72.26783333,-157.9775,2013,8,13,0.0,1.375748754,2.108354568,29.48180962,-0.944637693,0.906789862,22.39879417,8.642536163,0.0,10.767897605895996,10395.928671,1.2120497226715088,28.173233032226562,1.7680578231811523
72.30758333,-157.6557333,2013,8,13,0.0,1.56170547,2.355264425,29.77573204,-2.144918218,2.04917565,24.2936306,8.318066597,0.0,10.767897605895996,14070.370632,1.3667820692062378,28.445669174194336,2.0122618675231934
72.35473333,-157.3869333,2013,8,13,0.0,1.695863247,2.682047367,30.06058884,-3.522661701,3.796371818,25.71821213,8.08180809,0.0,10.767897605895996,18338.171313,1.4743216037750244,28.710660934448242,2.317533493041992
72.42185,-156.9378833,2013,8,13,0.0,1.451183438,2.971496344,29.35453606,-13.36627305,15.97969383,18.33034134,8.093139648,0.0,10.767897605895996,18405.513313,1.9799147844314575,28.929840087890625,2.8111391067504883
72.49818333,-156.36165,2013,8,14,0.0,1.81019032,2.876567841,27.8120327,-11.22906879,1.864837483,16.47451019,6.558060646,0.0,10.767897605895996,4706.069083,2.403566837310791,28.197954177856445,2.430016279220581
72.0017,19.6845,2013,8,16,0.0,0.254559994,10.95535851,34.79590607,6.93699494,1.789329574,7.987957001,0.759029329,0.0,16.23823356628418,0.0,0.24949121475219727,33.743125915527344,10.642642974853516
73.5027,19.3327,2013,8,16,0.0,0.240804821,9.484246254,34.87837982,-1.404747181,0.9902196,3.194774151,0.011717341,0.0,15.215269088745115,0.0,0.2561413049697876,33.732261657714844,9.169208526611328
74.0012,19.219,2013,8,16,0.0,0.233031124,7.233500957,34.63004684,16.5298596,4.715046659,2.282371521,0.008673752,0.0,12.180606842041016,0.0,0.25550323724746704,33.148136138916016,6.957327842712402
78.1228,13.2047,2013,8,19,0.0,0.501373053,6.286281109,34.88157272,-3.843043,4.231825471,9.699256897,0.487089247,0.0,12.355376243591309,4640.573234,0.49380287528038025,33.48584747314453,6.171811580657959
71.4226,-156.5331,2013,8,20,0.0,2.061283588,3.132349491,31.07762718,-8.550447971,0.463277707,37.61602783,2.843677998,0.0,10.971379280090332,867.6405302,1.9980684518814087,29.545114517211914,2.7223122119903564
71.4229,-156.5226,2013,8,20,0.0,2.061283588,3.132349491,31.07762718,-8.550447971,0.463277707,37.61602783,2.843677998,0.0,10.971379280090332,586.1235061,1.9980684518814087,29.545114517211914,2.7223122119903564
71.4266,-156.5371,2013,8,20,0.0,2.061283588,3.132349491,31.07762718,-8.550447971,0.463277707,37.61602783,2.843677998,0.0,10.971379280090332,211.9162056,1.9980684518814087,29.545114517211914,2.7223122119903564
71.5039,-156.8544,2013,8,20,0.0,2.03918767,3.099298716,31.15400696,-9.141875058,-1.421228517,38.00135803,2.901024103,0.0,11.036545753479004,16600.85548,1.9586408138275146,29.784191131591797,2.7791898250579834
71.506,-156.8505,2013,8,20,0.0,2.03918767,3.099298716,31.15400696,-9.141875058,-1.421228517,38.00135803,2.901024103,0.0,11.036545753479004,4399.171986,1.9586408138275146,29.784191131591797,2.7791898250579834
71.5073,-156.8419,2013,8,20,0.0,2.03918767,3.099298716,31.15400696,-9.141875058,-1.421228517,38.00135803,2.901024103,0.0,11.036545753479004,31405.950439,1.9586408138275146,29.784191131591797,2.7791898250579834
71.5376,-156.9715,2013,8,20,0.0,2.064778805,2.924132586,31.05392647,-5.742694438,1.290015411,37.55195999,3.121512175,0.0,12.152043342590332,27621.434561,1.9586408138275146,29.784191131591797,2.7791898250579834
71.5408,-156.9744,2013,8,20,0.0,2.064778805,2.924132586,31.05392647,-5.742694438,1.290015411,37.55195999,3.121512175,0.0,12.152043342590332,447.1084534,1.9586408138275146,29.784191131591797,2.7791898250579834
71.5435,-156.9763,2013,8,20,0.0,2.064778805,2.924132586,31.05392647,-5.742694438,1.290015411,37.55195999,3.121512175,0.0,12.152043342590332,55698.1795,1.9586408138275146,29.784191131591797,2.7791898250579834
71.6036,-157.1971,2013,8,20,0.0,2.114330769,2.508421421,30.91007614,-3.984571993,1.236110087,36.92889023,3.397592068,0.0,12.103572845458984,44115.74295,2.0095713138580322,29.64590835571289,2.3450565338134766
71.6046,-157.2007,2013,8,20,0.0,2.114330769,2.508421421,30.91007614,-3.984571993,1.236110087,36.92889023,3.397592068,0.0,12.103572845458984,3020.327035,2.0095713138580322,29.64590835571289,2.3450565338134766
71.6054,-157.2059,2013,8,20,0.0,2.114330769,2.508421421,30.91007614,-3.984571993,1.236110087,36.92889023,3.397592068,0.0,12.103572845458984,89347.30558,2.0095713138580322,29.64590835571289,2.3450565338134766
71.6074,-157.2085,2013,8,20,0.0,2.114330769,2.508421421,30.91007614,-3.984571993,1.236110087,36.92889023,3.397592068,0.0,12.103572845458984,4177.528479,2.0095713138580322,29.64590835571289,2.3450565338134766
78.1228,13.2047,2013,8,20,0.0,0.498544484,6.296740055,34.87280655,-0.05709104,4.866138473,8.945075989,0.436763167,0.0,10.767897605895996,2816.347889,0.4948228895664215,33.35201644897461,6.172934532165527
71.3081,-155.9759,2013,8,22,0.0,2.460557222,2.008788586,30.25924683,3.954366222,-6.328497082,29.03653717,2.148075581,0.0,10.767897605895996,0.300134049,2.496680974960327,28.968177795410156,1.9186574220657349
71.3106,-155.9774,2013,8,22,0.0,2.460557222,2.008788586,30.25924683,3.954366222,-6.328497082,29.03653717,2.148075581,0.0,10.767897605895996,351.2250555,2.496680974960327,28.968177795410156,1.9186574220657349
71.3979,-155.8666,2013,8,22,0.0,2.068508863,3.091341496,31.07214165,13.3755967,-5.569475889,26.71434784,2.72290802,0.0,10.767897605895996,29.52930734,2.496680974960327,28.968177795410156,1.9186574220657349
71.399,-155.8627,2013,8,22,0.0,2.068508863,3.091341496,31.07214165,13.3755967,-5.569475889,26.71434784,2.72290802,0.0,10.767897605895996,43.011232750000005,2.496680974960327,28.968177795410156,1.9186574220657349
71.4864,-155.7396,2013,8,22,0.0,2.068508863,3.091341496,31.07214165,13.3755967,-5.569475889,26.71434784,2.72290802,0.0,10.767897605895996,797.1175963,2.527670383453369,29.114870071411133,1.8521770238876343
71.4877,-155.7379,2013,8,22,0.0,2.068508863,3.091341496,31.07214165,13.3755967,-5.569475889,26.71434784,2.72290802,0.0,10.767897605895996,22.92863864,2.527670383453369,29.114870071411133,1.8521770238876343
71.4894,-155.7352,2013,8,22,0.0,2.068508863,3.091341496,31.07214165,13.3755967,-5.569475889,26.71434784,2.72290802,0.0,10.767897605895996,8.501536789,2.527670383453369,29.114870071411133,1.8521770238876343
71.5695,-155.9502,2013,8,22,0.0,2.068643808,3.162682772,31.05804825,13.76360804,-3.836894408,26.96338081,2.656236172,0.0,10.767897605895996,28588.620303,1.9703662395477295,29.61728858947754,3.0155699253082275
71.5709,-155.9584,2013,8,22,0.0,2.068643808,3.162682772,31.05804825,13.76360804,-3.836894408,26.96338081,2.656236172,0.0,10.767897605895996,,1.9703662395477295,29.61728858947754,3.0155699253082275
71.6887,-156.2215,2013,8,22,0.0,2.172498465,2.776441813,30.9829483,10.737703,-5.567321926,26.18062973,3.470362186,0.0,11.315805435180664,,1.9761242866516113,29.589303970336914,2.965775728225708
71.7045,-156.2376,2013,8,22,0.0,2.172498465,2.776441813,30.9829483,10.737703,-5.567321926,26.18062973,3.470362186,0.0,11.315805435180664,9920.871316,1.9761242866516113,29.589303970336914,2.965775728225708
71.2454,-157.1624,2013,8,24,0.0,1.951321006,3.316207647,31.29102707,21.57435864,9.392365068,30.50672722,2.245063305,0.0,10.767897605895996,5081.820091,1.941475749015808,29.825103759765625,3.202216386795044
71.2468,-157.165,2013,8,24,0.0,1.951321006,3.316207647,31.29102707,21.57435864,9.392365068,30.50672722,2.245063305,0.0,10.767897605895996,5454.236767,1.941475749015808,29.825103759765625,3.202216386795044
71.2492,-157.1651,2013,8,24,0.0,1.951321006,3.316207647,31.29102707,21.57435864,9.392365068,30.50672722,2.245063305,0.0,10.767897605895996,8110.370704,1.941475749015808,29.825103759765625,3.202216386795044
71.3249,-157.3128,2013,8,24,0.0,1.951321006,3.316207647,31.29102707,21.57435864,9.392365068,30.50672722,2.245063305,0.0,10.767897605895996,5179.78791,1.7944209575653076,29.967742919921875,3.0810775756835938
71.3262,-157.3183,2013,8,24,0.0,1.951321006,3.316207647,31.29102707,21.57435864,9.392365068,30.50672722,2.245063305,0.0,10.767897605895996,7127.853685,1.7944209575653076,29.967742919921875,3.0810775756835938
71.3308,-157.3301,2013,8,24,0.0,1.951321006,3.316207647,31.29102707,21.57435864,9.392365068,30.50672722,2.245063305,0.0,10.767897605895996,21891.460493,1.7944209575653076,29.967742919921875,3.0810775756835938
71.4032,-157.4795,2013,8,24,0.0,2.084676027,2.104981422,30.62213326,14.00519162,0.285327039,27.14980698,3.357465982,0.0,10.767897605895996,17535.1975,1.7944209575653076,29.967742919921875,3.0810775756835938
71.4061,-157.4858,2013,8,24,0.0,2.084676027,2.104981422,30.62213326,14.00519162,0.285327039,27.14980698,3.357465982,0.0,10.767897605895996,8654.518875,1.7944209575653076,29.967742919921875,3.0810775756835938
71.4144,-157.4889,2013,8,24,0.0,2.084676027,2.104981422,30.62213326,14.00519162,0.285327039,27.14980698,3.357465982,0.0,10.767897605895996,35515.92993,1.7944209575653076,29.967742919921875,3.0810775756835938
71.4868,-157.6486,2013,8,24,0.0,2.157701731,2.024204969,30.56542397,10.6071122,-1.591718383,27.91911507,3.637683153,0.0,10.767897605895996,6442.947457,1.7226536273956299,29.926410675048828,2.8763270378112793
71.4898,-157.6549,2013,8,24,0.0,2.157701731,2.024204969,30.56542397,10.6071122,-1.591718383,27.91911507,3.637683153,0.0,10.767897605895996,982.4574252,1.7226536273956299,29.926410675048828,2.8763270378112793
71.4959,-157.6654,2013,8,24,0.0,2.157701731,2.024204969,30.56542397,10.6071122,-1.591718383,27.91911507,3.637683153,0.0,10.767897605895996,10320.531223,1.7226536273956299,29.926410675048828,2.8763270378112793
71.5771,-157.835,2013,8,24,0.0,2.157701731,2.024204969,30.56542397,10.6071122,-1.591718383,27.91911507,3.637683153,0.0,10.767897605895996,5077.929668,2.108508586883545,29.132993698120117,1.7247039079666138
71.5821,-157.8418,2013,8,24,0.0,2.157701731,2.024204969,30.56542397,10.6071122,-1.591718383,27.91911507,3.637683153,0.0,10.767897605895996,2211.224014,2.108508586883545,29.132993698120117,1.7247039079666138
71.5843,-157.845,2013,8,24,0.0,2.157701731,2.024204969,30.56542397,10.6071122,-1.591718383,27.91911507,3.637683153,0.0,10.767897605895996,8111.874427,2.108508586883545,29.132993698120117,1.7247039079666138
81.0825,26.3598,2013,8,25,0.0,1.34125042,1.672286272,32.83140182,6.327652931,0.562006421,10.27569866,3.346345663,0.0,10.767897605895996,256.031628,1.2708183526992798,31.37810516357422,1.445584774017334
81.3805,33.9907,2013,8,26,0.0,1.968090057,1.409841299,33.20244598,6.668302417,9.779909998,8.17737484,6.65032196,0.0,11.497594833374023,14108.616943,2.1211464405059814,31.868967056274414,1.3787792921066284
71.8095,-154.536,2013,8,29,0.0,1.870936632,3.507668972,31.1648922,5.938532948,2.437164821,27.16745567,2.53734827,0.0,10.888504028320312,31560.22887,1.7530521154403687,29.74476432800293,3.3139266967773438
71.8107,-154.5456,2013,8,29,0.0,1.870936632,3.507668972,31.1648922,5.938532948,2.437164821,27.16745567,2.53734827,0.0,10.888504028320312,2896.651348,1.7530521154403687,29.74476432800293,3.3139266967773438
71.8123,-154.55,2013,8,29,0.0,1.870936632,3.507668972,31.1648922,5.938532948,2.437164821,27.16745567,2.53734827,0.0,10.888504028320312,31913.257100000003,1.7530521154403687,29.74476432800293,3.3139266967773438
71.2107,-155.4253,2013,8,30,0.0,2.480878592,3.574987411,30.63843727,10.60514078,-4.442354664,37.69797516,1.214727283,0.0,11.737944602966309,11.100836329,0.0,0.0,0.0
71.2112,-155.4325,2013,8,30,0.0,2.480878592,3.574987411,30.63843727,10.60514078,-4.442354664,37.69797516,1.214727283,0.0,11.737944602966309,74.69177738,0.0,0.0,0.0
71.2783,-155.3294,2013,8,30,0.0,2.885388613,3.545620441,30.6966362,13.09684515,-3.232984617,42.62548065,0.943896055,0.0,11.900364875793455,426.0905347,2.3880395889282227,29.351789474487305,3.451598882675171
71.279,-155.3372,2013,8,30,0.0,2.885388613,3.545620441,30.6966362,13.09684515,-3.232984617,42.62548065,0.943896055,0.0,11.900364875793455,687.8591591,2.3880395889282227,29.351789474487305,3.451598882675171
71.2794,-155.3373,2013,8,30,0.0,2.885388613,3.545620441,30.6966362,13.09684515,-3.232984617,42.62548065,0.943896055,0.0,11.900364875793455,14.402177851,2.3880395889282227,29.351789474487305,3.451598882675171
71.5598,-154.93,2013,8,30,0.0,1.860594988,3.61393404,31.20010376,10.04935876,-2.35623531,28.59349823,2.397055387,0.0,10.767897605895996,5177.751847,1.7740302085876465,29.751937866210938,3.4439563751220703
71.5602,-154.92,2013,8,30,0.0,1.860594988,3.61393404,31.20010376,10.04935876,-2.35623531,28.59349823,2.397055387,0.0,10.767897605895996,3494.880374,1.7740302085876465,29.751937866210938,3.4439563751220703
71.5608,-154.9237,2013,8,30,0.0,1.860594988,3.61393404,31.20010376,10.04935876,-2.35623531,28.59349823,2.397055387,0.0,10.767897605895996,1184.298926,1.7740302085876465,29.751937866210938,3.4439563751220703
74.7538,32.6013,2013,8,31,0.0,0.283569098,7.936769485,34.97369385,-6.734482944,-14.94222134,5.017127514,0.821152806,0.0,20.8671817779541,0.0,0.2766794264316559,34.13579559326172,7.744430065155029
71.4174,-156.5004,2013,9,1,0.0,1.884122849,2.334238529,30.64163208,41.40219986,11.94794402,22.7352829,3.620086908,0.0,10.767897605895996,0.0,1.8513137102127075,29.40098762512207,2.2535107135772705
71.4188,-156.4923,2013,9,1,0.0,1.884122849,2.334238529,30.64163208,41.40219986,11.94794402,22.7352829,3.620086908,0.0,10.767897605895996,2.200495302,1.879544734954834,29.24806785583496,2.9400956630706787
71.4222,-156.528,2013,9,1,0.0,1.884122849,2.334238529,30.64163208,41.40219986,11.94794402,22.7352829,3.620086908,0.0,10.767897605895996,52.80534959,1.8513137102127075,29.40098762512207,2.2535107135772705
71.4233,-156.5238,2013,9,1,0.0,1.884122849,2.334238529,30.64163208,41.40219986,11.94794402,22.7352829,3.620086908,0.0,10.767897605895996,355.0464953,1.8513137102127075,29.40098762512207,2.2535107135772705
71.4259,-156.515,2013,9,1,0.0,1.884122849,2.334238529,30.64163208,41.40219986,11.94794402,22.7352829,3.620086908,0.0,10.767897605895996,273.09892843,1.8513137102127075,29.40098762512207,2.2535107135772705
71.4775,-156.751,2013,9,1,0.0,1.890500426,2.258983374,30.67347717,47.87522554,35.38535237,22.65934944,3.653806686,0.0,10.767897605895996,37002.26107,1.8494912385940552,29.490079879760742,1.848223090171814
71.4823,-156.741,2013,9,1,0.0,1.890500426,2.258983374,30.67347717,47.87522554,35.38535237,22.65934944,3.653806686,0.0,10.767897605895996,33287.17225,1.8513137102127075,29.40098762512207,2.2535107135772705
71.4851,-156.7376,2013,9,1,0.0,1.890500426,2.258983374,30.67347717,47.87522554,35.38535237,22.65934944,3.653806686,0.0,10.767897605895996,42584.21411,1.8513137102127075,29.40098762512207,2.2535107135772705
71.5415,-156.9911,2013,9,1,0.0,1.835505605,2.431065798,30.53821373,30.38266301,22.80620188,21.64048004,3.440289497,0.0,10.767897605895996,14997.41409,1.7513347864151,29.157390594482422,2.1972625255584717
71.5436,-156.9866,2013,9,1,0.0,1.835505605,2.431065798,30.53821373,30.38266301,22.80620188,21.64048004,3.440289497,0.0,10.767897605895996,1457.010764,1.7513347864151,29.157390594482422,2.1972625255584717
71.5465,-156.9769,2013,9,1,0.0,1.835505605,2.431065798,30.53821373,30.38266301,22.80620188,21.64048004,3.440289497,0.0,10.767897605895996,17616.330686,1.7513347864151,29.157390594482422,2.1972625255584717
71.6311,-157.3421,2013,9,1,0.0,1.741318345,2.801865816,30.86316109,-2.535429783,-2.344625629,20.62085915,2.73237586,0.0,10.767897605895996,2133.92671,1.754685640335083,29.1688289642334,2.6962084770202637
71.6327,-157.3365,2013,9,1,0.0,1.741318345,2.801865816,30.86316109,-2.535429783,-2.344625629,20.62085915,2.73237586,0.0,10.767897605895996,3132.885807,1.754685640335083,29.1688289642334,2.6962084770202637
71.6357,-157.3256,2013,9,1,0.0,1.741318345,2.801865816,30.86316109,-2.535429783,-2.344625629,20.62085915,2.73237586,0.0,10.767897605895996,4984.341333,1.754685640335083,29.1688289642334,2.6962084770202637
71.2415,28.7715,2013,9,2,0.0,0.426502377,10.51090431,34.59744644,12.52284646,-14.23653662,12.16221428,0.265344858,0.0,22.96596908569336,0.0,0.48879072070121765,32.78669357299805,10.291580200195312
73.0003,28.4845,2013,9,2,0.0,0.27711904,9.761470795,34.98118973,-5.069692433,1.255942509,6.214592934,0.571916342,0.0,24.59598731994629,0.0,0.2751399576663971,34.27301025390625,9.545759201049805
79.2812,33.0905,2013,9,17,0.0,0.483914286,2.432043791,33.87380981,5.707689002,5.251451582,2.957518578,1.216295123,0.0,10.767897605895996,384.0474421,0.46097898483276367,32.305442810058594,2.3210411071777344
79.2648,27.2542,2013,9,18,0.0,0.503243148,2.801715612,33.08808136,3.508166224,-0.30659847,3.385677814,0.663955152,0.0,10.767897605895996,641.8708967,0.47950413823127747,31.560108184814453,2.658991813659668
79.9663,33.658,2013,9,19,0.0,0.691342533,1.356857061,33.68215561,0.9031686,0.058879197,2.787702084,3.008396626,0.0,11.54044246673584,0.0,0.48712357878685,32.2650032043457,1.733389139175415
62.8378,4.17867,2014,1,19,0.0,0.200600237,7.739895344,34.77216339,22.13651091,10.60071439,0.296544969,7.0750494,0.0,85.94026184082031,0.0,0.17723217606544495,34.46322250366211,7.636236667633057
62.9552,3.91767,2014,1,19,0.0,0.121162198,7.79357338,34.99439621,21.3629663,24.58793223,0.293009549,9.119400024,0.0,59.066349029541016,0.0,0.15292179584503174,34.480899810791016,7.660147666931152
72.0007,19.6937,2014,1,25,0.0,0.035426565,6.000848293,34.99688339,4.152977839,-1.991111226,0.0,7.875484467,0.0,127.99549102783205,0.0,0.0357382670044899,34.8496208190918,6.09983491897583
73.5032,19.3373,2014,1,25,0.0,0.029341323,5.449776173,35.08265305,-1.555448212,1.238343772,0.0,9.320902824,0.0,107.5041961669922,0.0,0.029190657660365105,34.91913604736328,5.414504051208496
62.8345,4.18267,2014,3,1,0.0,0.484767914,7.40730238,35.05326462,27.0239979,20.9261626,3.412477732,8.516607285,0.0,97.13787841796876,0.0,0.36965060234069824,34.97122573852539,7.624865531921387
63.184,3.388,2014,3,1,0.0,0.367643893,7.678128242,35.1916275,-3.350442275,8.756864071,2.015244246,9.994110107,0.0,257.4801025390625,0.0,0.1865437775850296,35.142112731933594,7.436671733856201
63.895,1.80217,2014,3,2,0.0,0.298801243,7.496468067,35.1724968,10.0904271,12.92825043,1.048412561,10.21666813,0.0,189.0545654296875,0.0,0.23591089248657227,35.088008880615234,7.4077959060668945
62.3665,5.19967,2014,5,4,0.0,0.96440655,7.238899231,33.03375626,-5.021125451,-4.063012823,20.10552788,0.16175729,0.0,16.39092445373535,0.0,0.913286030292511,32.16291046142578,7.026082515716553
62.485,4.94517,2014,5,4,0.0,0.697058856,7.286945343,32.96271896,1.470592432,4.413902014,9.618750572,0.062772773,0.0,17.114341735839844,0.0,0.8292603492736816,31.81271743774414,7.047201156616211
62.6017,4.69083,2014,5,4,0.0,0.623994946,7.296404362,32.91744232,5.770996213,8.976040781,7.658174038,0.038409628,0.0,14.92222023010254,0.0,0.5991767048835754,31.66408920288086,7.0019025802612305
62.8388,4.17733,2014,5,4,0.0,0.719790757,7.305495262,33.77304077,23.65978658,12.30382696,8.707116127,0.0400838,0.0,10.95571231842041,0.0,0.8138695359230042,32.34934997558594,7.0508246421813965
62.8968,4.04567,2014,5,4,0.0,1.517058849,8.003740311,34.96525192,12.14920357,3.978819028,33.30660248,1.006518126,0.0,19.954086303710938,0.0,0.8138695359230042,32.34934997558594,7.0508246421813965
62.9565,3.91567,2014,5,4,0.0,1.517058849,8.003740311,34.96525192,12.14920357,3.978819028,33.30660248,1.006518126,0.0,19.954086303710938,0.0,0.9856282472610474,32.50992965698242,7.16297721862793
63.0745,3.65467,2014,5,5,0.0,1.52357924,8.040607452,34.99625015,11.03936434,8.223869652,26.05174065,1.453523636,0.0,30.147470474243164,0.0,1.7476047277450562,34.42061996459961,7.966941833496094
63.1918,3.393,2014,5,5,0.0,1.901162744,8.033154488,34.89319992,1.890260912,5.349968001,32.70711136,4.064679623,0.0,34.70391082763672,0.0,1.9121342897415161,34.389984130859375,7.9889607429504395
63.3093,3.13217,2014,5,5,0.0,2.048570395,8.015878677,34.8635025,1.896884479,5.031121895,28.50122833,5.696437836,0.0,34.46995544433594,0.0,1.977463960647583,34.322425842285156,7.877281188964844
63.4278,2.87033,2014,5,5,0.0,2.062016964,7.801594257,34.69152832,-6.031084806,2.38032788,20.17346382,6.80636692,0.0,24.445877075195312,0.0,2.001488208770752,34.30923843383789,7.857150077819824
63.6633,2.3375,2014,5,5,0.0,1.830784678,7.770447254,35.0183754,-5.120783672,5.865625665,15.17927456,7.429707527,0.0,25.35601806640625,0.0,1.7844347953796387,34.31553268432617,7.718864917755127
63.9005,1.8025,2014,5,5,0.0,1.721640587,7.898567677,35.19715118,5.173160136,15.43050408,16.78688049,7.234080315,0.0,57.78559112548828,0.0,1.630496621131897,34.78609848022461,7.789666652679443
64.1347,1.265,2014,5,5,0.0,1.733140111,8.03886795,35.2868042,8.875584602,23.49178493,16.36425209,7.33778286,0.0,73.67389678955078,0.0,1.4072238206863403,35.00604248046875,7.9958176612854
64.3723,0.726,2014,5,6,0.0,1.489166856,7.821569443,35.28264236,-1.904616505,13.82120848,6.866942406,7.815033436,0.0,66.72686004638672,0.0,1.4032572507858276,34.980892181396484,7.596168518066406
64.6673,-0.000833333,2014,5,6,0.0,1.641613245,7.06461668,35.1803093,-6.318348646,12.16153279,11.46090126,6.398509026,0.0,75.33827209472656,0.0,1.4052891731262207,34.96342086791992,7.187652111053467
71.9998,19.6832,2014,5,27,0.0,3.654901266,6.10263443,35.06214905,3.318790346,-1.388085354,87.75611115,5.625184536,0.0,27.610246658325195,0.0,2.4794628620147705,34.3545036315918,6.122975826263428
73.5003,19.329,2014,5,28,0.0,2.092609882,5.744453907,35.07375717,0.589071726,0.912684109,45.04116821,5.143763542,0.0,10.767897605895996,0.0,2.0043864250183105,33.44235610961914,5.421076774597168
73.5007,19.3332,2014,6,18,0.0,1.27540946,6.089673996,35.06332779,-11.13116443,-2.617134154,21.57972145,1.13150382,0.0,16.86121940612793,0.0,1.2912713289260864,34.02307891845703,5.9009013175964355
74.0005,19.2172,2014,6,19,0.0,1.063492775,3.713774204,34.78259659,-0.053005869,0.128005177,19.63059425,0.346306831,0.0,15.132532119750977,0.0,1.1089673042297363,33.66135025024414,3.625582218170166
62.9543,3.919,2014,7,31,0.0,0.280230343,15.47592354,34.25982285,25.779742,1.61256399,10.64283371,1.655366898,0.0,10.767897605895996,0.0,0.4144088625907898,32.88975143432617,14.653796195983887
73.502,19.3288,2014,8,8,0.0,0.262939513,8.368885994,35.06648636,-10.8119525,2.234654501,5.016280651,0.038589668,0.0,18.60759735107422,0.0,0.28269049525260925,34.12621307373047,8.141195297241211
74.0002,19.2132,2014,8,8,0.0,0.228558764,6.905352116,34.95843124,-1.598528028,2.01119706,2.524082661,0.011423126,0.0,16.331497192382812,0.0,0.25940605998039246,33.830718994140625,6.674050807952881
72.0012,19.6827,2014,8,9,0.0,0.301957697,10.37511826,34.86211395,-1.158360671,-1.871631853,9.003969193,0.39831394,0.0,13.004349708557127,0.0,0.2861383557319641,33.57285690307617,10.040740013122559
77.9897,9.48398,2014,8,20,0.0,0.359864265,7.609079361,35.15216827,-3.094569407,4.482808337,7.156482697,1.882675409,0.0,26.37700462341309,0.0,0.3552246689796448,34.39970016479492,7.252572536468506
71.41678333,-156.4986667,2014,8,21,0.0,3.038946629,2.73481679,31.0155468,53.97780538,21.28263861,41.34585571,5.342451096,0.0,10.767897605895996,1027.2666866,2.749056816101074,28.8402099609375,2.3843812942504883
71.4168,-156.4987,2014,8,21,0.0,3.038946629,2.73481679,31.0155468,53.97780538,21.28263861,41.34585571,5.342451096,0.0,10.767897605895996,352.527819,2.749056816101074,28.8402099609375,2.3843812942504883
71.43968333,-156.5843833,2014,8,21,0.0,3.038946629,2.73481679,31.0155468,53.97780538,21.28263861,41.34585571,5.342451096,0.0,10.767897605895996,12475.466836,2.8436026573181152,29.56928825378418,1.8651245832443237
71.4397,-156.5844,2014,8,21,0.0,3.038946629,2.73481679,31.0155468,53.97780538,21.28263861,41.34585571,5.342451096,0.0,10.767897605895996,9233.015376,2.8436026573181152,29.56928825378418,1.8651245832443237
71.53578333,-156.9504667,2014,8,21,0.0,2.907343864,2.779187679,30.97415543,37.93766201,27.57042944,42.58148193,4.504756927,0.0,10.767897605895996,20524.644967,2.740055799484253,29.57451057434082,2.0344622135162354
71.5358,-156.9505,2014,8,21,0.0,2.907343864,2.779187679,30.97415543,37.93766201,27.57042944,42.58148193,4.504756927,0.0,10.767897605895996,57164.53542,2.740055799484253,29.57451057434082,2.0344622135162354
71.6339,-157.3337,2014,8,21,0.0,2.583981752,3.259578943,30.86647224,-2.704421245,2.542446367,37.14751434,2.629420757,0.0,10.767897605895996,,2.6636898517608643,29.54317283630371,1.9226824045181274
71.6339,-157.33365,2014,8,21,0.0,2.583981752,3.259578943,30.86647224,-2.704421245,2.542446367,37.14751434,2.629420757,0.0,10.767897605895996,11517.550921,2.6636898517608643,29.54317283630371,1.9226824045181274
79.663,8.507,2014,8,21,0.0,0.339218527,5.246874809,33.93459702,1.712106913,-0.006539334,1.436323166,6.018464565,0.0,10.767897605895996,0.0,0.5218671560287476,32.90442657470703,5.493128299713135
79.6755,9.72367,2014,8,21,0.0,0.488985687,5.024886608,33.29128647,-0.016709691,-1.698682643,2.497191906,6.6155653,0.0,10.767897605895996,0.0,0.7843443751335144,32.387264251708984,5.545877456665039
79.6727,7.52783,2014,8,22,0.011966185,0.281167418,5.213181496,33.98908234,-4.791763425,-7.068642974,0.909701288,6.691244125,0.112045184,10.767897605895996,0.0,0.3112695813179016,34.22848129272461,6.04364538192749
79.6355,5.13883,2014,8,23,0.680303991,0.310071081,0.545202196,31.32365417,-7.361615449,-5.972915888,0.717466593,8.631477356,1.806092858,10.767897605895996,0.0,0.2258518934249878,30.840091705322266,2.1302225589752197
71.30726667,-155.97975,2014,8,26,0.0,3.103112936,4.740367413,30.41149521,0.322369346,5.344272032,45.14378738,2.360033274,0.0,10.767897605895996,31.661548352,3.0324230194091797,29.245100021362305,4.065209865570068
71.3073,-155.9798,2014,8,26,0.0,3.103112936,4.740367413,30.41149521,0.322369346,5.344272032,45.14378738,2.360033274,0.0,10.767897605895996,47.07318993,3.0324230194091797,29.245100021362305,4.065209865570068
71.41678333,-156.4986667,2014,8,26,0.0,2.026632071,3.855987072,31.08989906,35.07516384,20.49308717,28.29374123,3.131692171,0.0,10.767897605895996,20177.290339,2.5995519161224365,29.307575225830078,4.087526798248291
71.4494,-155.7925,2014,8,26,0.0,2.033266783,3.983291149,31.04178429,23.28039259,3.684429824,27.7487812,3.591728926,0.0,10.767897605895996,64.86025505,3.0324230194091797,29.245100021362305,4.065209865570068
71.4494,-155.7924833,2014,8,26,0.0,2.033266783,3.983291149,31.04178429,23.28039259,3.684429824,27.7487812,3.591728926,0.0,10.767897605895996,75.68406596,3.0324230194091797,29.245100021362305,4.065209865570068
71.5003,-155.763,2014,8,26,0.0,2.033266783,3.983291149,31.04178429,23.28039259,3.684429824,27.7487812,3.591728926,0.0,10.767897605895996,1721.714949,1.8876075744628906,29.64444351196289,3.594144344329834
71.50031667,-155.76295,2014,8,26,0.0,2.033266783,3.983291149,31.04178429,23.28039259,3.684429824,27.7487812,3.591728926,0.0,10.767897605895996,565.5515935,1.8876075744628906,29.64444351196289,3.594144344329834
71.55995,-155.9040667,2014,8,26,0.0,1.992715716,3.936720371,31.07668877,28.6118567,5.373407155,26.95504379,3.656120777,0.0,10.767897605895996,157.84594614,1.8876075744628906,29.64444351196289,3.594144344329834
71.60126667,-155.9980667,2014,8,26,0.0,1.992715716,3.936720371,31.07668877,28.6118567,5.373407155,26.95504379,3.656120777,0.0,10.767897605895996,12221.856067,1.8876075744628906,29.64444351196289,3.594144344329834
71.6013,-155.9981,2014,8,26,0.0,1.992715716,3.936720371,31.07668877,28.6118567,5.373407155,26.95504379,3.656120777,0.0,10.767897605895996,32563.04415,1.8876075744628906,29.64444351196289,3.594144344329834
71.6903,-156.2205,2014,8,26,0.0,2.340327263,3.745182276,30.78752899,12.57243007,11.23508289,33.0994339,2.352434874,0.0,10.767897605895996,5621.528978,1.8846724033355713,29.65952491760254,3.500232219696045
80.6858,15.5305,2014,8,26,0.859643698,0.139838398,0.758084714,30.35217094,0.629155524,-0.819782447,0.206973583,9.529322624,2.046530247,10.767897605895996,0.0,0.1600751429796219,29.655668258666992,2.267645835876465
80.043,17.3348,2014,8,27,0.577260613,0.415908337,-1.214342237,28.96505928,1.411436219,5.853049085,0.411516339,9.181703568,1.203084826,10.767897605895996,0.0,0.34924378991127014,29.227094650268555,0.7230413556098938
80.5508,15.8873,2014,8,27,0.799222708,0.18406117,-0.050233912,29.32207108,1.506765559,3.022219427,0.214815959,9.496021271,1.927481413,10.767897605895996,0.0,0.16461153328418732,29.553176879882812,2.2497236728668213
79.9008,15.3942,2014,8,28,0.0,0.255362272,3.077491999,29.96221924,13.02486062,5.455110595,0.298835248,8.873716354,0.0,10.767897605895996,0.0,0.29085835814476013,29.977012634277344,4.302378177642822
80.171,15.4753,2014,8,28,0.059405405,0.176368847,0.835501432,29.09702492,12.24966496,6.628050655,0.154403523,9.224981308,0.56138736,10.767897605895996,0.0,0.25269412994384766,29.33244514465332,3.687272071838379
80.5015,14.5512,2014,8,28,0.78792578,0.158184335,0.38708064,29.90537643,13.79347444,3.11508961,0.192032874,9.257818222,1.885208368,10.767897605895996,0.0,0.1544165462255478,30.274194717407227,2.870842218399048
80.6278,14.2128,2014,8,28,0.853068709,0.159533918,-0.26533857,30.25938034,10.89292988,4.079173505,0.210186943,9.269119263,2.021816254,10.767897605895996,0.0,0.15903328359127045,30.427152633666992,3.042448043823242
71.24105,-157.1635833,2014,8,29,0.0,1.866501451,3.736331701,31.22855949,52.99922824,26.33562386,32.99616241,2.753814459,0.0,10.767897605895996,2243.5914838,1.8852176666259766,30.477102279663086,3.9344961643218994
71.2411,-157.1636,2014,8,29,0.0,1.866501451,3.736331701,31.22855949,52.99922824,26.33562386,32.99616241,2.753814459,0.0,10.767897605895996,244.9890298,1.8852176666259766,30.477102279663086,3.9344961643218994
71.3295,-157.3413167,2014,8,29,0.0,1.866501451,3.736331701,31.22855949,52.99922824,26.33562386,32.99616241,2.753814459,0.0,10.767897605895996,25929.869803,1.6946206092834473,29.70473861694336,3.3246238231658936
71.4128,-157.4979,2014,8,29,0.0,2.027165651,3.067238808,30.47415161,23.94275516,2.502966672,28.79812813,1.772579074,0.0,10.767897605895996,13771.775313,1.6946206092834473,29.70473861694336,3.3246238231658936
71.49685,-157.6640167,2014,8,29,0.0,2.018564224,2.842045546,30.60859489,19.77577209,1.659800485,28.87763405,1.776230812,0.0,10.767897605895996,41280.84906,1.7215460538864136,29.576263427734375,3.1162078380584717
71.4969,-157.664,2014,8,29,0.0,2.018564224,2.842045546,30.60859489,19.77577209,1.659800485,28.87763405,1.776230812,0.0,10.767897605895996,22196.50289,1.7215460538864136,29.576263427734375,3.1162078380584717
71.578,-157.8339,2014,8,29,0.0,2.018564224,2.842045546,30.60859489,19.77577209,1.659800485,28.87763405,1.776230812,0.0,10.767897605895996,46340.60255,1.9401726722717285,29.221965789794922,2.5756475925445557
71.57803333,-157.8339333,2014,8,29,0.0,2.018564224,2.842045546,30.60859489,19.77577209,1.659800485,28.87763405,1.776230812,0.0,10.767897605895996,35904.27041,1.9401726722717285,29.221965789794922,2.5756475925445557
80.7657,13.6003,2014,8,29,0.823168337,0.175599575,-0.154568672,30.37522316,7.722081244,-11.14840508,0.199526876,9.079852104,2.05099082,10.767897605895996,0.0,0.17269904911518097,29.85486602783203,1.3272327184677124
80.7715,14.027,2014,8,29,0.818740606,0.16855514,-0.022796841,30.45881081,8.471817523,-11.64584607,0.183352768,9.157479286,2.03365612,10.767897605895996,1024.126512,0.16535620391368866,30.0342960357666,1.598068356513977
80.0593,11.2042,2014,8,30,0.520420671,0.223029003,1.838778019,30.53280258,2.257059515,-8.477301896,0.210631579,7.887670994,1.506270885,10.767897605895996,641.8708968999999,0.23397359251976013,30.114469528198242,3.3187167644500732
78.5772,9.16967,2014,9,1,0.0,0.486347586,6.638626575,35.0097084,-1.577664539,-4.959671199,11.0836134,1.690222979,0.0,29.20548248291016,0.0,0.4723741412162781,34.41706848144531,6.585713863372803
78.5793,9.61533,2014,9,1,0.0,0.481078267,6.595153332,35.02672958,-0.719204452,-5.923758075,10.69449234,1.632701755,0.0,28.64965057373047,0.0,0.48730823397636414,34.41611862182617,6.483412265777588
78.6012,9.49467,2014,9,1,0.0,0.481078267,6.595153332,35.02672958,-0.719204452,-5.923758075,10.69449234,1.632701755,0.0,28.64965057373047,0.0,0.4829452931880951,34.41377639770508,6.539360046386719
78.5617,8.85217,2014,9,2,0.0,0.46064201,6.563168526,34.96635437,-4.755457118,6.348136812,6.793942928,2.22119379,0.0,25.05891799926757,0.0,0.42619258165359497,34.274559020996094,6.455917835235596
78.5912,8.29617,2014,9,2,0.0,0.384878337,6.505709171,34.95614243,-3.08144521,13.26863766,4.677632809,2.772845268,0.0,22.352514266967773,0.0,0.3655332326889038,34.17788314819336,6.375828266143799
78.6057,7.343,2014,9,3,0.0,0.324889392,6.389678955,35.09701538,1.018105634,19.71732974,2.654968023,3.099900723,0.0,30.90570831298828,0.0,0.32510051131248474,34.531551361083984,6.288661479949951
78.6075,6.73417,2014,9,3,0.0,0.329815239,6.143284798,35.03829956,3.586737439,17.94035435,2.637783051,3.186674356,0.0,28.290714263916016,0.0,0.31586578488349915,34.32621765136719,5.85430908203125
78.6023,5.6005,2014,9,4,0.0,0.3070108,5.359623432,34.6090889,-1.681025326,2.53206417,2.216562033,3.115948915,0.0,13.610943794250488,1024.126512,0.29544562101364136,33.34400939941406,5.184792518615723
71.4176,-156.5023,2014,9,5,0.0,1.873091459,3.543744802,31.12859917,37.66534925,11.28408015,25.87791443,4.090796471,0.0,13.219342231750488,124.3704944,1.9237010478973389,30.429481506347656,3.9417662620544434
71.41763333,-156.50225,2014,9,5,0.0,1.873091459,3.543744802,31.12859917,37.66534925,11.28408015,25.87791443,4.090796471,0.0,13.219342231750488,52.65848425,1.9237010478973389,30.429481506347656,3.9417662620544434
71.4426,-156.5964,2014,9,5,0.0,1.873091459,3.543744802,31.12859917,37.66534925,11.28408015,25.87791443,4.090796471,0.0,13.219342231750488,316.4152132,1.9237010478973389,30.429481506347656,3.9417662620544434
71.4426,-156.5963667,2014,9,5,0.0,1.873091459,3.543744802,31.12859917,37.66534925,11.28408015,25.87791443,4.090796471,0.0,13.219342231750488,276.8104778,1.9237010478973389,30.429481506347656,3.9417662620544434
71.5081,-156.8435,2014,9,5,0.0,1.910992265,3.517997026,31.08145905,43.87934506,33.2921654,28.36050034,3.935085773,0.0,10.767897605895996,64235.95431,1.7941193580627441,29.336963653564453,2.5772855281829834
71.57066667,-157.0903667,2014,9,5,0.0,1.887559891,2.651300907,30.71942329,31.58584833,20.57449669,25.61317444,3.611406088,0.0,10.767897605895996,16509.103495,1.7939894199371338,29.253028869628906,2.2010645866394043
71.5707,-157.0904,2014,9,5,0.0,1.887559891,2.651300907,30.71942329,31.58584833,20.57449669,25.61317444,3.611406088,0.0,10.767897605895996,,1.7939894199371338,29.253028869628906,2.2010645866394043
71.63496667,-157.3352667,2014,9,5,0.0,1.84478569,2.651110172,30.56206894,-7.03573525,-6.266656518,23.72254753,2.131392479,0.0,12.4433012008667,30414.69156,1.8174934387207031,29.30093765258789,2.0271148681640625
71.635,-157.3353,2014,9,5,0.0,1.84478569,2.651110172,30.56206894,-7.03573525,-6.266656518,23.72254753,2.131392479,0.0,12.4433012008667,5085.62416,1.8174934387207031,29.30093765258789,2.0271148681640625
62.6013,4.69083,2014,11,11,0.0,0.329539955,11.19163704,34.14115906,3.745382279,13.76455426,3.380513191,2.541880846,0.0,50.94911193847656,0.0,0.31219032406806946,33.72878646850586,10.777848243713379
63.1928,3.39517,2014,11,12,0.0,0.249837667,9.545907974,34.94787979,-12.31268942,9.219349176,1.245766282,4.700064182,0.0,39.83867645263672,0.0,0.24786992371082306,34.477230072021484,9.269667625427246
63.3108,3.13333,2014,11,12,0.0,0.250258714,9.579862595,34.9486084,-13.22271973,3.468353674,1.342698336,4.903256893,0.0,51.17110443115234,0.0,0.24442151188850403,34.649410247802734,9.485286712646484
63.9003,1.802,2014,11,12,0.0,0.230852664,9.285820961,34.90844727,7.363627851,17.63301194,1.058330297,4.336194992,0.0,30.884780883789062,0.0,0.23474673926830292,34.513553619384766,9.336928367614746
73.4975,19.3457,2014,11,19,0.0,0.066101909,5.52504158,35.04261398,12.54908442,-5.151543021,0.0,7.416469574,0.0,82.2997817993164,0.0,0.07277509570121765,34.88123321533203,5.674718856811523
74.001,19.2193,2014,11,19,0.0,0.081904933,3.455816269,34.9422226,12.13568524,-6.06905371,0.0,4.357890606,0.0,88.44842529296875,0.0,0.06938774883747101,34.82722091674805,3.744084596633911
72.0005,19.6945,2014,11,20,0.0,0.072050042,6.618346691,34.77153397,12.52289712,-5.099524558,0.0,6.272814751,0.0,82.1755599975586,0.0,0.07078646123409271,34.5597038269043,6.617545127868652
64.1343,1.25833,2015,1,15,0.0,0.081126586,7.389906883,35.20010757,9.143964946,10.19991115,0.033942014,8.66467762,0.0,205.2383575439453,0.0,0.05511787533760071,35.12216567993164,7.619406223297119
71.9988,19.683,2015,1,19,0.0,0.032310501,5.942191124,34.90242386,8.82967636,-8.959659189,0.0,8.276900291,0.0,117.43729400634766,0.0,0.03952150046825409,34.56479263305664,6.253258228302002
74.0003,19.2155,2015,1,20,0.0,0.031050839,3.291987181,35.04232407,12.75325567,-6.659800559,0.0,8.495244026,0.0,97.67407989501952,0.0,0.030883656814694405,34.868927001953125,3.2178869247436523
63.0738,3.658,2015,3,14,0.0,0.242257103,7.448965073,35.19326019,24.89774227,17.77492762,1.08398819,10.72069359,0.0,175.58712768554688,0.0,0.23336979746818542,35.16007995605469,7.385270118713379
63.4285,2.86683,2015,3,14,0.0,0.391907156,7.699894428,35.22050095,-9.473814815,9.881881624,1.445675015,10.12148857,0.0,253.86276245117188,0.0,0.3828132152557373,35.131805419921875,7.373684406280518
63.9007,1.8075,2015,3,14,0.0,0.571494222,7.32310915,35.17672729,18.37441027,27.04338133,2.37991643,9.472279549,0.0,197.80601501464844,0.0,0.45204320549964905,35.12578582763672,7.71616268157959
73.5003,19.3282,2015,3,21,0.0,0.117126912,5.463139534,35.11289597,-0.210153568,3.826610371,0.741462648,9.242915154,0.0,180.1310577392578,0.0,0.09434384852647781,35.01404571533203,5.41181755065918
73.9973,19.224,2015,3,21,0.0,0.157532468,1.907191992,35.03945923,0.366503233,-1.849977113,1.019590855,8.274782181,0.0,126.92900848388672,0.0,0.0941820964217186,35.01212692260742,4.666842937469482
70.5017,20.005,2015,4,22,0.0,1.006165266,5.901166916,34.71498871,5.30064106,-1.882656105,11.65911484,5.895556927,0.0,123.24579620361328,0.0,0.6928194165229797,34.574913024902344,5.8563232421875
73.5007,19.3402,2015,4,23,0.0,1.61623168,5.676091671,35.0672493,-2.839126252,-3.966125101,22.42393494,8.365724564,0.0,54.19186401367188,0.0,1.2960102558135986,34.74890899658203,5.638889312744141
74.0008,19.2203,2015,4,24,0.0,2.30493927,3.650738478,35.01150513,6.903211772,5.418173969,27.11923027,5.570273876,0.0,34.37846374511719,0.0,1.9913347959518433,34.52486801147461,3.5125579833984375
62.3687,5.20167,2015,4,29,0.0,1.187769055,6.891216755,33.9418869,0.504635926,1.815439947,32.68452835,2.245942354,0.0,14.035528182983398,0.0,1.207044005393982,32.75131607055664,6.608860015869141
62.4853,4.9445,2015,4,29,0.0,1.681247473,7.053338528,34.12577438,-3.080287389,-0.488790311,41.96081161,2.662792683,0.0,32.117652893066406,0.0,1.3434832096099854,32.6267204284668,6.619374752044678
62.6023,4.6885,2015,4,29,0.0,1.869753599,7.03329277,34.10308838,-0.988831837,0.629420672,45.45989227,2.374466658,0.0,32.845367431640625,0.0,1.734220027923584,33.478858947753906,6.829744338989258
62.78,4.3055,2015,4,29,0.0,1.837831736,7.503907204,34.65861893,18.69022399,13.10792565,46.79606628,2.001242876,0.0,46.40113830566406,0.0,1.2298905849456787,34.42212677001953,7.549801826477051
62.8983,4.05117,2015,4,29,0.0,1.777914524,7.655749798,35.22476578,21.62830383,-2.112081274,44.17660904,7.287737846,0.0,95.26384735107422,0.0,1.7282569408416748,34.314395904541016,7.701999664306641
62.9563,3.9345,2015,4,29,0.0,1.777914524,7.655749798,35.22476578,21.62830383,-2.112081274,44.17660904,7.287737846,0.0,95.26384735107422,0.0,1.4699819087982178,34.56208419799805,7.775542736053467
63.0742,3.65583,2015,4,29,0.0,1.694188952,7.725054741,35.20499802,17.50658453,-1.057011448,40.19136047,7.728639603,0.0,48.32614135742188,0.0,1.0130640268325806,35.042945861816406,7.701857089996338
63.1923,3.39617,2015,4,29,0.0,1.792470813,7.515033245,35.19789124,2.582126297,-8.239849657,34.6137352,8.204990387,0.0,40.70790481567383,0.0,0.8137348294258118,35.135860443115234,7.690532207489014
63.3108,3.13483,2015,4,30,0.0,1.866178274,7.561820507,35.22957611,1.22082578,-4.574985802,32.55834198,8.098705292,0.0,108.8336410522461,0.0,0.937528669834137,35.079071044921875,7.484519958496094
63.4267,2.86783,2015,4,30,0.0,1.884866238,7.288858891,35.21889114,-3.32442373,-1.132773049,33.18395615,8.396672249,0.0,131.95413208007812,0.0,0.9992796182632446,35.06367492675781,7.4865336418151855
63.664,2.33733,2015,4,30,0.0,1.416526079,7.081894875,35.20313644,-4.658310488,-1.978706196,27.75206184,8.55470562,0.0,100.19508361816406,0.0,0.8338202834129333,35.072784423828125,7.027009010314941
63.8983,1.80133,2015,4,30,0.0,1.090770483,6.40467453,35.14995956,4.20432426,-6.250783801,20.08486748,8.262055397,0.0,92.47331237792967,0.0,0.8173360824584961,35.01625061035156,6.563626289367676
64.1345,1.26133,2015,4,30,0.0,1.02843523,5.851169109,35.07862854,3.653047606,-4.087205231,18.4344902,7.765283585,0.0,65.68761444091797,0.0,0.8253669738769531,35.00120544433594,6.460465431213379
64.3693,0.731333,2015,4,30,0.0,1.036319733,5.594973564,35.02411652,0.767480535,-7.984982431,17.99228668,7.553962231,0.0,53.39606857299805,0.0,0.9328284859657288,34.6770133972168,5.49500846862793
64.6665,0.000333333,2015,5,1,0.0,0.580455482,5.275349617,34.95907593,1.580213569,-6.65756017,11.62934113,6.609998226,0.0,43.09956359863281,0.0,0.5898327231407166,34.615447998046875,5.246100425720215
72.0013,19.6848,2015,5,22,0.0,2.879781961,6.848083496,35.06361008,7.709392905,-6.03595525,53.12347031,3.382684708,0.0,15.206669807434082,0.0,2.8126654624938965,33.888309478759766,6.63404655456543
73.9998,19.219,2015,5,22,0.0,1.563397646,3.760643482,34.89319611,10.25771275,-1.967692003,23.54098892,1.8429178,0.0,12.235321044921877,256.031628,1.9101148843765259,34.03582763671875,5.401395797729492
62.3682,5.1945,2015,8,2,0.0,0.451593906,12.49920464,33.27407837,1.7779788,1.768737473,16.19116211,0.570302188,0.0,10.767897605895996,0.0,0.2817624509334564,31.701984405517578,11.689128875732422
62.4843,4.9475,2015,8,3,0.0,0.169587299,13.00719547,33.12094116,-2.677996643,5.931865051,2.322053194,0.315235704,0.0,10.767897605895996,0.0,0.21203278005123138,31.539018630981445,12.127166748046875
62.5998,4.69517,2015,8,3,0.0,0.165255815,13.06606674,32.95849228,-0.657235458,6.326565146,2.021395922,0.348246306,0.0,10.767897605895996,0.0,0.16548065841197968,31.249238967895508,12.513002395629883
62.7202,4.43333,2015,8,3,0.0,0.245366752,13.16934586,32.71096039,16.0115093,16.74060374,3.551123857,0.261662066,0.0,10.767897605895996,0.0,0.18801122903823853,31.141008377075195,12.587166786193848
63.0743,3.66217,2015,8,3,0.0,0.474550515,13.21037579,34.15470505,8.866527677,13.01192194,19.86146545,1.557678461,0.0,10.767897605895996,0.0,0.39919978380203247,32.826499938964844,12.638007164001465
63.4298,2.86683,2015,8,3,0.0,0.28423214,13.19749165,34.54264069,-3.731154278,9.40695703,10.7467308,1.682726979,0.0,11.023422241210938,0.0,0.3171769082546234,33.09545135498047,12.641697883605957
63.9013,1.80267,2015,8,4,0.0,0.27616179,12.30778027,35.08678818,7.793170959,21.34978175,8.93932724,1.949666381,0.0,14.775070190429688,0.0,0.26920849084854126,33.965789794921875,12.027146339416504
64.372,0.731193,2015,8,4,0.0,0.310603142,11.92132568,35.015728,-2.907202393,3.454435617,8.247377396,2.540498495,0.0,17.331769943237305,0.0,0.3016962707042694,33.997013092041016,11.412921905517578
73.9993,19.2302,2015,8,9,0.0,0.490262359,6.848906994,34.80731201,11.88581362,1.157303341,10.77759266,0.208012447,0.0,10.767897605895996,0.0,0.402831494808197,33.39877700805664,7.870344161987305
73.502,19.341,2015,8,10,0.0,0.370133191,9.299135208,35.04304123,6.361551583,5.289359391,10.39088917,1.056842089,0.0,10.767897605895996,0.0,0.35482335090637207,33.42953109741211,8.734848976135254
71.4172,-156.4943,2015,8,19,0.0,2.464757442,5.341389656,31.12136459,8.369573951,8.467828482,45.21533585,1.443077922,0.0,13.929734230041504,28.05284197,1.916265606880188,29.5083065032959,2.580033302307129
71.4175,-156.4776,2015,8,19,0.0,2.464757442,5.341389656,31.12136459,8.369573951,8.467828482,45.21533585,1.443077922,0.0,13.929734230041504,45.36726371,1.916265606880188,29.5083065032959,2.580033302307129
71.4596,-156.6453,2015,8,19,0.0,2.460052013,6.047162056,31.15571594,13.47228736,14.08951879,45.72986984,1.321462393,0.0,14.277838706970217,58175.34098,2.2300832271575928,30.233291625976562,4.979416847229004
71.4623,-156.6646,2015,8,19,0.0,2.460052013,6.047162056,31.15571594,13.47228736,14.08951879,45.72986984,1.321462393,0.0,14.277838706970217,25330.097653,2.2300832271575928,30.233291625976562,4.979416847229004
71.535,-156.9489,2015,8,19,0.0,2.190983534,6.039268494,31.12221336,13.71118575,13.01956475,40.22335815,1.328260899,0.0,13.26055908203125,15964.58576,2.0956897735595703,29.949554443359375,5.8047614097595215
71.6283,-157.3446,2015,8,19,0.0,1.865000963,4.508698463,30.92131233,-6.680757552,-0.482710544,29.27554131,0.961885989,0.0,10.767897605895996,8866.864124,1.8035403490066528,29.52247428894043,5.336571216583252
71.6338,-157.331,2015,8,19,0.0,1.865000963,4.508698463,30.92131233,-6.680757552,-0.482710544,29.27554131,0.961885989,0.0,10.767897605895996,8394.679156,1.8035403490066528,29.52247428894043,5.336571216583252
80.0407,17.336,2015,8,20,0.0,1.228701711,4.760894299,33.66539764,7.175759226,-7.338229567,9.361633301,3.018279076,0.0,10.81222915649414,0.0,1.1750078201293945,32.11979675292969,4.530643939971924
80.2718,16.7633,2015,8,20,0.0,1.322757244,4.086415768,33.40303802,1.175088994,-3.912746906,10.36258984,3.405186176,0.0,10.767897605895996,0.0,1.2724628448486328,31.951345443725586,3.958847999572754
71.2451,-157.1884,2015,8,21,0.0,2.706557989,6.501059532,31.36716461,15.61278403,13.08111995,44.63809967,1.006519914,0.0,18.617919921875,1601.565409,2.7659554481506348,30.0433292388916,6.144266128540039
71.2451,-157.1784,2015,8,21,0.0,2.706557989,6.501059532,31.36716461,15.61278403,13.08111995,44.63809967,1.006519914,0.0,18.617919921875,62.97960463,2.7659554481506348,30.0433292388916,6.144266128540039
71.3304,-157.3889,2015,8,21,0.0,2.638277769,6.988515854,31.45591545,16.24876559,15.70325941,46.78675079,1.173576117,0.0,17.866729736328125,46035.14793,2.3601162433624268,30.57568359375,6.791521072387695
71.3306,-157.3647,2015,8,21,0.0,2.706557989,6.501059532,31.36716461,15.61278403,13.08111995,44.63809967,1.006519914,0.0,18.617919921875,29380.70466,2.3601162433624268,30.57568359375,6.791521072387695
71.4114,-157.5503,2015,8,21,0.0,1.827842951,4.833332062,30.95222473,15.65028429,8.031122386,27.5061512,0.79847151,0.0,10.810962677001951,55404.01549,2.193098545074463,30.48771858215332,6.830019950866699
71.4121,-157.5177,2015,8,21,0.0,1.827842951,4.833332062,30.95222473,15.65028429,8.031122386,27.5061512,0.79847151,0.0,10.810962677001951,74252.47383999999,2.193098545074463,30.48771858215332,6.830019950866699
71.4966,-157.708,2015,8,21,0.0,1.708399773,4.506998062,30.91239929,12.68740147,4.639340937,25.11795807,0.693217635,0.0,10.767897605895996,14820.55091,2.193098545074463,30.48771858215332,6.830019950866699
71.4976,-157.6757,2015,8,21,0.0,1.708399773,4.506998062,30.91239929,12.68740147,4.639340937,25.11795807,0.693217635,0.0,10.767897605895996,15382.855185,2.193098545074463,30.48771858215332,6.830019950866699
71.5783,-157.8542,2015,8,21,0.0,1.708399773,4.506998062,30.91239929,12.68740147,4.639340937,25.11795807,0.693217635,0.0,10.767897605895996,5626.112209999999,1.5949451923370361,29.476383209228516,4.255603790283203
71.5795,-157.872,2015,8,21,0.0,1.708399773,4.506998062,30.91239929,12.68740147,4.639340937,25.11795807,0.693217635,0.0,10.767897605895996,16028.14325,1.5949451923370361,29.476383209228516,4.255603790283203
80.5538,15.8973,2015,8,21,0.0,1.496409416,3.204595089,33.04793549,0.793885905,-4.329335317,15.19075584,5.131447792,0.0,10.767897605895996,0.0,1.5719317197799683,31.666696548461914,3.211433172225952
80.7192,15.5112,2015,8,21,0.0,0.540095687,2.47606349,32.47951126,1.293937117,-5.40346317,2.86952877,6.253548145,0.0,10.767897605895996,0.0,1.351960301399231,31.75791358947754,3.255208969116211
80.8268,15.5648,2015,8,22,0.0,0.533739269,2.382362127,32.50059509,0.187532592,3.49454619,2.218897343,6.038332462,0.0,10.767897605895996,0.0,0.5775713920593262,31.251062393188477,2.4686224460601807
81.6263,15.6128,2015,8,23,0.757736802,0.167917028,-1.52981627,32.11680984,-2.221167646,12.96371371,0.27783072,7.926362038,0.863901198,10.767897605895996,0.0,0.20004601776599884,30.40148162841797,-0.8548763990402222
81.9322,15.6797,2015,8,23,0.818814278,0.149042234,-1.724618196,32.29856873,-2.867095917,12.07344681,0.285146564,8.223666191,0.920726359,10.767897605895996,0.0,0.1605885922908783,30.77622413635254,-1.410977840423584
82.1067,15.2112,2015,8,24,0.806979835,0.159882054,-1.66003561,32.35282516,-4.205297306,7.268683612,0.307510257,8.35551548,0.905148745,10.767897605895996,60.14740003,0.1546836942434311,30.908626556396484,-1.5680465698242188
81.3377,15.5325,2015,8,25,0.0,0.34173125,1.042850494,31.97211075,-5.816774815,3.433481231,1.25470376,8.516590118,0.0,10.767897605895996,0.0,0.3212474584579468,30.505847930908203,0.9504656195640564
80.9178,18.8512,2015,8,26,0.0,0.834570646,0.679964721,31.96045303,-2.188522182,-0.151694869,4.252527714,7.245672703,0.0,10.767897605895996,0.0,1.3114122152328491,30.987770080566406,0.9925570487976074
81.01,15.5987,2015,8,27,0.0,0.387415022,2.003374815,32.73043442,1.414787676,-1.239682268,2.493516684,4.333807945,0.0,10.767897605895996,0.0,0.37119099497795105,31.243480682373047,1.9402531385421753
80.2163,5.82017,2015,8,29,0.0,0.385618061,3.265531778,33.80570984,-1.910180971,-2.227139473,2.199631453,7.613968849,0.0,10.809505462646484,0.0,0.5466629266738892,33.89352035522461,5.389840126037598
80.405,8.4115,2015,8,29,0.0,0.619044483,3.074293137,32.26452255,-4.910145327,-2.892549895,5.879076958,5.670819759,0.0,10.767897605895996,0.0,0.646995484828949,32.38621139526367,4.012753486633301
80.7158,4.347,2015,8,30,0.0,0.282293916,2.151437521,32.24351883,-12.35789806,4.529670626,0.837314248,8.480905533,0.0,10.767897605895996,0.0,0.3026084899902344,31.324453353881836,2.599853754043579
80.9242,7.05783,2015,8,30,0.009523281,0.358487844,-0.494223386,31.19761086,-6.206578761,1.268816274,0.971193433,7.682405949,0.081653833,10.767897605895996,0.0,0.39006906747817993,30.27704429626465,1.1071383953094482
81.2527,7.11567,2015,8,30,0.51944375,0.2702429,-1.41339767,31.41619682,-4.136049002,1.961913332,0.655437231,8.192286491,0.752827406,10.767897605895996,0.0,0.2538585662841797,30.16786003112793,-1.1450374126434326
81.3273,7.5745,2015,8,31,0.458825707,0.305488527,-1.211080074,31.59740067,-7.542842627,0.800290518,0.725824118,8.260811806,0.715658605,10.767897605895996,0.0,0.2862611413002014,30.269948959350586,-1.051926612854004
71.3666,-155.8946,2015,9,1,0.0,2.154245615,3.54338789,31.08276749,5.323338509,-6.496487558,32.17331314,1.563497186,0.0,11.75009536743164,59.92712371,1.8900479078292847,27.25380516052246,3.124176025390625
71.368,-155.9005,2015,9,1,0.0,2.154245615,3.54338789,31.08276749,5.323338509,-6.496487558,32.17331314,1.563497186,0.0,11.75009536743164,11.70159215,1.8900479078292847,27.25380516052246,3.124176025390625
71.4474,-155.7904,2015,9,1,0.0,1.728142381,4.345189095,31.48445892,18.66011173,-5.937982723,26.84860802,2.881527185,0.0,30.08442115783692,2.538446364,1.8900479078292847,27.25380516052246,3.124176025390625
71.4486,-155.7881,2015,9,1,0.0,1.728142381,4.345189095,31.48445892,18.66011173,-5.937982723,26.84860802,2.881527185,0.0,30.08442115783692,33.43759801,1.8900479078292847,27.25380516052246,3.124176025390625
71.5274,-155.8016,2015,9,1,0.0,1.728142381,4.345189095,31.48445892,18.66011173,-5.937982723,26.84860802,2.881527185,0.0,30.08442115783692,1737.17441,1.3226256370544434,31.07509422302246,4.589244842529297
71.528,-155.8303,2015,9,1,0.0,1.728142381,4.345189095,31.48445892,18.66011173,-5.937982723,26.84860802,2.881527185,0.0,30.08442115783692,471.7119437,1.3226256370544434,31.07509422302246,4.589244842529297
71.6102,-156.0285,2015,9,1,0.0,1.738791943,4.617218018,31.46589088,20.33333927,-5.258073285,28.25126266,2.703319073,0.0,39.37912368774414,36367.81932,1.4488693475723267,30.92605972290039,4.783342361450195
71.6214,-155.966,2015,9,1,0.0,1.738791943,4.617218018,31.46589088,20.33333927,-5.258073285,28.25126266,2.703319073,0.0,39.37912368774414,49115.1589,1.3226256370544434,31.07509422302246,4.589244842529297
71.6893,-156.2185,2015,9,1,0.0,1.689131379,4.473991871,31.45493698,25.86834133,-2.017028071,27.10432053,2.679500103,0.0,23.308204650878903,7877.62642,1.4488693475723267,30.92605972290039,4.783342361450195
71.6928,-156.2195,2015,9,1,0.0,1.689131379,4.473991871,31.45493698,25.86834133,-2.017028071,27.10432053,2.679500103,0.0,23.308204650878903,33460.70035,1.4488693475723267,30.92605972290039,4.783342361450195
79.6652,5.85533,2015,9,1,0.0,0.93221873,5.753696442,34.77028656,-13.89236003,-3.476214036,12.75073147,5.353504181,0.0,28.64965057373047,0.0,0.5570744872093201,34.142215728759766,5.695550918579102
71.3287,-155.952,2015,9,2,0.0,2.284054041,3.69220686,30.96354675,5.95645383,-5.012568086,36.90817642,1.551831245,0.0,11.02439022064209,18.06498802,2.109405994415283,28.627178192138672,3.335261106491089
71.4181,-156.51,2015,9,2,0.0,1.874714613,5.470849991,31.45266151,40.05480707,13.91079277,31.17289543,2.186814547,0.0,12.063323974609377,0.260000896,1.8563523292541504,30.08903694152832,5.178811550140381
71.42,-156.5195,2015,9,2,0.0,1.874714613,5.470849991,31.45266151,40.05480707,13.91079277,31.17289543,2.186814547,0.0,12.063323974609377,2.970300914,1.8563523292541504,30.08903694152832,5.178811550140381
71.4569,-156.6532,2015,9,2,0.0,1.850209236,5.610575676,31.52963448,47.72604406,33.41092765,30.90460205,2.157483578,0.0,11.26319980621338,429.3112621,1.8563523292541504,30.08903694152832,5.178811550140381
71.4611,-156.6667,2015,9,2,0.0,1.850209236,5.610575676,31.52963448,47.72604406,33.41092765,30.90460205,2.157483578,0.0,11.26319980621338,290.9852685,1.8563523292541504,30.08903694152832,5.178811550140381
71.5063,-156.8423,2015,9,2,0.0,1.850209236,5.610575676,31.52963448,47.72604406,33.41092765,30.90460205,2.157483578,0.0,11.26319980621338,5119.863681000001,1.7185389995574951,30.052879333496094,4.8190388679504395
71.5117,-156.8686,2015,9,2,0.0,1.850209236,5.610575676,31.52963448,47.72604406,33.41092765,30.90460205,2.157483578,0.0,11.26319980621338,14286.1573,1.7185389995574951,30.052879333496094,4.8190388679504395
71.5652,-157.0698,2015,9,2,0.0,1.819497943,5.000352383,31.43911362,39.48192,23.79712909,29.92159843,2.517002583,0.0,11.21714687347412,7602.302803,1.7049850225448608,30.109943389892578,4.568297386169434
71.5699,-157.0864,2015,9,2,0.0,1.819497943,5.000352383,31.43911362,39.48192,23.79712909,29.92159843,2.517002583,0.0,11.21714687347412,12415.499616,1.7049850225448608,30.109943389892578,4.568297386169434
71.5754,-157.0943,2015,9,2,0.0,1.819497943,5.000352383,31.43911362,39.48192,23.79712909,29.92159843,2.517002583,0.0,11.21714687347412,37093.76052,1.7049850225448608,30.109943389892578,4.568297386169434
71.6338,-157.3337,2015,9,2,0.0,1.753146172,2.654194117,31.14961815,12.95257956,2.733071521,25.97682571,2.108190775,0.0,12.421210289001465,113.06735654,1.6988152265548706,30.426856994628906,4.572056770324707
71.6409,-157.3394,2015,9,2,0.0,1.753146172,2.654194117,31.14961815,12.95257956,2.733071521,25.97682571,2.108190775,0.0,12.421210289001465,1137.329957,1.6988152265548706,30.426856994628906,4.572056770324707
79.674,7.54383,2015,9,2,0.0,0.362794101,5.885793209,34.90251541,-7.843154669,2.074391395,4.132036209,2.886819363,0.0,27.571102142333984,0.0,0.45078009366989136,34.447654724121094,5.957557678222656
79.6922,6.43017,2015,9,2,0.0,0.490628868,5.718141079,34.84740829,-10.1589255,-0.927565247,5.530261993,3.406452656,0.0,26.204191207885746,0.0,0.5035748481750488,34.20693588256836,5.647902965545654
79.6637,8.491,2015,9,3,0.0,0.364485592,5.684009552,34.86734009,-6.295197457,-0.734926388,3.549924374,2.747489214,0.0,25.98725700378418,0.0,0.4451025128364563,34.56607437133789,5.9777607917785645
79.672,7.92317,2015,9,3,0.0,0.355278909,5.750863075,34.89054489,-6.809584796,-0.292713102,3.47712779,2.886872053,0.0,28.497215270996094,0.0,0.4393351674079895,34.52804183959961,5.924335479736328
79.6673,9.07933,2015,9,4,0.0,0.473852158,5.549213409,34.87399673,-2.841468528,-1.624180377,5.112176895,2.603041172,0.0,27.28462600708008,0.0,0.5011674165725708,34.539825439453125,5.6923041343688965
79.6765,9.722,2015,9,4,0.0,0.623946965,5.546689987,34.85949326,-1.898774505,-1.742848568,7.692418575,2.154852152,0.0,23.52307510375977,0.0,0.5712243318557739,34.421974182128906,5.483989238739014
78.617,9.11533,2015,9,5,0.0,0.362132281,6.785739899,35.11719131,-0.516676996,-1.76074747,3.867928982,2.366019011,0.0,58.8912239074707,0.0,0.35638493299484253,34.8182258605957,6.7194108963012695
79.1353,8.081,2015,9,5,0.0,0.353611559,6.295410156,35.09536362,-0.81412252,8.672744036,3.326486349,3.003407478,0.0,52.26566696166992,0.0,0.36281508207321167,34.799686431884766,6.6239471435546875
80.9574,8.24788,2015,9,17,0.718637466,0.365872443,-1.201169848,32.25556564,0.222401647,-3.961553425,0.865306914,8.378587723,0.870240867,10.767897605895996,0.0,0.37366366386413574,30.88848114013672,-0.24893225729465485
81.0262,8.24608,2015,9,17,0.718637466,0.365872443,-1.201169848,32.25556564,0.222401647,-3.961553425,0.865306914,8.378587723,0.870240867,10.767897605895996,0.0,0.3611201345920563,30.83237075805664,-0.8114668130874634
81.1233,8.18037,2015,9,18,0.784772336,0.360415518,-1.286375284,32.24385071,-0.600666227,0.844233669,0.491769612,8.380674362,0.876473367,10.767897605895996,256.031628,0.35639771819114685,30.84857940673828,-0.7830045819282532
81.2844,7.96117,2015,9,18,0.871431887,0.276683271,-1.502803802,32.37255859,-1.756648161,-0.534165651,0.309147209,8.390733719,0.97444737,10.767897605895996,385.8392689,0.2643004059791565,30.856109619140625,-1.36136794090271
81.4537,7.69612,2015,9,18,0.936438322,0.254678428,-1.658860087,32.54132462,-1.768446341,-0.937950052,0.243970707,8.842386246,1.049066544,10.767897605895996,128.46377074,0.25900188088417053,30.824857711791992,-1.3693207502365112
81.6064,7.59977,2015,9,19,0.941740334,0.243669763,-1.669749975,32.51468277,-1.052480377,-0.052503066,0.157500684,8.815077782,1.060491085,10.767897605895996,192.91963451,0.23214556276798248,31.010984420776367,-1.5631277561187744
81.7795,7.35303,2015,9,19,0.935346067,0.272012353,-1.732878208,32.64173889,-0.748549588,-0.333960052,0.156732365,8.98365593,1.126375675,10.767897605895996,257.37549821,0.2588200271129608,31.128036499023438,-1.6457997560501099
81.9049,6.57792,2015,9,19,0.940941155,0.291971087,-1.773096323,32.7177124,-1.048783399,-0.598056009,0.151582375,8.843248367,1.191932917,10.767897605895996,256.031628,0.2584495544433594,31.078550338745117,-1.6451603174209595
81.9944,6.61258,2015,9,19,0.940941155,0.291971087,-1.773096323,32.7177124,-1.048783399,-0.598056009,0.151582375,8.843248367,1.191932917,10.767897605895996,192.47167773,0.2584495544433594,31.078550338745117,-1.6451603174209595
81.8495,7.25707,2015,9,20,0.93013525,0.267833143,-1.736030579,32.6553688,3.582437336,-2.981624566,0.211384863,8.983485222,1.136436701,10.767897605895996,192.6956561,0.2551036477088928,31.141822814941406,-1.6452308893203735
73.5028,19.3457,2015,11,24,0.0,0.064330623,5.60494709,35.0050087,-0.861939508,9.304042161,0.000984103,3.598682404,0.0,106.12952423095705,0.0,0.06440605223178864,34.84553909301758,5.607349872589111
74.005,19.2193,2015,11,24,0.0,0.074275509,3.854207993,34.87127686,0.422773883,7.268918306,0.000809697,4.930706024,0.0,87.00527954101562,0.0,0.07066643238067627,34.6784782409668,3.875783681869507
72.0017,19.6937,2015,11,25,0.0,0.061668176,6.936382771,34.78744125,10.91782525,1.724578068,0.000992145,7.624147415,0.0,60.40366744995117,0.0,0.06130627542734146,34.62051010131836,7.151512622833252
70.5013,20.0038,2015,11,26,0.0,0.081385307,8.070742607,34.5126915,14.93426263,-0.559469359,0.00361126,4.082210541,0.0,105.7329559326172,0.0,0.08019227534532547,34.35264587402344,8.039440155029297
62.367,5.202,2016,1,12,0.0,0.33573693,6.25949192,34.07552719,-5.635138601,1.211713441,0.942764044,4.403176308,0.0,42.54253005981445,0.0,0.2543107271194458,34.123573303222656,7.588794708251953
63.0757,3.655,2016,1,12,0.0,0.101746388,8.565292358,35.18031693,-5.841444805,11.03801653,0.05735337,9.833832741,0.0,170.4009552001953,0.0,0.10001631826162338,35.150115966796875,8.432467460632324
63.193,3.39583,2016,1,12,0.0,0.101719201,8.426997185,35.23209763,-12.33820245,7.139925659,0.060597755,9.476989746,0.0,215.0542907714844,0.0,0.0850326269865036,35.1919059753418,8.276510238647461
63.3117,3.12783,2016,1,12,0.0,0.100748725,8.345946312,35.25065231,-11.41267717,0.107745884,0.059871417,9.454238892,0.0,249.9551544189453,0.0,0.0829254686832428,35.1923942565918,8.253800392150879
63.9002,1.796,2016,1,13,0.0,0.099886611,7.289215088,35.18370056,4.420605302,7.102992386,0.067636289,9.339731216,0.0,189.9227905273437,0.0,0.08809605240821838,35.124385833740234,7.612731456756592
72.0022,19.6867,2016,1,17,0.0,0.034760926,5.876532555,34.86792374,-1.978143118,0.198474433,0.0,8.241481781,0.0,183.5828857421875,0.0,0.036916859447956085,34.77326202392578,5.947942733764648
73.5015,19.3375,2016,1,18,0.0,0.027619706,5.605939388,34.9747467,1.116321981,4.112549126,0.0,8.724321365,0.0,110.77621459960938,0.0,0.027476543560624123,34.82174301147461,5.607060432434082
73.9995,19.2247,2016,1,18,0.0,0.032233704,3.762005806,34.88211823,8.78861472,11.12646684,0.0,8.751717567,0.0,67.11803436279297,0.0,0.028925925493240356,34.74385070800781,5.43047571182251
64.3788,0.7245,2016,3,3,0.0,0.339114636,5.213655472,35.05450058,5.387470871,-10.56778803,1.565567851,10.19722557,0.0,56.10017395019531,0.0,0.2200997918844223,35.05953598022461,6.242712020874023
64.1477,1.27367,2016,3,4,0.0,0.202041268,6.573915005,35.19095612,-2.380057052,2.357176505,0.611620128,10.42633629,0.0,146.51437377929688,0.0,0.21008968353271484,35.08212661743164,6.755818843841553
73.4988,19.3067,2016,3,11,0.0,0.047555979,5.699904442,35.07022858,13.55360001,1.535891835,0.159833625,9.23306942,0.0,84.35133361816406,0.0,0.08576865494251251,34.81260681152344,5.68672513961792
74.0015,19.227,2016,3,11,0.0,0.090539113,3.568147898,35.04738998,11.36545762,4.350977764,0.347801089,9.169734955,0.0,126.92900848388672,0.0,0.08746745437383652,34.9061164855957,3.5825765132904053
73.501,19.3368,2016,4,29,0.0,1.806706309,5.140149593,35.11580276,-4.142372683,6.513385475,26.20720291,8.716778755,0.0,33.63933563232422,0.0,1.7282748222351074,34.589202880859375,5.0004401206970215
62.3658,5.2085,2016,5,3,0.0,0.966585338,7.033575058,33.88907623,17.86931306,22.65247703,22.61029816,0.268792093,0.0,20.41093635559082,0.0,0.8343538641929626,33.334041595458984,6.754469871520996
62.4845,4.9485,2016,5,3,0.0,0.829747617,6.965837955,33.94749069,8.283449709,5.927053094,17.16415787,0.493561625,0.0,22.803829193115234,0.0,0.803883969783783,33.03864288330078,6.701505661010742
62.6027,4.70533,2016,5,3,0.0,0.878626049,7.101577282,33.88249588,8.156852424,5.52797243,17.63130951,0.462988049,0.0,24.66524314880371,0.0,0.9219198822975159,33.297828674316406,7.095149040222168
62.7202,4.43867,2016,5,3,0.0,1.271408558,7.531399727,34.14448166,32.50551522,22.906892,25.22043419,2.632497787,0.0,14.94680118560791,0.0,1.0542311668395996,33.313453674316406,7.233556747436523
62.8377,4.18733,2016,5,4,0.0,1.245838761,7.821733952,34.64090729,41.60839915,26.75393522,22.45155907,3.898705006,0.0,30.45219039916992,0.0,1.151020884513855,34.33086013793945,7.817503452301025
62.898,4.0505,2016,5,4,0.0,1.272720575,8.059196472,35.16817474,22.59780765,16.74788296,16.94175339,8.412097931,0.0,29.44829368591309,0.0,1.151020884513855,34.33086013793945,7.817503452301025
63.0725,3.655,2016,5,4,0.0,1.261580467,8.0440588,35.17205429,18.29509735,12.8419593,13.07056808,8.635793686,0.0,30.988615036010746,0.0,1.2441552877426147,34.53566360473633,7.883422374725342
63.1917,3.395,2016,5,4,0.0,1.340473771,7.850493908,34.78547287,-4.090400413,3.937540576,10.52681446,8.641225815,0.0,28.411102294921875,0.0,1.3031578063964844,34.383140563964844,7.825137138366699
63.3095,3.133,2016,5,4,0.0,1.403395057,7.822104931,34.77319717,-3.720634431,1.636212319,11.40533352,8.424028397,0.0,30.351730346679688,0.0,1.4169127941131592,34.22726058959961,7.682979106903076
63.4275,2.86867,2016,5,4,0.0,1.485492826,7.641942024,34.78408051,5.232566968,5.679026991,13.60810661,8.194200516,0.0,42.02936553955078,0.0,1.4652302265167236,34.25423049926758,7.6834821701049805
63.6622,2.3325,2016,5,4,0.0,1.629731178,7.795930386,35.10618591,13.11272234,16.20607674,14.26555538,7.949728966,0.0,46.01220703125,0.0,1.5097126960754395,34.50011444091797,7.624963760375977
63.8985,1.80517,2016,5,4,0.0,1.565550685,7.609415054,35.24842453,15.47174901,14.31189775,16.17219353,8.236001015,0.0,132.8595733642578,0.0,1.491297721862793,34.960365295410156,7.702088832855225
64.135,1.26417,2016,5,5,0.0,1.774948001,7.345070362,35.2921524,17.12645888,5.098607391,22.07972908,8.015684128,0.0,83.22228240966797,0.0,1.204314112663269,35.08213806152344,7.446889400482178
64.3715,0.7375,2016,5,5,0.0,1.74456811,7.23086834,35.26583099,17.1438694,16.55331552,21.15552711,7.783831596,0.0,86.96253967285156,0.0,1.2815252542495728,35.0626220703125,7.0328450202941895
64.6655,0.00183333,2016,5,5,0.0,1.363117456,6.842963219,35.24163055,10.82897633,8.250137419,15.70589161,6.58701992,0.0,53.42583847045898,0.0,1.2740874290466309,35.01171875,7.031374931335449
62.3667,5.2,2016,7,26,0.0,0.241603926,15.93613338,32.8338089,18.80613714,16.91257507,8.755682945,0.589426696,0.0,10.899456977844238,0.0,0.14400255680084229,31.442785263061523,14.531876564025879
62.4833,4.93333,2016,7,26,0.0,0.139476553,15.23877907,33.11151505,18.27578843,7.214273512,1.901127577,0.049159445,0.0,10.767897605895996,0.0,0.11243510246276855,31.339933395385742,14.752361297607422
62.6,4.68333,2016,7,26,0.0,0.144978359,15.20410919,33.11628342,17.14988649,6.519056112,2.221446037,0.04650354,0.0,10.767897605895996,0.0,0.15381155908107758,31.64004898071289,14.07703971862793
62.7667,4.3,2016,7,26,0.0,0.478853673,14.42506123,33.80669022,31.68247938,13.99099529,20.50365639,0.439521015,0.0,10.767897605895996,0.0,0.457632839679718,32.24692153930664,13.59389591217041
63.0738,3.6565,2016,7,26,0.0,0.276217759,14.14990807,34.88530731,19.33870167,10.68317071,7.774400711,1.86926949,0.0,10.772395133972168,0.0,0.25900590419769287,33.32835388183594,13.379979133605957
63.1917,3.395,2016,7,26,0.0,0.257743239,14.18251896,34.77158737,8.598197997,4.792065173,8.403960228,1.479556084,0.0,10.767897605895996,0.0,0.26051226258277893,33.28691864013672,13.387475967407227
63.8987,1.80217,2016,7,27,0.0,0.249416441,13.53744507,35.01956177,9.634198248,13.39118481,8.278904915,1.846329212,0.0,10.945919036865234,0.0,0.24644924700260162,33.41341018676758,13.015716552734375
64.1333,1.25417,2016,7,27,0.0,0.260110885,13.08315182,35.05679321,8.574929088,6.000455096,8.406367302,1.973742723,0.0,10.767897605895996,0.0,0.24341200292110443,33.43321990966797,12.71814250946045
64.6667,0.0,2016,7,27,0.0,0.266029567,12.59536934,35.177845,-0.207270775,10.73990315,8.598632813,1.509681821,0.0,12.67549991607666,0.0,0.2593332827091217,33.6256103515625,11.895149230957031
72.0002,19.6668,2016,8,1,0.0,0.286545366,9.528493881,34.9896431,-0.72202608,-3.740028664,8.569499016,1.752891064,0.0,23.767074584960938,0.0,0.27831700444221497,34.20427703857422,9.331664085388184
73.5,19.3333,2016,8,1,0.0,0.325242221,8.592488289,35.06476974,-2.747730911,2.470372431,10.21317673,0.95233947,0.0,21.03757095336914,0.0,0.3501967191696167,34.35710525512695,8.46332836151123
74.0002,19.2,2016,8,2,0.0,0.250322193,6.691874027,34.52349854,3.117047809,1.851153187,4.530445576,0.011668398,0.0,11.5506010055542,0.0,0.23438824713230133,32.967185974121094,6.3641180992126465
77.999,9.49233,2016,9,3,0.0,0.385081142,6.658147335,35.12560272,-0.403170427,13.53085935,5.751844883,3.550095081,0.0,34.01951217651367,0.0,0.3549777567386627,34.55272674560547,6.6225972175598145
79.8693,5.83983,2016,9,4,0.109308705,0.391196251,1.549607635,33.0445137,5.326378345,8.512125164,1.509672046,7.274955273,0.64349705,10.767897605895996,0.0,0.3704223930835724,32.13542175292969,2.8119335174560547
80.3212,4.69817,2016,9,4,0.791826189,0.491955966,0.85661006,32.04565811,-0.109925936,3.106163815,1.237708807,9.010230064,1.052721024,10.767897605895996,0.0,0.46198081970214844,30.825706481933594,1.5357022285461426
80.4752,10.1513,2016,9,5,0.320419848,0.463977426,1.370285988,31.76741982,10.40906459,4.73641865,0.827507496,7.953314781,1.008821726,10.767897605895996,0.0,0.35937803983688354,30.906097412109375,2.599844217300415
81.1143,17.8628,2016,9,6,0.22585535,0.414317101,1.645309329,31.21765327,9.101103991,6.536146253,0.526587784,8.212025642,0.77738899,10.767897605895996,0.0,0.391062468290329,29.963781356811523,1.687494158744812
80.6857,15.5533,2016,9,7,0.020035384,0.395034075,1.700168371,31.36396599,10.8895205,3.64389196,0.64591831,6.632208347,0.261905611,10.767897605895996,0.0,0.30072149634361267,30.159725189208984,2.330385684967041
80.7168,15.5522,2016,9,7,0.020035384,0.395034075,1.700168371,31.36396599,10.8895205,3.64389196,0.64591831,6.632208347,0.261905611,10.767897605895996,0.0,0.30072149634361267,30.159725189208984,2.330385684967041
80.8015,15.6373,2016,9,7,0.013689196,0.401587844,1.865795374,31.35074615,10.35230532,3.827667981,0.627034962,6.931652546,0.156279132,10.767897605895996,0.0,0.37918421626091003,30.096288681030273,2.1412315368652344
80.2747,16.751,2016,9,8,0.0,0.206505239,2.027239561,32.58626938,2.574503236,4.246091843,0.399674296,3.889169216,0.0,10.767897605895996,0.0,0.19132089614868164,31.19921875,2.172013521194458
80.5538,15.8913,2016,9,8,0.0,0.294582337,1.927458286,31.43918991,4.715907574,5.922300741,0.431462854,5.772277355,0.0,10.767897605895996,0.0,0.2833801805973053,30.184152603149414,2.2063255310058594
80.041,17.3315,2016,9,9,0.0,0.292984813,2.224137306,33.00489807,4.322463647,-0.327836024,2.175888538,2.950996399,0.0,10.767897605895996,0.0,0.28544315695762634,31.52200698852539,2.1985738277435303
80.8157,11.9223,2016,9,10,0.455208868,0.459950447,-0.555179596,31.22477913,6.995560974,9.50172171,0.732031703,8.302682877,0.935958982,10.767897605895996,515.6469099,0.4408356249332428,30.257905960083008,0.6551207304000854
80.6303,8.533,2016,9,11,0.756400645,0.601145804,-0.967462838,31.97101593,1.880288497,0.83950609,1.094656229,8.900788307,1.258584261,10.767897605895996,0.0,0.4025915563106537,30.665569305419922,0.23218171298503876
80.3028,5.46367,2016,9,12,0.469422489,0.405045778,1.370918274,32.11536789,-3.132861853,2.611389384,0.41231364,8.906227112,0.739527464,10.767897605895996,0.0,0.3742659091949463,31.324983596801758,2.8139190673828125
80.4608,7.04817,2016,9,12,0.637434423,0.425633788,0.118546896,32.13320923,3.500364721,-1.535400748,0.418156713,8.809455872,1.091633081,10.767897605895996,0.0,0.34500667452812195,31.18918800354004,2.510629177093506
79.643,5.14117,2016,9,13,0.007876998,0.213628411,3.131792307,33.43810654,-1.90572273,10.95727012,0.229472339,4.613213539,0.250689715,10.767897605895996,0.0,0.24822986125946045,32.2012939453125,3.4697508811950684
79.896,5.81383,2016,9,13,0.0,0.277735502,3.247917175,33.41133881,-2.020530589,12.62881458,0.235417247,7.263393879,0.0,10.767897605895996,0.0,0.23340333998203278,32.610416412353516,3.952568531036377
79.6628,8.47233,2016,9,14,0.0,0.413659394,6.069601059,35.14508438,7.708776742,9.291765094,3.630422115,5.035588264,0.0,41.67626190185547,0.0,0.33386263251304626,34.701168060302734,6.05919885635376
79.668,9.05483,2016,9,14,0.0,0.432806641,5.977390766,35.13205719,9.531776607,10.12746319,4.224320889,4.614067554,0.0,40.23676300048828,0.0,0.33906057476997375,34.70402145385742,5.90364933013916
72.2503,19.6167,2016,11,21,0.0,0.088020824,7.33159399,34.9265213,8.774034679,1.759489253,0.001078475,6.156821251,0.0,70.62948608398438,0.0,0.08740778267383575,34.681800842285156,7.289940357208252
73.4997,19.3338,2016,11,21,0.0,0.088895567,5.733469486,34.96784592,2.269931324,-0.392706366,0.000762264,4.71807766,0.0,82.24089050292969,0.0,0.08509915322065353,34.74256134033203,6.234665870666504
74.0,19.2173,2016,11,21,0.0,0.086551629,5.413437366,34.96121979,7.847823948,1.184050646,0.000580853,5.547822952,0.0,74.78961944580078,0.0,0.07794147729873657,34.823875427246094,6.174984931945801
71.4078,151.0502,2017,8,30,0.0,1.289711356,6.390758514,18.67567062,-23.65428209,23.10129851,16.1783886,0.37733525,0.0,11.01242446899414,23.97008257,0.0,0.0,0.0
71.41,151.04,2017,8,30,0.0,1.289711356,6.390758514,18.67567062,-23.65428209,23.10129851,16.1783886,0.37733525,0.0,11.01242446899414,,0.0,0.0,0.0
71.4224,151.0173,2017,8,30,0.0,1.289711356,6.390758514,18.67567062,-23.65428209,23.10129851,16.1783886,0.37733525,0.0,11.01242446899414,98.62672105,0.0,0.0,0.0
71.43,151.02,2017,9,1,0.0,1.532818079,6.925516605,18.65001869,18.05858016,-14.24800903,20.49957275,0.607563436,0.0,10.767897605895996,,0.0,0.0,0.0
71.4321,150.9496,2017,9,1,0.0,1.532818079,6.925516605,18.65001869,18.05858016,-14.24800903,20.49957275,0.607563436,0.0,10.767897605895996,23.26123579,0.0,0.0,0.0
71.42,151.05,2017,9,3,0.0,1.653156996,6.937543869,17.97691154,-13.88572305,2.501508035,25.82767868,1.028682709,0.0,10.767897605895996,,0.0,0.0,0.0
71.4254,151.0451,2017,9,3,0.0,1.653156996,6.937543869,17.97691154,-13.88572305,2.501508035,25.82767868,1.028682709,0.0,10.767897605895996,576.2006205,0.0,0.0,0.0
71.41,151.16,2017,9,4,0.0,1.329913974,7.162616253,18.84121132,-10.10351107,-0.839673635,16.65384674,0.373821855,0.0,11.124089241027832,,0.0,0.0,0.0
71.4167,151.0383,2017,9,4,0.0,1.483823061,7.043450356,18.32331276,-9.495073557,-2.148609608,19.59668732,0.677586138,0.0,10.767897605895996,300.9572918,0.0,0.0,0.0
71.43,151.04,2017,9,4,0.0,1.483823061,7.043450356,18.32331276,-9.495073557,-2.148609608,19.59668732,0.677586138,0.0,10.767897605895996,,0.0,0.0,0.0
71.66,149.97,2017,9,8,0.0,2.355844259,5.73679018,16.35840797,-5.346784741,-2.912170812,33.70118332,1.541171908,0.0,10.767897605895996,,0.0,0.0,0.0
71.38,151.07,2017,9,9,0.0,1.310073018,5.873674393,18.34716415,16.68630093,-13.30437362,17.11470413,0.706457615,0.0,10.874529838562012,,0.0,0.0,0.0
71.971,150.0505,2017,9,9,0.0,2.62250495,5.688034534,17.17502594,9.081532061,-29.86091971,26.14699554,1.000947595,0.0,10.793344497680664,373.92437128,2.8177566528320312,16.157751083374023,5.963708877563477
71.35,152.69,2017,9,13,0.0,1.099285126,4.616314411,19.81541252,-1.39313126,-0.390125555,13.4666748,0.063222051,0.0,12.0,,1.2218267917633057,18.665512084960938,4.342836856842041
71.37,152.36,2017,9,13,0.0,1.378348231,4.461740494,19.19434929,-2.165957354,4.493065551,16.54458809,0.15081583,0.0,12.0,,1.1924773454666138,16.636491775512695,3.875602960586548
71.38,152.72,2017,9,13,0.0,1.47424674,4.526507854,20.16656685,3.840235621,-3.970131278,15.945755,0.145808712,0.0,12.264097213745115,,1.2218267917633057,18.665512084960938,4.342836856842041
71.4,152.46,2017,9,13,0.0,1.739452839,4.437270164,19.66845703,1.715922914,-2.588701434,18.68758202,0.211451307,0.0,12.17060661315918,,1.1924773454666138,16.636491775512695,3.875602960586548
71.4,152.73,2017,9,13,0.0,1.47424674,4.526507854,20.16656685,3.840235621,-3.970131278,15.945755,0.145808712,0.0,12.264097213745115,,1.2218267917633057,18.665512084960938,4.342836856842041
71.44,152.54,2017,9,13,0.0,1.739452839,4.437270164,19.66845703,1.715922914,-2.588701434,18.68758202,0.211451307,0.0,12.17060661315918,,1.2218267917633057,18.665512084960938,4.342836856842041
71.65,152.48,2017,9,14,0.0,1.013660192,4.015392303,21.73108864,2.623400837,-5.99222593,7.816096306,0.013785124,0.0,13.89857006072998,,1.85186767578125,18.466623306274414,3.8985514640808105
71.277,152.1659,2018,8,8,0.0,2.029824257,1.826527119,20.64946938,-7.948747277,13.11979145,19.68760872,2.009078026,0.0,10.874197959899902,,2.2050716876983643,19.43742561340332,1.8840841054916382
71.3734,152.0957,2018,8,8,0.0,2.305433035,1.718424201,20.03487778,-8.389799297,15.40121287,21.36357117,2.740030527,0.0,10.767897605895996,,2.2050716876983643,19.43742561340332,1.8840841054916382
71.5357,151.9224,2018,8,8,0.0,1.694714785,1.811994672,21.38734627,-16.53161645,14.83549923,13.94097137,1.892204762,0.0,10.79454517364502,,1.424820899963379,20.114173889160156,1.7964969873428345
71.1411,151.6192,2018,8,11,0.0,2.239850044,3.183157444,20.59888268,-22.67514318,31.23473823,25.69599724,1.022726655,0.0,11.064705848693848,,0.0,0.0,0.0
71.2012,151.587,2018,8,11,0.0,2.239850044,3.183157444,20.59888268,-22.67514318,31.23473823,25.69599724,1.022726655,0.0,11.064705848693848,,0.0,0.0,0.0
71.3329,151.4838,2018,8,11,0.0,2.239850044,3.183157444,20.59888268,-22.67514318,31.23473823,25.69599724,1.022726655,0.0,11.064705848693848,,0.0,0.0,0.0
71.4103,151.2785,2018,8,11,0.0,2.337421894,3.112702608,20.61401939,-25.91715157,29.64314222,30.71806717,1.628252625,0.0,10.767897605895996,,0.0,0.0,0.0
71.3727,152.3938,2018,8,13,0.0,0.988708198,2.780952454,21.68294334,-5.827952921,12.91175485,3.846868515,0.045809824,0.0,10.767897605895996,,1.344335675239563,20.432382583618164,2.946242094039917
71.4093,152.4675,2018,8,13,0.0,0.971321106,2.381172419,21.82655716,-15.33038318,15.05886018,7.563285828,0.164956719,0.0,10.767897605895996,,1.344335675239563,20.432382583618164,2.946242094039917
71.4438,152.5653,2018,8,13,0.0,0.971321106,2.381172419,21.82655716,-15.33038318,15.05886018,7.563285828,0.164956719,0.0,10.767897605895996,,0.966360867023468,20.715736389160156,2.5162503719329834
71.3824,152.746,2018,8,14,0.0,1.054214597,2.495991468,21.20234108,-4.505210742,6.167937443,8.837591171,0.159873262,0.0,10.767897605895996,,0.9833299517631531,20.61899185180664,2.726616382598877
71.4617,152.6198,2018,8,14,0.0,0.990570426,2.68333745,21.56665421,-4.661946371,8.741959184,7.20895195,0.126287967,0.0,10.767897605895996,,0.9833299517631531,20.61899185180664,2.726616382598877
71.51,152.4018,2018,8,14,0.0,0.990570426,2.68333745,21.56665421,-4.661946371,8.741959184,7.20895195,0.126287967,0.0,10.767897605895996,,0.8838744759559631,21.005144119262695,2.3306941986083984
71.5592,152.1911,2018,8,14,0.0,0.953422189,2.912936449,21.79052353,-4.949454218,11.14462316,5.729458332,0.087547161,0.0,10.767897605895996,,1.0121636390686035,20.890819549560547,2.677711248397827
71.3598,152.9933,2018,8,16,0.0,0.959227026,3.275261402,21.30961037,9.777748585,-3.680342436,2.117429495,0.023635518,0.0,10.767897605895996,,1.0259307622909546,20.57414436340332,3.048814058303833
71.4573,151.2909,2018,8,16,0.0,1.993778586,4.831754684,19.69641495,17.70796627,-14.61254805,28.14118195,1.784814119,0.0,10.767897605895996,,0.0,0.0,0.0
71.4678,151.0233,2018,8,20,0.0,1.808162093,4.574026108,19.54369926,-25.17388761,19.69444752,28.35661697,1.277119637,0.0,10.767897605895996,,0.0,0.0,0.0
71.1836,151.602,2018,8,21,0.0,0.896863461,4.970928192,21.03997421,-22.12352753,21.75153494,6.632482529,0.073857903,0.0,11.142134666442873,,0.0,0.0,0.0
71.2654,151.556,2018,8,21,0.0,0.896863461,4.970928192,21.03997421,-22.12352753,21.75153494,6.632482529,0.073857903,0.0,11.142134666442873,,1.092550277709961,20.20513916015625,4.772770881652832
71.3619,151.4865,2018,8,21,0.0,0.896863461,4.970928192,21.03997421,-22.12352753,21.75153494,6.632482529,0.073857903,0.0,11.142134666442873,,0.0,0.0,0.0
71.4586,151.4209,2018,8,21,0.0,0.963935375,5.106892586,21.35239029,-31.41886592,19.52286512,6.641211033,0.043802775,0.0,11.441068649291992,502.5240315,0.0,0.0,0.0
71.4832,151.0052,2018,8,22,0.0,1.103201032,4.961288452,20.08349419,-6.245801225,5.422195792,20.7936573,1.098091722,0.0,10.767897605895996,,0.0,0.0,0.0
71.2715,152.1763,2018,8,23,0.0,0.640467227,4.878675461,21.07357979,-3.304047883,0.865123887,3.446496964,0.033491485,0.0,10.767897605895996,,0.8118482232093811,20.26658058166504,4.608504772186279
71.3668,152.4009,2018,8,23,0.0,0.717221498,4.614598751,21.04384995,-3.783478588,1.302934252,2.144166708,0.003755953,0.0,10.767897605895996,,0.8159728050231934,20.235214233398438,4.45653772354126
71.3754,152.0918,2018,8,23,0.0,0.755682826,4.915553093,21.33316803,-4.004833475,2.325478196,2.233991385,0.005036859,0.0,10.767897605895996,,0.8118482232093811,20.26658058166504,4.608504772186279
71.4739,151.9916,2018,8,23,0.0,0.755682826,4.915553093,21.33316803,-4.004833475,2.325478196,2.233991385,0.005036859,0.0,10.767897605895996,,0.8216158151626587,20.263181686401367,4.62647008895874
